Community,Tag,Content,Source
Diabetes,Diet,"Start your day with a fiber-rich breakfast like oats, chia seeds, or whole-grain toast.",original
Diabetes,Diet,Include leafy greens like spinach and kale to regulate blood sugar naturally.,original
Diabetes,Diet,Replace white rice with brown rice or quinoa for a lower glycemic index meal.,original
Diabetes,Diet,Add cinnamon to your diet as it may help improve insulin sensitivity.,original
Diabetes,Diet,Drink enough water throughout the day to prevent dehydration and sugar buildup.,original
Diabetes,Diet,Snack on almonds or walnuts instead of sugary or fried snacks.,original
Diabetes,Diet,Avoid skipping meals; it can cause unwanted spikes and drops in blood sugar.,original
Diabetes,Diet,"Choose low-GI fruits like berries, apples, and guava for better glucose control.",original
Diabetes,Diet,Use olive oil or mustard oil for cooking instead of butter or margarine.,original
Diabetes,Diet,Eat smaller portions more frequently to maintain steady energy levels.,original
Diabetes,Diet,"Avoid sugary drinks and choose water, lemon water, or green tea instead.",original
Diabetes,Diet,"Include lentils, beans, and legumes as a great source of protein and fiber.",original
Diabetes,Diet,Add flaxseeds or chia seeds to your smoothies for extra omega-3 and fiber.,original
Diabetes,Diet,Avoid processed foods that contain hidden sugars and trans fats.,original
Diabetes,Diet,Keep your plate colorful with vegetables to ensure nutrient balance.,original
Diabetes,Diet,"Limit your intake of white bread, pastries, and processed grains.",original
Diabetes,Diet,Enjoy homemade soups with fresh vegetables rather than canned soups.,original
Diabetes,Diet,"Include lean proteins like fish, chicken, or tofu in your daily meals.",original
Diabetes,Diet,Avoid overeating even healthy foods; portion control is key to balance.,original
Diabetes,Diet,Plan your meals in advance to avoid unhealthy food choices.,original
Diabetes,Diet,Replace sugary desserts with fruits or yogurt topped with nuts.,original
Diabetes,Diet,Opt for grilled or steamed dishes instead of deep-fried foods.,original
Diabetes,Diet,"Avoid using too much salt, as diabetes can increase blood pressure risk.",original
Diabetes,Diet,Have your dinner at least two hours before bedtime for better digestion.,original
Diabetes,Diet,Choose whole fruits instead of fruit juices to retain natural fiber.,original
Diabetes,Diet,Avoid packaged snacks that advertise 'sugar-free' but contain hidden carbs.,original
Diabetes,Diet,Mix protein and fiber in every meal for slow glucose release.,original
Diabetes,Diet,Drink herbal teas like fenugreek or ginger tea to aid blood sugar control.,original
Diabetes,Diet,Check food labels for added sugars before buying packaged foods.,original
Diabetes,Diet,Avoid refined sugar by using natural sweeteners like stevia in moderation.,original
Diabetes,Diet,Eat home-cooked meals more often to control ingredients and quality.,original
Diabetes,Diet,Limit starchy foods like potatoes; replace them with sweet potatoes occasionally.,original
Diabetes,Diet,Include sprouts in salads for better digestion and nutrition.,original
Diabetes,Diet,Use smaller plates to help control portions and reduce calorie intake.,original
Diabetes,Diet,Make sure every meal includes vegetables to improve fiber intake.,original
Diabetes,Diet,Snack on roasted chickpeas or makhana instead of fried items.,original
Diabetes,Diet,Avoid fruit juices and smoothies made with added sugar or milk powder.,original
Diabetes,Diet,Always eat breakfast to prevent sudden drops in blood sugar later in the day.,original
Diabetes,Diet,Avoid heavy meals at night to keep glucose levels stable during sleep.,original
Diabetes,Diet,Replace sugary cereals with oats or multigrain flakes for breakfast.,original
Diabetes,Diet,"Cook with less oil; try boiling, grilling, or baking instead of frying.",original
Diabetes,Diet,Avoid artificial sweeteners over long periods as they may affect metabolism.,original
Diabetes,Diet,Add turmeric to your food; it has anti-inflammatory and glucose-regulating properties.,original
Diabetes,Diet,Eat slowly and chew your food properly to improve digestion and satiety.,original
Diabetes,Diet,Limit alcohol as it can interfere with blood sugar control and medications.,original
Diabetes,Diet,"Choose snacks with protein, such as Greek yogurt or boiled eggs.",original
Diabetes,Diet,Include bitter gourd or fenugreek in your meals; they help control sugar naturally.,original
Diabetes,Diet,Avoid processed breakfast items like pancakes or sugary smoothies.,original
Diabetes,Diet,Always pair carbs with proteins to prevent glucose spikes.,original
Diabetes,Diet,Keep track of your meals in a food diary to identify triggers and improve habits.,original
Diabetes,Exercise,Start with a 10-minute walk after each meal to help control blood sugar levels.,original
Diabetes,Exercise,"Aim for at least 30 minutes of moderate exercise daily, such as brisk walking or cycling.",original
Diabetes,Exercise,Stretch before and after workouts to prevent injury and improve flexibility.,original
Diabetes,Exercise,"Try yoga to enhance flexibility, reduce stress, and support better glucose management.",original
Diabetes,Exercise,Use light weights or resistance bands to build muscle and improve insulin sensitivity.,original
Diabetes,Exercise,Include strength training twice a week to help your body use glucose more efficiently.,original
Diabetes,Exercise,Climb stairs instead of taking the elevator to increase daily physical activity.,original
Diabetes,Exercise,Dancing is a fun way to stay active and improve heart health for diabetics.,original
Diabetes,Exercise,Take short breaks from sitting every hour to move around and stretch your legs.,original
Diabetes,Exercise,"Try swimming or water aerobics, which are gentle on the joints and great for stamina.",original
Diabetes,Exercise,Always check your blood sugar before and after exercise to monitor its impact.,original
Diabetes,Exercise,Keep hydrated during workouts as dehydration can affect blood sugar levels.,original
Diabetes,Exercise,Wear proper footwear to protect your feet from blisters and injuries during exercise.,original
Diabetes,Exercise,Set realistic goals and increase your workout intensity gradually over time.,original
Diabetes,Exercise,Combine cardio and resistance workouts for a balanced fitness routine.,original
Diabetes,Exercise,Use a fitness tracker or app to monitor your steps and stay motivated.,original
Diabetes,Exercise,Engage in activities you enjoy so that you stay consistent with your exercise routine.,original
Diabetes,Exercise,Try cycling in the park to boost mood and improve cardiovascular health.,original
Diabetes,Exercise,Walking your dog daily can be a simple yet effective form of exercise.,original
Diabetes,Exercise,Warm up for 5 minutes before starting any workout to prepare your muscles.,original
Diabetes,Exercise,Practice deep breathing exercises to reduce stress and maintain glucose control.,original
Diabetes,Exercise,Join a group exercise class to stay accountable and consistent.,original
Diabetes,Exercise,Gardening is a light physical activity that helps you move while staying productive.,original
Diabetes,Exercise,Schedule your workouts at the same time each day to create a healthy habit.,original
Diabetes,Exercise,Take a short walk after lunch or dinner to help digestion and glucose control.,original
Diabetes,Exercise,"Try Tai Chi, which improves balance, reduces stress, and enhances circulation.",original
Diabetes,Exercise,Avoid overexertion. Listen to your body and rest when you feel fatigued.,original
Diabetes,Exercise,"Incorporate simple home workouts like squats, lunges, and push-ups.",original
Diabetes,Exercise,"Set step goals, such as walking 7,000 to 10,000 steps daily, for consistent movement.",original
Diabetes,Exercise,Do household chores like sweeping or mopping to stay active throughout the day.,original
Diabetes,Exercise,"If you work at a desk, do chair exercises or stand periodically to move your legs.",original
Diabetes,Exercise,Morning workouts can improve your metabolism and stabilize blood sugar early in the day.,original
Diabetes,Exercise,Practice balance exercises to improve stability and reduce the risk of falls.,original
Diabetes,Exercise,Always keep a small healthy snack nearby during workouts in case of low blood sugar.,original
Diabetes,Exercise,Try interval training with alternating high and low intensity for better glucose control.,original
Diabetes,Exercise,Consistency is more important than intensity. Move every day even if it's light activity.,original
Diabetes,Exercise,Invite a friend to join your walks or workouts for fun and motivation.,original
Diabetes,Exercise,Track your progress and celebrate milestones to keep your morale high.,original
Diabetes,Exercise,"If weather limits outdoor activity, follow guided indoor workout videos online.",original
Diabetes,Exercise,Do gentle stretching before bedtime to relax your body and improve sleep.,original
Diabetes,Exercise,"Avoid long periods of inactivity, even on rest days. Stay lightly active.",original
Diabetes,Exercise,Involve your family in physical activities for better motivation and bonding.,original
Diabetes,Exercise,Walking after meals helps lower blood sugar spikes effectively.,original
Diabetes,Exercise,Don't skip your rest days. Allow muscles to recover properly.,original
Diabetes,Exercise,"If you have joint pain, opt for low-impact workouts like cycling or swimming.",original
Diabetes,Exercise,Listen to music while exercising to make workouts enjoyable and reduce stress.,original
Diabetes,Exercise,Keep your posture straight during exercise to prevent back strain.,original
Diabetes,Exercise,Always start slow if you're new to exercise and increase intensity over weeks.,original
Diabetes,Exercise,Consult your doctor before starting any new fitness routine for safety.,original
Diabetes,Exercise,Celebrate your progress. Every step you take improves your health and confidence.,original
Diabetes,Awareness,"Diabetes is not just about sugar. It affects your heart, kidneys, eyes, and nerves too.",original
Diabetes,Awareness,Over 77 million people in India are living with diabetes. Awareness is the first step toward control.,original
Diabetes,Awareness,Type 2 diabetes is often preventable through lifestyle changes like healthy eating and exercise.,original
Diabetes,Awareness,Frequent thirst and urination can be early signs of diabetes. Do not ignore them.,original
Diabetes,Awareness,Regular blood sugar testing helps detect diabetes early and manage it effectively.,original
Diabetes,Awareness,"Type 1 diabetes occurs when the body cannot produce insulin, while Type 2 means insulin is not used properly.",original
Diabetes,Awareness,Family history increases your risk of diabetes. Get screened regularly if it runs in your family.,original
Diabetes,Awareness,Gestational diabetes can occur during pregnancy and needs careful monitoring for mother and baby.,original
Diabetes,Awareness,Maintaining a healthy weight helps lower your risk of developing diabetes.,original
Diabetes,Awareness,You can live a healthy life with diabetes by maintaining good blood sugar control.,original
Diabetes,Awareness,Poorly managed diabetes can lead to complications like kidney disease and vision loss.,original
Diabetes,Awareness,Checking your HbA1c levels gives you an average of blood sugar over the past three months.,original
Diabetes,Awareness,Regular eye exams are important since diabetes can cause vision problems like retinopathy.,original
Diabetes,Awareness,Smoking increases diabetes complications. Quitting smoking improves blood circulation and health.,original
Diabetes,Awareness,Diabetes does not mean giving up sweets completely. It means eating them wisely and in moderation.,original
Diabetes,Awareness,Healthy lifestyle habits can delay or even prevent the onset of Type 2 diabetes.,original
Diabetes,Awareness,Many people with diabetes don't experience symptoms initially. Routine checkups are crucial.,original
Diabetes,Awareness,High blood sugar levels can damage blood vessels and nerves over time.,original
Diabetes,Awareness,Diabetes increases the risk of heart disease and stroke. Keep both blood sugar and blood pressure in control.,original
Diabetes,Awareness,Foot care is essential for people with diabetes to prevent infections and ulcers.,original
Diabetes,Awareness,Stress can raise blood sugar levels. Managing stress is an important part of diabetes care.,original
Diabetes,Awareness,Uncontrolled diabetes can cause nerve damage leading to numbness in hands and feet.,original
Diabetes,Awareness,"Diabetes management includes diet, exercise, medication, and regular monitoring.",original
Diabetes,Awareness,Avoid skipping meals if you have diabetes. It can lead to blood sugar fluctuations.,original
Diabetes,Awareness,Insulin is a hormone that helps the body use glucose for energy. It is vital for people with diabetes.,original
Diabetes,Awareness,Being overweight is one of the major risk factors for Type 2 diabetes.,original
Diabetes,Awareness,A simple blood test can diagnose diabetes. Do not delay testing if you notice symptoms.,original
Diabetes,Awareness,"Low blood sugar, also called hypoglycemia, can be dangerous. Always carry a small snack.",original
Diabetes,Awareness,Diabetes can affect mental health. Support and counseling can help maintain emotional well-being.,original
Diabetes,Awareness,Early diagnosis and proper care can prevent most diabetes-related complications.,original
Diabetes,Awareness,Women with polycystic ovary syndrome (PCOS) are at a higher risk of developing diabetes.,original
Diabetes,Awareness,Monitoring carbohydrate intake helps manage blood sugar levels effectively.,original
Diabetes,Awareness,"A balanced diet, rich in vegetables and whole grains, supports healthy glucose control.",original
Diabetes,Awareness,"Know your numbers: fasting glucose, post-meal glucose, and HbA1c are key diabetes indicators.",original
Diabetes,Awareness,Lack of physical activity contributes to insulin resistance and Type 2 diabetes.,original
Diabetes,Awareness,"Diabetes does not have a cure yet, but it can be managed through consistent care.",original
Diabetes,Awareness,Technology like continuous glucose monitors can help track sugar levels in real time.,original
Diabetes,Awareness,Skipping medication can cause sudden spikes or drops in blood sugar. Follow your doctor's advice strictly.,original
Diabetes,Awareness,Sleep quality affects blood sugar control. Aim for 7 to 8 hours of restful sleep every night.,original
Diabetes,Awareness,"Diabetes can occur at any age, even in children and young adults.",original
Diabetes,Awareness,Healthy eating habits should start early to prevent future diabetes risk.,original
Diabetes,Awareness,Educating others about diabetes helps create a more supportive community.,original
Diabetes,Awareness,Awareness campaigns play a key role in reducing the global burden of diabetes.,original
Diabetes,Awareness,"Symptoms like fatigue, blurred vision, and slow-healing wounds should never be ignored.",original
Diabetes,Awareness,Managing diabetes is not just about medication but also about making informed daily choices.,original
Diabetes,Awareness,Diabetes can be silent for years. Preventive checkups after age 35 are recommended.,original
Diabetes,Awareness,"Know the difference between Type 1, Type 2, and gestational diabetes to take the right precautions.",original
Diabetes,Awareness,Avoid excessive sugary snacks and beverages to reduce your diabetes risk.,original
Diabetes,Awareness,Simple lifestyle changes like walking and portion control can make a big difference.,original
Diabetes,Awareness,"Spread awareness in your community. The more people know, the better they can prevent and manage diabetes.",original
Diabetes,MythVsFact,"Myth: Eating sugar causes diabetes. Fact: Diabetes is caused by genetics, lifestyle, and insulin resistance, not sugar alone.",original
Diabetes,MythVsFact,Myth: People with diabetes cannot eat sweets. Fact: They can enjoy them occasionally in small portions with proper monitoring.,original
Diabetes,MythVsFact,Myth: Only overweight people get diabetes. Fact: Even people with normal weight can develop Type 2 diabetes.,original
Diabetes,MythVsFact,Myth: Diabetes is contagious. Fact: Diabetes cannot be spread from one person to another.,original
Diabetes,MythVsFact,"Myth: If you have diabetes, you must avoid all fruits. Fact: Many fruits are safe when eaten in moderation.",original
Diabetes,MythVsFact,Myth: Insulin is a last resort. Fact: Insulin is a vital treatment that some people need right from diagnosis.,original
Diabetes,MythVsFact,Myth: People with diabetes cannot exercise. Fact: Regular exercise helps control blood sugar and improves insulin sensitivity.,original
Diabetes,MythVsFact,Myth: Type 2 diabetes is mild. Fact: All types of diabetes are serious and can lead to complications if not managed.,original
Diabetes,MythVsFact,"Myth: If you take medication, you do not need diet control. Fact: Medication works best with proper diet and exercise.",original
Diabetes,MythVsFact,Myth: Diabetes means you will go blind. Fact: Proper management prevents or delays eye complications.,original
Diabetes,MythVsFact,Myth: Only older adults get diabetes. Fact: Type 2 diabetes is increasingly affecting younger people and even children.,original
Diabetes,MythVsFact,Myth: People with diabetes should eat special 'diabetic foods'. Fact: A healthy balanced diet is enough; special foods are not required.,original
Diabetes,MythVsFact,Myth: Skipping meals helps control diabetes. Fact: Skipping meals can cause dangerous fluctuations in blood sugar levels.,original
Diabetes,MythVsFact,Myth: Insulin causes dependency. Fact: Insulin replaces what the body cannot produce and does not cause addiction.,original
Diabetes,MythVsFact,Myth: Diabetes can be cured. Fact: Diabetes can be controlled but not cured permanently.,original
Diabetes,MythVsFact,Myth: You can feel when your blood sugar is high or low. Fact: Only proper testing can accurately tell blood sugar levels.,original
Diabetes,MythVsFact,"Myth: If diabetes runs in your family, you will definitely get it. Fact: Family history increases risk but lifestyle can prevent it.",original
Diabetes,MythVsFact,Myth: Carbohydrates should be completely avoided. Fact: Complex carbs are necessary for balanced energy and glucose control.,original
Diabetes,MythVsFact,Myth: Taking herbal remedies can cure diabetes. Fact: No herbal remedy has been proven to cure diabetes completely.,original
Diabetes,MythVsFact,"Myth: Diabetic people cannot live a normal life. Fact: With proper care, diabetics can lead healthy and active lives.",original
Diabetes,MythVsFact,"Myth: Eating too much sugar always causes diabetes. Fact: Excess sugar may contribute to obesity, which increases the risk, but it is not the sole cause.",original
Diabetes,MythVsFact,"Myth: Type 1 and Type 2 diabetes are the same. Fact: They differ in causes, age of onset, and treatment methods.",original
Diabetes,MythVsFact,Myth: Only men get diabetes. Fact: Diabetes affects both men and women equally.,original
Diabetes,MythVsFact,Myth: Insulin is harmful for the body. Fact: Insulin is a life-saving hormone necessary for glucose regulation.,original
Diabetes,MythVsFact,"Myth: Once you start insulin, you can never stop. Fact: Some patients may switch to tablets if their condition improves.",original
Diabetes,MythVsFact,Myth: You cannot eat rice if you have diabetes. Fact: You can eat small portions of brown rice or paired with fiber and protein.,original
Diabetes,MythVsFact,Myth: Artificial sweeteners are always safe. Fact: Some may affect insulin response; use them cautiously.,original
Diabetes,MythVsFact,Myth: Diabetes means frequent hospital visits. Fact: Regular checkups and lifestyle control reduce hospitalizations.,original
Diabetes,MythVsFact,"Myth: If you are on medication, you can eat whatever you want. Fact: Medication does not replace healthy eating habits.",original
Diabetes,MythVsFact,Myth: Natural sugar like honey is safe for diabetics. Fact: Honey still raises blood sugar levels and should be used sparingly.,original
Diabetes,MythVsFact,Myth: Stress does not affect blood sugar. Fact: Stress increases blood sugar levels through hormonal changes.,original
Diabetes,MythVsFact,Myth: Diabetic patients cannot fast. Fact: Fasting is possible with medical advice and careful monitoring.,original
Diabetes,MythVsFact,Myth: Low blood sugar is not dangerous. Fact: Hypoglycemia can be life-threatening and must be treated immediately.,original
Diabetes,MythVsFact,"Myth: Diabetes only affects blood sugar. Fact: It can impact heart, eyes, kidneys, and nerves if not controlled.",original
Diabetes,MythVsFact,"Myth: Once your sugar is controlled, you can stop medication. Fact: Stopping medication without advice can cause complications.",original
Diabetes,MythVsFact,Myth: You can diagnose diabetes based on symptoms alone. Fact: Only blood tests can confirm diabetes.,original
Diabetes,MythVsFact,Myth: Diabetics should avoid all fats. Fact: Healthy fats like nuts and olive oil are beneficial in moderation.,original
Diabetes,MythVsFact,Myth: You cannot enjoy dining out with diabetes. Fact: Choose healthy options and watch portions to stay on track.,original
Diabetes,MythVsFact,Myth: Only people who eat junk food get diabetes. Fact: Genetics and inactivity also play a major role.,original
Diabetes,MythVsFact,"Myth: Diabetes medications damage kidneys. Fact: Uncontrolled diabetes is what damages kidneys, not medications.",original
Diabetes,MythVsFact,Myth: Diabetes is caused by eating too much sweet food. Fact: It results from complex factors including insulin resistance.,original
Diabetes,MythVsFact,Myth: Fruit juices are healthy for diabetics. Fact: Juices raise blood sugar quickly due to lack of fiber.,original
Diabetes,MythVsFact,"Myth: Diabetes always leads to complications. Fact: With good control, complications can be prevented.",original
Diabetes,MythVsFact,Myth: You do not need to check blood sugar daily. Fact: Regular monitoring is key to effective diabetes management.,original
Diabetes,MythVsFact,Myth: Diabetes means giving up your favorite foods. Fact: You can enjoy them in moderation with smart planning.,original
Diabetes,MythVsFact,"Myth: Only insulin can control diabetes. Fact: Diet, exercise, and oral medication also play a vital role.",original
Diabetes,MythVsFact,Myth: Diabetes cannot be managed without medication. Fact: Some people can manage it with diet and exercise under supervision.,original
Diabetes,MythVsFact,Myth: You cannot build muscle with diabetes. Fact: Strength training helps improve insulin sensitivity and muscle health.,original
Diabetes,MythVsFact,"Myth: Diabetic people should eat less food overall. Fact: The focus should be on balanced meals, not restriction.",original
Diabetes,MythVsFact,"Myth: Once diabetic, you cannot live long. Fact: With proper care, diabetics can live long, fulfilling lives.",original
Diabetes,Motivation,Every small healthy choice you make today is a step toward a better tomorrow.,original
Diabetes,Motivation,"Diabetes may be part of your life, but it does not define who you are.",original
Diabetes,Motivation,You are stronger than you think. Managing diabetes takes courage and consistency.,original
Diabetes,Motivation,"Progress, not perfection, is the key to a healthy diabetic journey.",original
Diabetes,Motivation,"Celebrate every victory, even if it is as small as keeping your sugar levels stable.",original
Diabetes,Motivation,"Your health journey is personal. Focus on your goals, not comparisons.",original
Diabetes,Motivation,Consistency in small habits can lead to big health improvements over time.,original
Diabetes,Motivation,It's never too late to start taking care of your health. Begin today.,original
Diabetes,Motivation,"Your body deserves care and kindness, not punishment or neglect.",original
Diabetes,Motivation,A positive mindset can make managing diabetes a lot easier and more successful.,original
Diabetes,Motivation,Take pride in your progress. Each day you make an effort is a win.,original
Diabetes,Motivation,You are not alone in this journey. Millions manage diabetes and live happily.,original
Diabetes,Motivation,"Your blood sugar reading is just a number, not a reflection of your worth.",original
Diabetes,Motivation,"Believe in your ability to control diabetes, not the other way around.",original
Diabetes,Motivation,"One healthy meal at a time, one workout at a time - keep moving forward.",original
Diabetes,Motivation,Managing diabetes is not about restriction but about making smarter choices.,original
Diabetes,Motivation,"Every day you choose discipline, you choose a better life for yourself.",original
Diabetes,Motivation,You can enjoy life fully with diabetes when you take control with awareness.,original
Diabetes,Motivation,You are your biggest investment. Take care of your health like it matters - because it does.,original
Diabetes,Motivation,"Progress might be slow, but quitting will never speed it up.",original
Diabetes,Motivation,"You cannot change yesterday's readings, but you can make better choices today.",original
Diabetes,Motivation,"Healthy living is a journey. Enjoy the process, not just the results.",original
Diabetes,Motivation,"Even when it feels tough, remember why you started this journey.",original
Diabetes,Motivation,Your body is capable of amazing things when you give it proper care.,original
Diabetes,Motivation,Choose progress over perfection. Every step counts.,original
Diabetes,Motivation,There is no better time to start managing your health than now.,original
Diabetes,Motivation,Be proud of the fact that you are working to improve your health every day.,original
Diabetes,Motivation,Healthy habits do not happen overnight. Stay consistent and patient.,original
Diabetes,Motivation,"Focus on what you can control - your choices, your mindset, your actions.",original
Diabetes,Motivation,"Each time you monitor your sugar levels, you are taking control of your future.",original
Diabetes,Motivation,You are your own best health advocate. Take charge of your well-being.,original
Diabetes,Motivation,The effort you put in today will reward you with strength and confidence tomorrow.,original
Diabetes,Motivation,One positive thought in the morning can change the course of your entire day.,original
Diabetes,Motivation,Celebrate how far you have come rather than worrying about how far you have to go.,original
Diabetes,Motivation,"Managing diabetes is a lifestyle, not a limitation.",original
Diabetes,Motivation,"Take it one meal, one workout, and one checkup at a time.",original
Diabetes,Motivation,"Believe in progress, not perfection - success is built on daily effort.",original
Diabetes,Motivation,You have the power to rewrite your health story through your daily actions.,original
Diabetes,Motivation,A little effort each day adds up to a lifetime of good health.,original
Diabetes,Motivation,Even the smallest step forward is still a step in the right direction.,original
Diabetes,Motivation,Be kind to yourself on the tough days. Progress is not always linear.,original
Diabetes,Motivation,Your health is worth every bit of effort you put into it.,original
Diabetes,Motivation,You are doing great just by choosing to care about your health today.,original
Diabetes,Motivation,Don't let one bad day discourage you. Tomorrow is another chance to do better.,original
Diabetes,Motivation,"Remember, strength grows in moments when you think you can't go on but keep going anyway.",original
Diabetes,Motivation,"Celebrate progress, not perfection - small wins build big confidence.",original
Diabetes,Motivation,A strong mind creates a strong body. Stay focused and optimistic.,original
Diabetes,Motivation,Your journey is unique. Take pride in every effort you make for your health.,original
Diabetes,Motivation,Every effort to manage your diabetes is an act of self-love and self-respect.,original
Diabetes,Motivation,The best project you can ever work on is yourself. Keep going!,original
Diabetes,Checkup,Regular checkups help track your diabetes control and prevent complications.,original
Diabetes,Checkup,Visit your doctor at least every 3 to 6 months to review your diabetes management plan.,original
Diabetes,Checkup,Get your HbA1c test done every 3 months to monitor long-term blood sugar control.,original
Diabetes,Checkup,Eye checkups are essential for detecting early signs of diabetic retinopathy.,original
Diabetes,Checkup,Schedule regular foot exams to prevent infections and ulcers caused by poor circulation.,original
Diabetes,Checkup,Check your blood pressure regularly since diabetes increases heart disease risk.,original
Diabetes,Checkup,Kidney function tests are vital for people with diabetes to detect early damage.,original
Diabetes,Checkup,Do not skip your annual cholesterol test. Diabetes can raise your cholesterol levels.,original
Diabetes,Checkup,Dental checkups are important because high sugar can increase the risk of gum disease.,original
Diabetes,Checkup,Get your blood sugar tested fasting and post-meal to understand your daily patterns.,original
Diabetes,Checkup,Regular health checkups help your doctor adjust medications as needed.,original
Diabetes,Checkup,Monitor your weight regularly to ensure it stays within a healthy range.,original
Diabetes,Checkup,A yearly comprehensive diabetes exam can help detect complications early.,original
Diabetes,Checkup,"Check your feet daily for cuts, blisters, or redness to avoid infections.",original
Diabetes,Checkup,Keep a record of your test results to track progress and trends over time.,original
Diabetes,Checkup,"If you experience blurred vision, schedule an eye exam immediately.",original
Diabetes,Checkup,Regular checkups can help detect silent conditions like high blood pressure or kidney disease.,original
Diabetes,Checkup,Get your lipid profile checked twice a year to monitor cholesterol and triglycerides.,original
Diabetes,Checkup,Discuss your exercise routine and diet plan during each doctor visit for better guidance.,original
Diabetes,Checkup,Regular ECG tests may be recommended since diabetes increases heart risk.,original
Diabetes,Checkup,Check your Vitamin D and B12 levels regularly if you are on long-term medication.,original
Diabetes,Checkup,Schedule an annual full-body health checkup to keep track of your overall wellness.,original
Diabetes,Checkup,Frequent monitoring helps prevent emergencies like hypoglycemia or hyperglycemia.,original
Diabetes,Checkup,"If you notice numbness or tingling in your feet, get your nerves checked immediately.",original
Diabetes,Checkup,Self-monitoring at home helps your doctor make more accurate treatment decisions.,original
Diabetes,Checkup,Always carry your medical history and latest test reports during doctor visits.,original
Diabetes,Checkup,A podiatrist visit once a year can help prevent diabetic foot complications.,original
Diabetes,Checkup,Ask your doctor about recommended vaccination schedules during your checkups.,original
Diabetes,Checkup,Routine blood pressure and heart checkups can help prevent cardiovascular complications.,original
Diabetes,Checkup,Track your blood glucose readings and share them with your doctor regularly.,original
Diabetes,Checkup,A healthy follow-up schedule ensures better control over your blood sugar levels.,original
Diabetes,Checkup,Routine checkups help identify medication side effects early and prevent complications.,original
Diabetes,Checkup,Do not ignore routine blood tests even when you feel fine - prevention is key.,original
Diabetes,Checkup,Check your kidney function with urine microalbumin tests every 6 to 12 months.,original
Diabetes,Checkup,Keep your doctor informed about any new symptoms or lifestyle changes during visits.,original
Diabetes,Checkup,"Stay consistent with your appointments, even when your readings look normal.",original
Diabetes,Checkup,"Get a professional blood sugar test at least twice a year, even if you monitor at home.",original
Diabetes,Checkup,Regular health monitoring helps maintain stable blood sugar and energy levels.,original
Diabetes,Checkup,Set reminders for your upcoming diabetes checkups to stay consistent.,original
Diabetes,Checkup,Blood pressure and cholesterol control go hand in hand with diabetes care.,original
Diabetes,Checkup,Check your blood sugar before and after workouts to understand your body's response.,original
Diabetes,Checkup,Eye exams once a year can prevent diabetic vision loss with early detection.,original
Diabetes,Checkup,"If you take insulin, check with your doctor regularly to adjust doses correctly.",original
Diabetes,Checkup,Discuss stress levels and mental health with your doctor during diabetes reviews.,original
Diabetes,Checkup,Never self-adjust medication doses without a medical checkup.,original
Diabetes,Checkup,Keep your vaccination record updated to prevent infections that worsen diabetes.,original
Diabetes,Checkup,"Blood tests, urine tests, and physical exams together give a full picture of your health.",original
Diabetes,Checkup,Make your checkup a priority. Prevention saves both health and cost.,original
Diabetes,Checkup,Your regular diabetes review is your best chance to stay healthy and active.,original
Diabetes,Checkup,Checkups are not a formality - they are your first line of defense against complications.,original
Diabetes,SelfCare,Check your blood sugar regularly and note the readings to track your progress.,original
Diabetes,SelfCare,Drink enough water throughout the day to stay hydrated and help control blood sugar.,original
Diabetes,SelfCare,Plan your meals ahead to avoid unhealthy food choices when you're hungry.,original
Diabetes,SelfCare,Practice deep breathing or meditation daily to reduce stress and improve glucose levels.,original
Diabetes,SelfCare,Get at least 7 to 8 hours of sleep every night to help balance your hormones and sugar levels.,original
Diabetes,SelfCare,Never skip breakfast. It helps stabilize blood sugar and improves energy levels.,original
Diabetes,SelfCare,Wear comfortable shoes and inspect your feet daily for any cuts or blisters.,original
Diabetes,SelfCare,Take your medication on time every day. Consistency is key to diabetes management.,original
Diabetes,SelfCare,Avoid smoking and limit alcohol consumption to protect your heart and nerves.,original
Diabetes,SelfCare,Include colorful vegetables in your meals for a variety of nutrients and fiber.,original
Diabetes,SelfCare,Keep healthy snacks like nuts or roasted chickpeas handy to avoid sugary foods.,original
Diabetes,SelfCare,Take short walks after every meal to support digestion and sugar control.,original
Diabetes,SelfCare,Avoid eating too late at night to give your body time to regulate sugar levels.,original
Diabetes,SelfCare,Cook your meals at home whenever possible to control ingredients and portions.,original
Diabetes,SelfCare,"Manage your stress with hobbies like reading, music, or gardening.",original
Diabetes,SelfCare,Do not compare your diabetes journey with others. Focus on your own progress.,original
Diabetes,SelfCare,Track your weight regularly to ensure it stays within a healthy range.,original
Diabetes,SelfCare,"Stay consistent with your physical activity, even if it's a simple 20-minute walk.",original
Diabetes,SelfCare,Avoid processed foods that contain hidden sugars and unhealthy fats.,original
Diabetes,SelfCare,Keep your doctor updated on any changes in your health or daily routine.,original
Diabetes,SelfCare,Check your feet and toes every day to prevent unnoticed wounds or infections.,original
Diabetes,SelfCare,Always carry a healthy snack when traveling to avoid unhealthy food options.,original
Diabetes,SelfCare,Use olive oil or mustard oil instead of butter or margarine in your cooking.,original
Diabetes,SelfCare,"Keep a self-care journal to note your meals, sugar levels, and how you feel each day.",original
Diabetes,SelfCare,Avoid skipping meals as it can cause blood sugar fluctuations and fatigue.,original
Diabetes,SelfCare,"Choose water, coconut water, or herbal tea over sugary beverages.",original
Diabetes,SelfCare,Limit salt intake to help manage blood pressure along with blood sugar.,original
Diabetes,SelfCare,Take breaks during long work hours to stretch and relax your body.,original
Diabetes,SelfCare,Keep a regular meal schedule to avoid sudden spikes or drops in sugar levels.,original
Diabetes,SelfCare,"Celebrate your progress, no matter how small. Every step counts.",original
Diabetes,SelfCare,Replace negative self-talk with positive affirmations about your strength and control.,original
Diabetes,SelfCare,"If you feel tired, rest. Listening to your body is an important part of self-care.",original
Diabetes,SelfCare,Keep your glucometer and medical supplies clean and ready for use.,original
Diabetes,SelfCare,Avoid sitting for too long. Stand up and move every 30 minutes if you work at a desk.,original
Diabetes,SelfCare,Wear comfortable clothing that allows proper blood circulation.,original
Diabetes,SelfCare,Try relaxing activities like yoga or gentle stretching in the morning.,original
Diabetes,SelfCare,Check your sugar levels before and after exercise to learn your body's pattern.,original
Diabetes,SelfCare,"Avoid heavy stress, as it can cause hormonal changes affecting blood sugar.",original
Diabetes,SelfCare,Do not ignore small wounds or infections. Seek medical advice promptly.,original
Diabetes,SelfCare,"Set daily health goals, like drinking enough water or eating five servings of veggies.",original
Diabetes,SelfCare,Surround yourself with people who support your healthy lifestyle choices.,original
Diabetes,SelfCare,Take some time each day to relax your mind and reflect on positive things.,original
Diabetes,SelfCare,Wash your feet with warm water daily and dry them properly to prevent infections.,original
Diabetes,SelfCare,Always carry your diabetes ID card or medical alert tag in case of emergency.,original
Diabetes,SelfCare,"Keep your checkup appointments regular, even if you feel fine.",original
Diabetes,SelfCare,Store your insulin or medication as per your doctor's instructions.,original
Diabetes,SelfCare,Smile more and find joy in simple things. A positive attitude supports healing.,original
Diabetes,SelfCare,Make gradual lifestyle changes instead of sudden ones to build lasting habits.,original
Diabetes,SelfCare,Learn to say no to things that disturb your peace or affect your health routine.,original
Diabetes,SelfCare,Remember that self-care is not selfish; it's necessary for your well-being.,original
Heart Attack,Diet,Include more fruits and vegetables in your meals to support heart health.,original
Heart Attack,Diet,Limit salt intake to help maintain healthy blood pressure levels.,original
Heart Attack,Diet,"Choose whole grains like brown rice, oats, and quinoa over refined grains.",original
Heart Attack,Diet,"Opt for grilled, steamed, or baked foods instead of fried dishes.",original
Heart Attack,Diet,"Include foods rich in omega-3 fatty acids such as salmon, flaxseeds, and walnuts.",original
Heart Attack,Diet,Avoid processed foods high in sodium and unhealthy fats.,original
Heart Attack,Diet,Replace butter with olive oil or mustard oil for healthier cooking.,original
Heart Attack,Diet,"Eat more fiber-rich foods like beans, lentils, and whole grains to reduce cholesterol.",original
Heart Attack,Diet,Limit your sugar intake to prevent excess weight gain and high triglycerides.,original
Heart Attack,Diet,Drink plenty of water and avoid sugary beverages like soda and energy drinks.,original
Heart Attack,Diet,Add more leafy greens such as spinach and kale to your daily meals.,original
Heart Attack,Diet,Snack on nuts and seeds instead of chips or fried snacks.,original
Heart Attack,Diet,Control your portion sizes to prevent overeating and maintain a healthy weight.,original
Heart Attack,Diet,Reduce red meat consumption and opt for lean protein sources like fish or tofu.,original
Heart Attack,Diet,Include fruits like berries and apples that are high in antioxidants and fiber.,original
Heart Attack,Diet,Avoid trans fats found in processed snacks and baked goods.,original
Heart Attack,Diet,"Cook with heart-healthy oils like olive, sunflower, or canola oil.",original
Heart Attack,Diet,Avoid excessive alcohol as it can increase blood pressure and weaken the heart.,original
Heart Attack,Diet,Eat home-cooked meals more often to control ingredients and salt levels.,original
Heart Attack,Diet,Choose low-fat or fat-free dairy products for better heart health.,original
Heart Attack,Diet,Avoid skipping meals to prevent overeating later in the day.,original
Heart Attack,Diet,Include foods rich in potassium like bananas and sweet potatoes to balance sodium levels.,original
Heart Attack,Diet,"Plan your meals with balanced portions of protein, carbs, and healthy fats.",original
Heart Attack,Diet,Limit packaged and instant foods as they often contain hidden sodium and fats.,original
Heart Attack,Diet,Drink green tea instead of sugary drinks for antioxidants and better heart health.,original
Heart Attack,Diet,"Eat smaller, more frequent meals to maintain steady energy and digestion.",original
Heart Attack,Diet,Add garlic and herbs for flavor instead of using excess salt or sauces.,original
Heart Attack,Diet,Avoid processed meats like sausages and bacon which are high in saturated fat.,original
Heart Attack,Diet,Include avocados in your meals for healthy fats that support good cholesterol levels.,original
Heart Attack,Diet,Start your day with a heart-healthy breakfast like oatmeal with nuts and fruits.,original
Heart Attack,Diet,Include high-fiber foods to lower cholesterol and maintain good digestion.,original
Heart Attack,Diet,Avoid overeating at night; keep dinners light and nutrient-rich.,original
Heart Attack,Diet,Add lentils and legumes to your diet for plant-based protein and fiber.,original
Heart Attack,Diet,Read food labels to avoid added sugars and trans fats in packaged products.,original
Heart Attack,Diet,Include vitamin-rich fruits like oranges and kiwis that support heart health.,original
Heart Attack,Diet,Cook with minimal oil and avoid deep-fried preparations.,original
Heart Attack,Diet,Keep your caffeine intake moderate to prevent stress on your heart.,original
Heart Attack,Diet,Avoid processed cheese and opt for fresh paneer or low-fat cheese.,original
Heart Attack,Diet,"Include foods rich in magnesium such as almonds, spinach, and whole grains.",original
Heart Attack,Diet,Practice mindful eating by chewing slowly and enjoying your food.,original
Heart Attack,Diet,Choose fresh fruits for dessert instead of sweets or pastries.,original
Heart Attack,Diet,Add a small handful of nuts daily to improve good cholesterol levels.,original
Heart Attack,Diet,Avoid using excessive sauces or dressings that are high in sugar and sodium.,original
Heart Attack,Diet,"Include tomatoes in your diet as they are rich in lycopene, good for the heart.",original
Heart Attack,Diet,Cook with herbs and spices like turmeric and cumin for added heart benefits.,original
Heart Attack,Diet,Replace white bread with whole wheat or multigrain options.,original
Heart Attack,Diet,Eat slowly and avoid distractions while eating to prevent overeating.,original
Heart Attack,Diet,Include probiotics like yogurt to improve digestion and overall health.,original
Heart Attack,Diet,Stay consistent with a balanced diet rather than following extreme diets.,original
Heart Attack,Diet,"A heart-healthy diet is not about restriction, but about smart, balanced choices.",original
Heart Attack,Awareness,"Heart attacks can occur in both men and women, but symptoms may differ between them.",original
Heart Attack,Awareness,"Chest pain, shortness of breath, and dizziness can be early signs of a heart attack.",original
Heart Attack,Awareness,Uncontrolled blood pressure is one of the leading causes of heart attacks.,original
Heart Attack,Awareness,High cholesterol levels can build plaque in arteries and lead to heart disease.,original
Heart Attack,Awareness,Smoking increases the risk of heart attacks by narrowing blood vessels and reducing oxygen supply.,original
Heart Attack,Awareness,Maintaining a healthy weight reduces the strain on your heart and blood vessels.,original
Heart Attack,Awareness,Stress and anxiety can increase heart attack risk if not managed properly.,original
Heart Attack,Awareness,Diabetes significantly raises the risk of heart disease and stroke.,original
Heart Attack,Awareness,Regular exercise strengthens your heart and improves blood circulation.,original
Heart Attack,Awareness,"Eating a balanced diet rich in fruits, vegetables, and whole grains supports heart health.",original
Heart Attack,Awareness,Heart attacks can occur without severe pain; always take mild symptoms seriously.,original
Heart Attack,Awareness,Regular health checkups help detect heart problems before they become serious.,original
Heart Attack,Awareness,"A family history of heart disease increases your risk, so regular screening is important.",original
Heart Attack,Awareness,Avoid trans fats as they increase bad cholesterol and decrease good cholesterol.,original
Heart Attack,Awareness,"High blood pressure often has no symptoms, making regular monitoring essential.",original
Heart Attack,Awareness,Drinking enough water daily supports healthy blood flow and heart function.,original
Heart Attack,Awareness,A sedentary lifestyle is one of the biggest risk factors for heart disease.,original
Heart Attack,Awareness,Avoid excessive salt in your diet to prevent high blood pressure and heart strain.,original
Heart Attack,Awareness,Heart disease is preventable through lifestyle changes and medical monitoring.,original
Heart Attack,Awareness,Poor sleep quality is linked to increased risk of heart disease and high blood pressure.,original
Heart Attack,Awareness,Heart attacks can happen even to young people with unhealthy lifestyles.,original
Heart Attack,Awareness,"Manage your cholesterol levels through diet, exercise, and regular medical checkups.",original
Heart Attack,Awareness,Skipping medications for hypertension or diabetes can increase heart attack risk.,original
Heart Attack,Awareness,Avoid smoking or vaping as both can damage blood vessels and heart tissues.,original
Heart Attack,Awareness,"Pay attention to warning signs like jaw pain or nausea, which can signal heart issues.",original
Heart Attack,Awareness,Regular ECG and cholesterol tests help track your heart's condition over time.,original
Heart Attack,Awareness,Reducing stress through meditation and mindfulness helps protect your heart.,original
Heart Attack,Awareness,A sudden feeling of extreme fatigue can be a symptom of an underlying heart condition.,original
Heart Attack,Awareness,Women may experience heart attack symptoms like shortness of breath or back pain instead of chest pain.,original
Heart Attack,Awareness,Limit alcohol consumption to protect your heart and liver health.,original
Heart Attack,Awareness,"Obesity contributes to high blood pressure and cholesterol, leading to heart problems.",original
Heart Attack,Awareness,Physical inactivity can lead to plaque buildup in arteries over time.,original
Heart Attack,Awareness,"Eat heart-friendly fats like those found in olive oil, avocados, and nuts.",original
Heart Attack,Awareness,Unhealthy sleep patterns can contribute to high blood pressure and heart issues.,original
Heart Attack,Awareness,Regular physical activity lowers LDL cholesterol and increases HDL cholesterol.,original
Heart Attack,Awareness,Take your medications on time to maintain stable blood pressure and heart rhythm.,original
Heart Attack,Awareness,Managing stress and anger reduces your risk of heart attack significantly.,original
Heart Attack,Awareness,A healthy diet and lifestyle can prevent up to 80 percent of heart-related diseases.,original
Heart Attack,Awareness,Even mild chest discomfort or pressure should not be ignored. Get checked immediately.,original
Heart Attack,Awareness,People with diabetes should get their heart checked regularly due to higher risk.,original
Heart Attack,Awareness,Early detection and treatment of heart issues save lives.,original
Heart Attack,Awareness,Avoid secondhand smoke exposure as it also increases heart disease risk.,original
Heart Attack,Awareness,Regularly monitor your blood pressure at home if you have hypertension.,original
Heart Attack,Awareness,"Clogged arteries develop silently over time, making regular tests important.",original
Heart Attack,Awareness,"A healthy heart keeps your body strong, active, and full of energy.",original
Heart Attack,Awareness,Balanced meals and regular physical activity are the best ways to prevent heart disease.,original
Heart Attack,Awareness,Skipping checkups can delay the detection of life-threatening conditions.,original
Heart Attack,Awareness,Heart disease can be reversed in early stages through lifestyle modification.,original
Heart Attack,Awareness,Know the symptoms of a heart attack and act fast - every minute counts.,original
Heart Attack,Awareness,Spread awareness in your family and community about the importance of heart health.,original
Heart Attack,Exercise,Start your day with a light 10-minute walk to boost heart circulation and energy.,original
Heart Attack,Exercise,"Aim for at least 30 minutes of moderate exercise like brisk walking, five days a week.",original
Heart Attack,Exercise,Always warm up before and cool down after workouts to protect your heart and muscles.,original
Heart Attack,Exercise,Low-impact exercises such as swimming and cycling are great for improving heart health.,original
Heart Attack,Exercise,Stretching helps improve flexibility and supports better blood flow to your heart.,original
Heart Attack,Exercise,Climb stairs whenever possible to strengthen your heart and improve endurance.,original
Heart Attack,Exercise,Try yoga or tai chi to reduce stress and enhance cardiovascular fitness.,original
Heart Attack,Exercise,Walking after meals improves digestion and keeps your heart rate stable.,original
Heart Attack,Exercise,Avoid long periods of sitting; stand and move every 30 minutes to improve circulation.,original
Heart Attack,Exercise,"Aerobic exercises like walking, jogging, or dancing help lower cholesterol and blood pressure.",original
Heart Attack,Exercise,Start slow if you're new to exercise and increase intensity gradually with your doctor's advice.,original
Heart Attack,Exercise,Regular exercise can reduce your risk of another heart attack by improving overall fitness.,original
Heart Attack,Exercise,Keep your workouts moderate; overexertion can strain your heart unnecessarily.,original
Heart Attack,Exercise,"A simple routine of walking, stretching, and light strength training keeps your heart healthy.",original
Heart Attack,Exercise,Deep breathing exercises can help calm your mind and lower blood pressure.,original
Heart Attack,Exercise,Gardening and household chores count as physical activity and keep your heart active.,original
Heart Attack,Exercise,Include light strength training twice a week to build endurance and support cardiac recovery.,original
Heart Attack,Exercise,A daily stretching routine improves flexibility and reduces stiffness in your muscles.,original
Heart Attack,Exercise,Cycling at a comfortable pace is a great way to strengthen your heart without strain.,original
Heart Attack,Exercise,Always consult your cardiologist before starting a new exercise routine after a heart attack.,original
Heart Attack,Exercise,Even short walks throughout the day can benefit your heart and keep your metabolism active.,original
Heart Attack,Exercise,Listening to music while exercising can make your routine enjoyable and consistent.,original
Heart Attack,Exercise,Try water aerobics if you want a joint-friendly yet heart-healthy exercise option.,original
Heart Attack,Exercise,Track your progress with a fitness app or smartwatch to stay motivated and consistent.,original
Heart Attack,Exercise,Do not skip your workouts on busy days; even 15 minutes of movement makes a difference.,original
Heart Attack,Exercise,Breathing exercises like pranayama help improve oxygen flow and cardiac function.,original
Heart Attack,Exercise,Avoid intense workouts right after eating; wait at least an hour before physical activity.,original
Heart Attack,Exercise,"Choose exercises that you enjoy so that staying active becomes a habit, not a chore.",original
Heart Attack,Exercise,"Take slow, steady walks in nature to relax your mind and improve heart rhythm.",original
Heart Attack,Exercise,"Interval walking, alternating fast and slow paces, helps strengthen your cardiovascular system.",original
Heart Attack,Exercise,Stay hydrated during workouts to maintain good blood circulation and prevent fatigue.,original
Heart Attack,Exercise,Include stretching and gentle mobility exercises in your warm-up routine daily.,original
Heart Attack,Exercise,Practice mindfulness during workouts to stay focused and reduce stress levels.,original
Heart Attack,Exercise,Avoid holding your breath during exercise; breathing steadily keeps your heart rhythm stable.,original
Heart Attack,Exercise,Consistency is key. Regular movement keeps your heart strong and your mind calm.,original
Heart Attack,Exercise,"If you feel dizzy or short of breath during exercise, stop immediately and rest.",original
Heart Attack,Exercise,Morning walks in fresh air can help lower stress hormones and support heart recovery.,original
Heart Attack,Exercise,Combine aerobic and resistance exercises for overall heart and body strength.,original
Heart Attack,Exercise,Avoid heavy lifting unless cleared by your doctor after a heart event.,original
Heart Attack,Exercise,"Try to walk at least 7,000 to 10,000 steps a day for healthy cardiovascular activity.",original
Heart Attack,Exercise,Keep your posture correct during exercise to prevent unnecessary body strain.,original
Heart Attack,Exercise,Don't rush your progress; steady improvement is safer and more sustainable.,original
Heart Attack,Exercise,Exercising with friends or family can make your fitness journey more enjoyable.,original
Heart Attack,Exercise,"Stretch your arms, legs, and back daily to promote blood flow and reduce stiffness.",original
Heart Attack,Exercise,Breathing deeply during workouts improves oxygen supply to your heart and muscles.,original
Heart Attack,Exercise,"If you have had a heart procedure, follow your cardiac rehabilitation exercise plan closely.",original
Heart Attack,Exercise,Light resistance band exercises can strengthen muscles without stressing your heart.,original
Heart Attack,Exercise,Always carry water and avoid exercising in extreme heat to prevent dehydration.,original
Heart Attack,Exercise,"Regular exercise helps maintain a healthy weight, reducing strain on your heart.",original
Heart Attack,Exercise,"Your heart loves movement, but it also needs rest. Balance both wisely.",original
Heart Attack,MythVsFact,"Myth: Heart attacks only happen to older people. Fact: They can occur at any age, especially with poor lifestyle habits.",original
Heart Attack,MythVsFact,Myth: You can always feel a heart attack coming. Fact: Some heart attacks occur with mild or no symptoms at all.,original
Heart Attack,MythVsFact,Myth: Only men get heart attacks. Fact: Women are equally at risk and may show different symptoms.,original
Heart Attack,MythVsFact,Myth: Heart disease runs only in families. Fact: Lifestyle choices play a major role regardless of genetics.,original
Heart Attack,MythVsFact,"Myth: If you are fit, you cannot have a heart attack. Fact: Even active people can develop heart disease due to poor diet or stress.",original
Heart Attack,MythVsFact,"Myth: Chest pain is the only symptom of a heart attack. Fact: Symptoms can include nausea, fatigue, or jaw pain.",original
Heart Attack,MythVsFact,Myth: Heart attacks are rare. Fact: They are one of the leading causes of death worldwide.,original
Heart Attack,MythVsFact,"Myth: Once you have a heart attack, life is over. Fact: With the right care, many people live healthy lives after recovery.",original
Heart Attack,MythVsFact,Myth: Only people with high cholesterol get heart disease. Fact: High blood pressure and diabetes are also major risk factors.,original
Heart Attack,MythVsFact,Myth: You should avoid all fats. Fact: Healthy fats like olive oil and nuts are good for the heart.,original
Heart Attack,MythVsFact,Myth: Young people do not need to worry about heart health. Fact: Poor habits early in life can lead to heart disease later.,original
Heart Attack,MythVsFact,Myth: A strong heartbeat means a healthy heart. Fact: Regular tests are needed to assess true heart health.,original
Heart Attack,MythVsFact,Myth: Drinking alcohol daily is good for the heart. Fact: Excess alcohol increases blood pressure and heart risk.,original
Heart Attack,MythVsFact,"Myth: If you do not have chest pain, your heart is healthy. Fact: Many heart problems develop silently.",original
Heart Attack,MythVsFact,Myth: Heart attacks happen suddenly. Fact: They often develop gradually over time due to plaque buildup.,original
Heart Attack,MythVsFact,Myth: Stress does not affect the heart. Fact: Chronic stress can increase heart attack risk.,original
Heart Attack,MythVsFact,Myth: Women do not need to worry about heart attacks until old age. Fact: Risk increases after menopause but can occur earlier too.,original
Heart Attack,MythVsFact,Myth: A heart attack means your heart stops beating. Fact: It means part of the heart muscle is not getting enough oxygen.,original
Heart Attack,MythVsFact,Myth: Heart disease cannot be prevented. Fact: Healthy habits can prevent most heart diseases.,original
Heart Attack,MythVsFact,Myth: Taking vitamins prevents heart attacks. Fact: No supplement replaces a balanced diet and healthy lifestyle.,original
Heart Attack,MythVsFact,Myth: Slim people do not get heart disease. Fact: Even people with normal weight can have high cholesterol or hypertension.,original
Heart Attack,MythVsFact,Myth: You should avoid exercise if you have heart disease. Fact: Light exercise helps strengthen the heart under supervision.,original
Heart Attack,MythVsFact,Myth: Eating oily food occasionally will not affect your heart. Fact: Frequent oily meals can increase cholesterol levels.,original
Heart Attack,MythVsFact,Myth: Women's heart attack symptoms are the same as men's. Fact: Women often experience subtle symptoms like fatigue or indigestion.,original
Heart Attack,MythVsFact,Myth: Heart disease is caused only by genetics. Fact: Lifestyle and diet play equally important roles.,original
Heart Attack,MythVsFact,"Myth: If you take medication, you can eat whatever you want. Fact: Medication works best with a healthy lifestyle.",original
Heart Attack,MythVsFact,Myth: High blood pressure is harmless if you feel fine. Fact: It silently damages arteries over time.,original
Heart Attack,MythVsFact,Myth: Heart failure means the heart has stopped. Fact: It means the heart is not pumping efficiently.,original
Heart Attack,MythVsFact,Myth: You cannot recover fully after a heart attack. Fact: Many people return to normal lives with treatment and care.,original
Heart Attack,MythVsFact,Myth: Only obese people have heart problems. Fact: Heart disease can affect anyone regardless of body weight.,original
Heart Attack,MythVsFact,"Myth: If you have diabetes, you will definitely have heart disease. Fact: Proper management greatly reduces the risk.",original
Heart Attack,MythVsFact,Myth: A glass of red wine daily is mandatory for heart health. Fact: You can get the same benefits from fruits and vegetables.,original
Heart Attack,MythVsFact,"Myth: Once cholesterol is high, it cannot be lowered. Fact: Healthy eating and medication can help reduce it.",original
Heart Attack,MythVsFact,Myth: Heart disease shows immediate symptoms. Fact: It can progress silently for years before detection.,original
Heart Attack,MythVsFact,Myth: Stopping medication when you feel better is safe. Fact: Only your doctor can decide when to stop treatment.,original
Heart Attack,MythVsFact,Myth: Salt-free food is tasteless. Fact: You can use herbs and spices for flavor without adding sodium.,original
Heart Attack,MythVsFact,Myth: Energy drinks are safe for your heart. Fact: They can raise heart rate and blood pressure dangerously.,original
Heart Attack,MythVsFact,"Myth: Cardiac arrest and heart attack are the same. Fact: They are different; one stops the heart, the other blocks blood flow.",original
Heart Attack,MythVsFact,Myth: Natural remedies can cure heart disease. Fact: They can support health but not replace medical treatment.,original
Heart Attack,MythVsFact,Myth: Heart attacks only happen during physical activity. Fact: They can occur even at rest or during sleep.,original
Heart Attack,MythVsFact,Myth: Avoiding fat completely keeps your heart healthy. Fact: The body needs healthy fats for proper function.,original
Heart Attack,MythVsFact,"Myth: If you are on medication, checkups are unnecessary. Fact: Regular monitoring ensures the treatment is effective.",original
Heart Attack,MythVsFact,Myth: Low-fat labeled foods are always heart-healthy. Fact: Many contain added sugars and unhealthy ingredients.,original
Heart Attack,MythVsFact,Myth: Stress-related chest pain is harmless. Fact: It can be a warning sign of a heart problem.,original
Heart Attack,MythVsFact,"Myth: Once you have surgery, you do not need lifestyle changes. Fact: Healthy habits are essential even after surgery.",original
Heart Attack,MythVsFact,Myth: Heart problems always cause severe pain. Fact: Some people experience mild discomfort or silent symptoms.,original
Heart Attack,MythVsFact,Myth: Herbal supplements are always safe for the heart. Fact: Some may interfere with prescribed medications.,original
Heart Attack,MythVsFact,Myth: You can diagnose heart disease yourself. Fact: Only professional tests and consultation can confirm it.,original
Heart Attack,MythVsFact,Myth: Drinking coffee increases heart attack risk. Fact: Moderate coffee consumption is generally safe for most people.,original
Heart Attack,MythVsFact,Myth: Recovery after a heart attack means you are fully cured. Fact: Lifelong care and follow-ups are essential.,original
Heart Attack,Motivation,Every heartbeat is proof of your strength and determination to keep moving forward.,original
Heart Attack,Motivation,"Recovery takes time, but each step you take brings you closer to a stronger heart.",original
Heart Attack,Motivation,Your journey is a reminder that healing begins with hope and persistence.,original
Heart Attack,Motivation,Take pride in every healthy choice you make; it is building a better tomorrow.,original
Heart Attack,Motivation,You have already survived the hardest part; now focus on thriving each day.,original
Heart Attack,Motivation,One positive thought in the morning can set the tone for a heart-healthy day.,original
Heart Attack,Motivation,Do not rush your healing. Every small improvement counts toward long-term strength.,original
Heart Attack,Motivation,"Your heart may have been tested, but your spirit remains unbreakable.",original
Heart Attack,Motivation,"Each healthy meal, walk, and smile is a victory worth celebrating.",original
Heart Attack,Motivation,A healthy life starts with a strong mindset and consistent effort.,original
Heart Attack,Motivation,You are not your diagnosis; you are your determination to live better.,original
Heart Attack,Motivation,Let your recovery journey inspire others to take care of their hearts too.,original
Heart Attack,Motivation,Believe in your strength. Your body and heart are capable of great healing.,original
Heart Attack,Motivation,"Focus on progress, not perfection. Every day is a chance to improve your heart health.",original
Heart Attack,Motivation,"Remember, it is not about how fast you recover but how steady you stay on your path.",original
Heart Attack,Motivation,Small lifestyle changes can lead to big improvements in your heart's well-being.,original
Heart Attack,Motivation,You have come a long way; keep going with the same courage and discipline.,original
Heart Attack,Motivation,Your recovery is a story of resilience and self-care. Keep writing it daily.,original
Heart Attack,Motivation,Do not let fear hold you back. Each heartbeat is a reminder of your purpose.,original
Heart Attack,Motivation,You are living proof that determination and self-love can heal even the toughest battles.,original
Heart Attack,Motivation,"Listen to your body, respect its limits, and trust its ability to heal.",original
Heart Attack,Motivation,"Celebrate your strength and the progress you make, no matter how small.",original
Heart Attack,Motivation,"Each walk, stretch, and breath you take is a victory for your heart and body.",original
Heart Attack,Motivation,You are stronger than yesterday because you chose to take care of yourself today.,original
Heart Attack,Motivation,"Your efforts to stay healthy today will create a better, brighter future.",original
Heart Attack,Motivation,Healing does not mean the damage never existed; it means you chose to move forward.,original
Heart Attack,Motivation,Never underestimate the power of a calm mind and a positive outlook for heart recovery.,original
Heart Attack,Motivation,Do not focus on what you lost. Focus on what you can build from here onward.,original
Heart Attack,Motivation,Your courage to change is your greatest strength in rebuilding your health.,original
Heart Attack,Motivation,"Each day is a gift to nurture your body, mind, and heart with care.",original
Heart Attack,Motivation,Even small steps toward fitness and balance make a huge difference in the long run.,original
Heart Attack,Motivation,Your health journey is not a race; it is a lifelong act of love for yourself.,original
Heart Attack,Motivation,The best investment you can make is in your health and happiness.,original
Heart Attack,Motivation,"Let every heartbeat remind you of your purpose, courage, and determination.",original
Heart Attack,Motivation,A strong heart begins with small daily habits done with big intentions.,original
Heart Attack,Motivation,You survived because your heart still has work to do. Keep it beating strong.,original
Heart Attack,Motivation,Patience and persistence are the key to long-lasting heart health.,original
Heart Attack,Motivation,"Take every challenge as an opportunity to grow stronger, wiser, and healthier.",original
Heart Attack,Motivation,Your healing journey inspires everyone around you. Keep leading by example.,original
Heart Attack,Motivation,Do not compare your recovery to others; your path is unique and powerful.,original
Heart Attack,Motivation,You are capable of achieving anything with consistency and belief in yourself.,original
Heart Attack,Motivation,Healthy living is not a restriction; it is a celebration of life itself.,original
Heart Attack,Motivation,"Smile often, stay active, and keep faith in your body's ability to recover.",original
Heart Attack,Motivation,A calm heart is a strong heart. Take time each day to relax and breathe.,original
Heart Attack,Motivation,"The body heals with rest, the mind heals with peace, and the heart heals with love.",original
Heart Attack,Motivation,Every sunrise gives you another chance to care for your heart and cherish life.,original
Heart Attack,Motivation,"Focus on what you can control: your habits, mindset, and daily actions.",original
Heart Attack,Motivation,"You are not starting over. You are starting stronger, wiser, and more determined.",original
Heart Attack,Motivation,Health is not about being perfect; it is about being consistent and mindful.,original
Heart Attack,Motivation,"Your journey is not just survival; it is about creating a healthier, happier version of yourself.",original
Heart Attack,Checkup,Regular heart checkups are essential to prevent another heart-related emergency.,original
Heart Attack,Checkup,Schedule a full cardiac evaluation at least once every six months after recovery.,original
Heart Attack,Checkup,Monitor your blood pressure regularly to ensure your heart stays in a healthy range.,original
Heart Attack,Checkup,Routine cholesterol tests help detect early signs of heart disease risk.,original
Heart Attack,Checkup,Never skip your follow-up appointments after a heart procedure or treatment.,original
Heart Attack,Checkup,Regular ECG and echocardiogram tests can track your heart's performance over time.,original
Heart Attack,Checkup,Consult your cardiologist before making any major lifestyle or medication changes.,original
Heart Attack,Checkup,Blood sugar control is vital for heart patients; include it in your checkup routine.,original
Heart Attack,Checkup,"Keep a record of your heart rate, cholesterol, and blood pressure readings for reference.",original
Heart Attack,Checkup,A stress test can help evaluate how well your heart performs under physical strain.,original
Heart Attack,Checkup,Get your lipid profile checked twice a year to maintain healthy cholesterol levels.,original
Heart Attack,Checkup,Annual health checkups help detect heart problems before they become serious.,original
Heart Attack,Checkup,"If you experience chest pain or shortness of breath, visit your doctor immediately.",original
Heart Attack,Checkup,Ask your doctor about preventive screenings like calcium scoring or stress echo tests.,original
Heart Attack,Checkup,Post-heart attack patients should attend all scheduled cardiac rehabilitation sessions.,original
Heart Attack,Checkup,Monitor your medication's effect through routine blood and ECG tests.,original
Heart Attack,Checkup,Track your weight and waist size regularly as part of your heart health assessment.,original
Heart Attack,Checkup,Regular kidney and liver function tests are important when you take long-term medications.,original
Heart Attack,Checkup,Discuss your stress levels and sleep quality during every medical checkup.,original
Heart Attack,Checkup,Always inform your doctor about any new symptoms or lifestyle changes.,original
Heart Attack,Checkup,"Keep your vaccination schedule updated, especially flu and pneumonia shots.",original
Heart Attack,Checkup,"Periodic blood tests help monitor cholesterol, triglycerides, and sugar levels.",original
Heart Attack,Checkup,Do not wait for symptoms to appear; preventive checkups can save lives.,original
Heart Attack,Checkup,Monitor your pulse rate at home and note any irregularities before doctor visits.,original
Heart Attack,Checkup,Check your blood pressure at least twice a week and maintain a record.,original
Heart Attack,Checkup,Your doctor may recommend an angiogram if there are signs of artery blockage.,original
Heart Attack,Checkup,"Discuss any dizziness, fatigue, or swelling with your doctor during checkups.",original
Heart Attack,Checkup,"Stay consistent with your medical appointments, even if you feel perfectly fine.",original
Heart Attack,Checkup,Ask your cardiologist about lifestyle recommendations based on your latest reports.,original
Heart Attack,Checkup,Routine follow-ups help fine-tune your medications and prevent complications.,original
Heart Attack,Checkup,Track your BMI and heart rate regularly to ensure steady progress in recovery.,original
Heart Attack,Checkup,"If you have diabetes, make sure your heart checkups are more frequent.",original
Heart Attack,Checkup,An annual treadmill or stress test helps assess your heart's endurance and capacity.,original
Heart Attack,Checkup,Keep an updated list of your medications to review with your doctor during visits.,original
Heart Attack,Checkup,Never self-medicate or change dosages without a professional consultation.,original
Heart Attack,Checkup,Regular heart checkups ensure early detection of silent cardiac issues.,original
Heart Attack,Checkup,"If you feel fatigued more than usual, ask for a full cardiac function assessment.",original
Heart Attack,Checkup,Your blood pressure monitor at home is a key part of your daily health check routine.,original
Heart Attack,Checkup,Regular cholesterol monitoring helps prevent plaque buildup in arteries.,original
Heart Attack,Checkup,A yearly full-body checkup is essential to maintain overall cardiovascular health.,original
Heart Attack,Checkup,Ask about heart rate variability (HRV) testing to assess your stress and heart balance.,original
Heart Attack,Checkup,"Post-surgery, schedule your first follow-up within a month to check healing progress.",original
Heart Attack,Checkup,Keep your doctor informed about your exercise routine and physical activity levels.,original
Heart Attack,Checkup,Do not ignore mild chest discomfort; mention it during your next medical visit.,original
Heart Attack,Checkup,Stay connected with your cardiologist through regular reviews and follow-ups.,original
Heart Attack,Checkup,Heart checkups are not just for patients; they are essential for prevention too.,original
Heart Attack,Checkup,Ask your doctor if you need a vitamin D or B12 test as part of your heart health plan.,original
Heart Attack,Checkup,"Monitor your sleep patterns, as poor sleep can affect heart recovery.",original
Heart Attack,Checkup,Stay proactive about your health by booking your next heart checkup today.,original
Heart Attack,Checkup,Regular testing keeps your heart strong and helps you live confidently.,original
Heart Attack,SelfCare,Start your day with a few minutes of deep breathing to calm your mind and heart.,original
Heart Attack,SelfCare,Stay hydrated throughout the day to support good blood flow and heart function.,original
Heart Attack,SelfCare,"Eat balanced meals with vegetables, fruits, whole grains, and lean proteins daily.",original
Heart Attack,SelfCare,Avoid skipping meals and try to eat at regular intervals to keep energy stable.,original
Heart Attack,SelfCare,Take your medications at the same time each day as prescribed by your doctor.,original
Heart Attack,SelfCare,Get at least 7 to 8 hours of sleep every night to help your heart recover and rest.,original
Heart Attack,SelfCare,Practice mindfulness or meditation to manage stress effectively.,original
Heart Attack,SelfCare,Limit caffeine intake and opt for herbal teas or water instead.,original
Heart Attack,SelfCare,Avoid smoking and secondhand smoke to protect your heart from strain.,original
Heart Attack,SelfCare,Spend a few minutes stretching or walking after meals to boost circulation.,original
Heart Attack,SelfCare,Do not overwork yourself; take breaks during the day to relax and recharge.,original
Heart Attack,SelfCare,Listen to your body and rest when you feel tired or weak.,original
Heart Attack,SelfCare,Keep a consistent bedtime and wake-up schedule for better heart rhythm.,original
Heart Attack,SelfCare,Maintain a healthy weight through mindful eating and regular physical activity.,original
Heart Attack,SelfCare,Stay positive and focus on progress rather than perfection in your recovery.,original
Heart Attack,SelfCare,Avoid excessive salt and processed foods that can raise blood pressure.,original
Heart Attack,SelfCare,Use stairs or short walks instead of sitting for long hours whenever possible.,original
Heart Attack,SelfCare,Keep your surroundings peaceful to reduce unnecessary mental stress.,original
Heart Attack,SelfCare,"Engage in hobbies like reading, painting, or gardening to relax your mind.",original
Heart Attack,SelfCare,"Avoid late-night heavy meals and choose lighter, easily digestible options.",original
Heart Attack,SelfCare,Schedule regular health checkups and keep track of your medical reports.,original
Heart Attack,SelfCare,Wear comfortable clothes and shoes to support blood flow and ease movement.,original
Heart Attack,SelfCare,Avoid sudden physical exertion; build strength slowly under medical guidance.,original
Heart Attack,SelfCare,Keep healthy snacks like fruits and nuts handy to avoid junk food cravings.,original
Heart Attack,SelfCare,Stay socially connected; spend time with family and friends for emotional well-being.,original
Heart Attack,SelfCare,"Take short, mindful walks daily to improve mood and strengthen your heart.",original
Heart Attack,SelfCare,Keep your home air fresh and avoid exposure to pollutants or smoke.,original
Heart Attack,SelfCare,Practice gratitude daily to reduce stress and maintain a calm mindset.,original
Heart Attack,SelfCare,Do not ignore small symptoms like fatigue or dizziness; consult your doctor.,original
Heart Attack,SelfCare,Set small health goals every week and celebrate your progress.,original
Heart Attack,SelfCare,Keep your medications organized in a pill box to avoid missing doses.,original
Heart Attack,SelfCare,Avoid watching stressful news or screens right before bedtime.,original
Heart Attack,SelfCare,Drink water before and after exercise to stay properly hydrated.,original
Heart Attack,SelfCare,Use heart-healthy oils like olive or sunflower oil in your cooking.,original
Heart Attack,SelfCare,"Include more fiber in your diet through oats, fruits, and leafy vegetables.",original
Heart Attack,SelfCare,"Keep your phone reminders for checkups, medications, and hydration breaks.",original
Heart Attack,SelfCare,Make your meals colorful; variety means better nutrition for your heart.,original
Heart Attack,SelfCare,Avoid alcohol or limit it as per your doctor's advice.,original
Heart Attack,SelfCare,Take time to enjoy nature; a calm walk outdoors can refresh your mind and body.,original
Heart Attack,SelfCare,Laugh often; positive emotions help reduce stress hormones that affect the heart.,original
Heart Attack,SelfCare,Keep your posture straight while sitting or walking to support healthy circulation.,original
Heart Attack,SelfCare,Always follow your cardiac rehab plan carefully and stay consistent.,original
Heart Attack,SelfCare,Do not isolate yourself; join support groups or talk to people who understand your journey.,original
Heart Attack,SelfCare,Keep emergency contact numbers and medications easily accessible.,original
Heart Attack,SelfCare,Avoid self-medication and always follow professional medical guidance.,original
Heart Attack,SelfCare,Listen to soft music or practice yoga to relax both your mind and heart.,original
Heart Attack,SelfCare,Prepare your meals in advance to avoid unhealthy food choices when busy.,original
Heart Attack,SelfCare,Take time to reflect on your achievements; each step forward matters.,original
Heart Attack,SelfCare,Be patient with your body. Healing takes time and steady effort.,original
Heart Attack,SelfCare,Treat yourself with kindness and remember that taking care of your heart is lifelong self-love.,original
Heart Attack,Diet,Include tomatoes in your meals for heart-protective lycopene.,original
Heart Attack,Diet,Choose dark chocolate with 70% cocoa for heart-healthy flavonoids.,original
Heart Attack,Exercise,Practice balance exercises to improve stability and prevent falls.,original
Heart Attack,Awareness,Women may experience back pain or nausea instead of chest pain during heart attacks.,original
Heart Attack,Motivation,Every healthy choice brings you closer to a stronger heart and better life.,original
Diabetes,Diet,Include apple cider vinegar in dressings to help improve insulin sensitivity.,original
Diabetes,Diet,Choose low-glycemic index foods for more stable blood sugar levels.,original
Diabetes,Exercise,Try resistance training with bands to improve glucose uptake by muscles.,original
Diabetes,Awareness,Regular foot exams can prevent serious complications like ulcers.,original
Diabetes,Motivation,Your daily efforts today build a healthier  happier tomorrow.,original
Hypertension,MythVsFact,"Myth: If you feel fine, your blood pressure is normal. Fact: High blood pressure often has no symptoms.",original
Obesity,MythVsFact,Myth: Obesity is always caused by lack of willpower. Fact: Multiple factors including genetics and environment contribute.,original
Liver Disease,MythVsFact,Myth: Liver disease only affects heavy drinkers. Fact: Many factors including viruses and metabolism cause liver issues.,original
Renal Disease,MythVsFact,Myth: Drinking lots of water always helps kidneys. Fact: Excessive water can be harmful in advanced kidney disease.,original
Diabetes,MythVsFact,Myth: Diabetes means you can't eat any sugar. Fact: Moderate amounts with balanced meals are usually fine.,original
Heart Attack,MythVsFact,Myth: Heart attacks always cause severe chest pain. Fact: Some heart attacks have mild or unusual symptoms.,original
Hypertension,Diet,Reduce your salt intake to help lower blood pressure naturally.,original
Hypertension,Diet,Include potassium-rich foods like bananas and spinach to balance sodium effects.,original
Hypertension,Diet,Choose low-fat dairy products to support healthy blood pressure levels.,original
Hypertension,Diet,Avoid processed foods that are high in sodium and preservatives.,original
Hypertension,Diet,Use herbs like basil and oregano instead of salt for flavoring meals.,original
Hypertension,Diet,Eat more garlic as it may help relax blood vessels and lower pressure.,original
Hypertension,Diet,Include beetroot in your diet; it contains nitrates that support blood vessel health.,original
Hypertension,Diet,Drink hibiscus tea daily; studies show it can help reduce systolic pressure.,original
Hypertension,Diet,Limit caffeine intake as it can temporarily raise blood pressure.,original
Hypertension,Diet,Choose fresh fruits over salty snacks for heart-healthy alternatives.,original
Hypertension,Exercise,Aim for 30 minutes of moderate exercise like walking or cycling daily.,original
Hypertension,Exercise,Practice deep breathing exercises for 10 minutes daily to reduce stress and BP.,original
Hypertension,Exercise,Include yoga in your routine to improve circulation and reduce hypertension.,original
Hypertension,Exercise,Start with light activities and gradually increase intensity under guidance.,original
Hypertension,Exercise,Avoid heavy weight lifting that can cause sudden blood pressure spikes.,original
Hypertension,Awareness,High blood pressure is often called the 'silent killer' because it shows no symptoms.,original
Hypertension,Awareness,Regular blood pressure monitoring at home helps track your progress.,original
Hypertension,Awareness,Uncontrolled hypertension can damage your heart  kidneys and eyes.,original
Hypertension,Awareness,Stress management is crucial for maintaining healthy blood pressure.,original
Hypertension,Awareness,Family history increases your risk of developing high blood pressure.,original
Renal Disease,Diet,Limit protein intake based on your kidney function test results.,original
Renal Disease,Diet,Control potassium levels by moderating intake of bananas and oranges.,original
Renal Disease,Diet,Reduce phosphorus by limiting dairy  nuts and processed foods.,original
Renal Disease,Diet,Monitor fluid intake as per your doctor's recommendations.,original
Renal Disease,Diet,Choose fresh homemade meals over restaurant or packaged foods.,original
Renal Disease,Diet,Work with a renal dietitian to create a personalized kidney-friendly diet.,original
Renal Disease,Diet,Limit sodium to help control blood pressure and reduce swelling.,original
Renal Disease,Awareness,Early detection of kidney disease can prevent progression to kidney failure.,original
Renal Disease,Awareness,Diabetes and hypertension are the leading causes of kidney disease.,original
Renal Disease,Awareness,Regular urine tests can detect early signs of kidney damage.,original
Renal Disease,Awareness,Stay hydrated with water but avoid excessive fluid if advised.,original
Renal Disease,Awareness,Certain pain medications can harm kidneys when used long-term.,original
Obesity,Diet,Focus on portion control rather than eliminating food groups.,original
Obesity,Diet,Include protein with every meal to feel full longer and reduce cravings.,original
Obesity,Diet,Choose water or herbal tea instead of sugary drinks and sodas.,original
Obesity,Diet,Eat slowly and mindfully to recognize when you're truly full.,original
Obesity,Diet,Plan your meals and snacks to avoid impulsive eating decisions.,original
Obesity,Diet,Include high-fiber foods like vegetables and whole grains for satiety.,original
Obesity,Diet,Don't skip meals as it can lead to overeating later in the day.,original
Obesity,Exercise,Start with low-impact activities like walking to protect your joints.,original
Obesity,Exercise,Gradually increase activity duration as your fitness improves.,original
Obesity,Exercise,Find physical activities you enjoy to maintain consistency.,original
Obesity,Exercise,Include strength training to build muscle and boost metabolism.,original
Obesity,Exercise,Set realistic fitness goals and celebrate every achievement.,original
Obesity,Awareness,Obesity increases the risk of diabetes heart disease  and joint problems., original
Obesity,Awareness,Even a 5-10% weight loss can significantly improve your health.,original
Obesity,Awareness,Childhood obesity often continues into adulthood if not addressed.,original
Obesity,Awareness,Genetic factors can influence weight but lifestyle choices matter most.,original
Obesity,Awareness,Sleep quality affects hunger hormones and weight management.,original
Hypertension,Checkup,Monitor your blood pressure at home and keep a record for doctor visits.,original
Obesity,Checkup,Regular body measurements provide better progress tracking than weight alone.,original
Liver Disease,Checkup,Liver function tests should be part of your regular health screenings.,original
Renal Disease,SelfCare,Stay hydrated but follow your doctor's specific fluid recommendations.,original
Obesity,SelfCare,Focus on building sustainable habits rather than seeking quick weight loss.,original
Diabetes,Checkup,Get your feet examined during every doctor visit to prevent complications.,original
Heart Attack,SelfCare,Learn to recognize your body's warning signs and act promptly.,original
Hypertension,Diet,Reduce sodium intake to less than 5 grams per day to help lower blood pressure naturally.,original
Hypertension,Diet,"Follow the DASH diet rich in fruits, vegetables, whole grains, and low-fat dairy products.",original
Hypertension,Diet,Choose fresh foods over processed and packaged foods that contain hidden sodium.,original
Hypertension,Diet,"Include potassium-rich foods like bananas, sweet potatoes, and spinach in your diet.",original
Hypertension,Diet,Limit red meat consumption and opt for lean proteins like fish and poultry.,original
Hypertension,Diet,Avoid adding extra salt while cooking and at the dining table.,original
Hypertension,Diet,"Use herbs and spices like garlic, turmeric, and black pepper for flavor instead of salt.",original
Hypertension,Diet,Read food labels carefully to check sodium content before purchasing.,original
Hypertension,Diet,Stay away from canned soups and vegetables as they are high in sodium.,original
Hypertension,Diet,Include foods rich in magnesium and calcium for better blood pressure control.,original
Hypertension,Diet,Eat more whole grains like oats and brown rice instead of refined grains.,original
Hypertension,Diet,Limit alcohol consumption to moderate levels as recommended by your doctor.,original
Hypertension,Diet,Avoid energy drinks and beverages high in caffeine and sugar.,original
Hypertension,Diet,Include beets in your diet as they naturally help lower blood pressure.,original
Hypertension,Diet,Choose olive oil for cooking instead of saturated fats like butter.,original
Hypertension,Diet,Snack on unsalted nuts like almonds and walnuts for heart-healthy fats.,original
Hypertension,Diet,"Eat more leafy greens like spinach, kale, and collard greens daily.",original
Hypertension,Diet,Avoid pickles and processed meats like bacon and sausages.,original
Hypertension,Diet,Include beans and lentils as they are low in sodium and high in potassium.,original
Hypertension,Diet,Drink herbal teas like hibiscus tea which may help reduce blood pressure.,original
Hypertension,Diet,Limit consumption of foods high in saturated and trans fats.,original
Hypertension,Diet,Choose low-sodium versions of sauces and condiments.,original
Hypertension,Diet,Eat smaller portions more frequently to maintain stable blood pressure.,original
Hypertension,Diet,Include dark chocolate in moderation as it contains flavonoids that support heart health.,original
Hypertension,Diet,"Avoid instant noodles, frozen meals, and fast food high in sodium.",original
Hypertension,Diet,"Plan your meals in advance to avoid last-minute unhealthy food choices, especially high-sodium options.",original
Hypertension,Diet,Drink enough water throughout the day to stay hydrated and support healthy blood pressure.,original
Hypertension,Diet,Include fatty fish like salmon and mackerel rich in omega-3 fatty acids.,original
Hypertension,Diet,Choose fresh fruits over fruit juices to get natural fiber and nutrients.,original
Hypertension,Diet,"Limit your intake of sugary foods and desserts, as they can contribute to weight gain.",original
Hypertension,Diet,Cook at home more often to have better control over salt and ingredients.,original
Hypertension,Diet,Include garlic in your meals as it may help lower blood pressure naturally.,original
Hypertension,Diet,Avoid using MSG and flavor enhancers in your cooking.,original
Hypertension,Diet,Choose fresh herbs and citrus juice to season your food instead of salt.,original
Hypertension,Diet,Limit cheese consumption as it is often high in sodium.,original
Hypertension,Diet,Include yogurt and kefir for probiotics that support overall health.,original
Hypertension,Diet,Avoid salted snacks like chips and pretzels.,original
Hypertension,Diet,Eat more celery which contains compounds that may help relax blood vessels.,original
Hypertension,Diet,Choose skinless poultry and remove visible fat from meat before cooking.,original
Hypertension,Diet,Limit intake of commercially baked goods like cookies and cakes.,original
Hypertension,Diet,Include pomegranate juice in moderation for its heart-healthy properties.,original
Hypertension,Diet,Avoid restaurant foods that are typically high in sodium and unhealthy fats.,original
Hypertension,Diet,Choose steamed or grilled vegetables instead of fried ones.,original
Hypertension,Diet,Include flaxseeds and chia seeds in your diet for omega-3 fatty acids.,original
Hypertension,Diet,Limit consumption of condiments like soy sauce and ketchup.,original
Hypertension,Diet,Eat more tomatoes which are rich in lycopene and potassium.,original
Hypertension,Diet,Choose whole wheat bread over white bread for better nutrition.,original
Hypertension,Diet,Avoid sugary breakfast cereals and opt for unsweetened whole grain options.,original
Hypertension,Diet,Practice portion control to maintain a healthy weight and blood pressure.,original
Hypertension,Diet,Include berries in your diet as they contain antioxidants that support heart health.,original
Hypertension,Exercise,"Aim for at least 30 minutes of moderate aerobic exercise like brisk walking, five days a week.",original
Hypertension,Exercise,Start your day with light stretching to improve circulation and reduce stiffness.,original
Hypertension,Exercise,Include activities like swimming and cycling that are gentle on joints.,original
Hypertension,Exercise,Take the stairs instead of the elevator to increase daily physical activity.,original
Hypertension,Exercise,Practice deep breathing exercises to help reduce stress and lower blood pressure.,original
Hypertension,Exercise,Try yoga or tai chi for gentle exercise that promotes relaxation and balance.,original
Hypertension,Exercise,Walk for 10 minutes after each meal to help with digestion and blood pressure control.,original
Hypertension,Exercise,Engage in activities you enjoy to make exercise a sustainable habit.,original
Hypertension,Exercise,Use a fitness tracker to monitor your daily steps and stay motivated.,original
Hypertension,Exercise,Always warm up before exercise and cool down afterward to prevent injury.,original
Hypertension,Exercise,Avoid overexertion and listen to your body during physical activity.,original
Hypertension,Exercise,Include strength training exercises twice a week to build muscle and improve metabolism.,original
Hypertension,Exercise,Take short movement breaks every hour if you have a sedentary job.,original
Hypertension,Exercise,Join a walking group or exercise class for motivation and social support.,original
Hypertension,Exercise,Practice relaxation techniques like progressive muscle relaxation daily.,original
Hypertension,Exercise,"Try gardening, dancing, or household chores as forms of physical activity.",original
Hypertension,Exercise,Gradually increase the intensity and duration of your workouts over time.,original
Hypertension,Exercise,Monitor your blood pressure before and after exercise to understand its effects.,original
Hypertension,Exercise,Stay hydrated by drinking water before and after your workout.,original
Hypertension,Exercise,Avoid exercising in extreme heat or cold to prevent blood pressure spikes.,original
Hypertension,Exercise,Include balance exercises to improve stability and prevent falls.,original
Hypertension,Exercise,Exercise with a friend or family member for accountability and motivation.,original
Hypertension,Exercise,Avoid holding your breath during strength training exercises.,original
Hypertension,Exercise,Listen to calming music while exercising to enhance relaxation.,original
Hypertension,Exercise,Start slowly if you're new to exercise and consult your doctor before beginning.,original
Hypertension,Exercise,Track your progress and celebrate small improvements in your fitness level.,original
Hypertension,Exercise,Include flexibility exercises to improve range of motion and reduce tension.,original
Hypertension,Exercise,Practice meditation or mindfulness exercises to reduce stress-related blood pressure.,original
Hypertension,Exercise,Take a brisk walk in nature to combine exercise with stress reduction.,original
Hypertension,Exercise,Avoid intense exercise right after eating to prevent discomfort.,original
Hypertension,Exercise,Include interval walking by alternating between fast and slow paces.,original
Hypertension,Exercise,Try water aerobics for a low-impact full-body workout.,original
Hypertension,Exercise,Set realistic fitness goals and increase activity gradually.,original
Hypertension,Exercise,Wear comfortable shoes and clothing that allow easy movement.,original
Hypertension,Exercise,Practice chair exercises if you have limited mobility.,original
Hypertension,Exercise,Include stretching before bedtime to promote relaxation and better sleep.,original
Hypertension,Exercise,Avoid exercising late at night if it interferes with your sleep.,original
Hypertension,Exercise,"If you feel dizzy, short of breath, or have chest pain during exercise, stop immediately.",original
Hypertension,Exercise,Combine aerobic exercise with resistance training for optimal health benefits.,original
Hypertension,Exercise,Stay consistent with your exercise routine even when you feel busy.,original
Hypertension,Exercise,Take rest days to allow your body to recover properly.,original
Hypertension,Exercise,Focus on activities that reduce stress while improving physical fitness.,original
Hypertension,Exercise,"If you take blood pressure medication, discuss exercise timing with your doctor.",original
Hypertension,Exercise,Include posture exercises to reduce strain on your cardiovascular system.,original
Hypertension,Exercise,Try cycling on flat terrain or use a stationary bike for safe cardiovascular exercise.,original
Hypertension,Exercise,"Remember, consistency matters more than intensity when managing blood pressure.",original
Hypertension,Exercise,Work with a physical therapist if you need guidance on safe exercise routines.,original
Hypertension,Exercise,Celebrate every workout as a positive step toward better blood pressure control.,original
Hypertension,Exercise,"Regular physical activity can reduce systolic blood pressure by 5-8 mmHg, so every move counts.",original
Hypertension,Exercise,Always check with your doctor before starting a new exercise program.,original
Hypertension,Awareness,"Hypertension is often called the ""silent killer"" because it usually has no symptoms.",original
Hypertension,Awareness,High blood pressure affects over 1.3 billion people worldwide.,original
Hypertension,Awareness,Regular blood pressure monitoring is essential for early detection and management.,original
Hypertension,Awareness,Untreated hypertension can lead to heart attack and stroke.,original
Hypertension,Awareness,"Normal blood pressure is less than 120/80 mmHg, while hypertension starts at 140/90 mmHg.",original
Hypertension,Awareness,Family history increases your risk of developing high blood pressure.,original
Hypertension,Awareness,Both men and women can develop hypertension at any age.,original
Hypertension,Awareness,Stress and chronic anxiety can contribute to elevated blood pressure.,original
Hypertension,Awareness,Lifestyle modifications can significantly reduce blood pressure without medication.,original
Hypertension,Awareness,High blood pressure damages blood vessels and increases strain on your heart.,original
Hypertension,Awareness,African adults have a higher prevalence of hypertension compared to other ethnic groups.,original
Hypertension,Awareness,Obesity and being overweight are major risk factors for hypertension.,original
Hypertension,Awareness,Smoking increases blood pressure and damages blood vessel walls.,original
Hypertension,Awareness,Excessive alcohol consumption can raise blood pressure significantly.,original
Hypertension,Awareness,"Lack of physical activity contributes to the development of high blood pressure, making regular exercise essential.",original
Hypertension,Awareness,High sodium intake is directly linked to increased blood pressure.,original
Hypertension,Awareness,Chronic kidney disease and hypertension often occur together.,original
Hypertension,Awareness,Diabetes increases your risk of developing hypertension.,original
Hypertension,Awareness,"Sleep apnea is associated with high blood pressure, making quality sleep important.",original
Hypertension,Awareness,"Age is a risk factor, as blood pressure tends to increase as you get older.",original
Hypertension,Awareness,Regular health checkups help detect hypertension early before complications develop.,original
Hypertension,Awareness,High blood pressure can damage your kidneys over time.,original
Hypertension,Awareness,Hypertension increases the risk of developing heart failure.,original
Hypertension,Awareness,Stress management is crucial for maintaining healthy blood pressure levels.,original
Hypertension,Awareness,Some people have white coat hypertension where blood pressure is high only at doctor's office.,original
Hypertension,Awareness,Home blood pressure monitoring provides a more accurate picture of your blood pressure.,original
Hypertension,Awareness,Secondary hypertension is caused by underlying conditions like kidney disease.,original
Hypertension,Awareness,Most cases of hypertension are primary with no identifiable cause.,original
Hypertension,Awareness,Pregnancy-related hypertension requires careful monitoring for mother and baby.,original
Hypertension,Awareness,Hypertension can affect vision and lead to eye problems if left untreated.,original
Hypertension,Awareness,Poor sleep quality and insufficient sleep can raise blood pressure.,original
Hypertension,Awareness,"Excessive caffeine consumption may temporarily raise blood pressure, so moderation is key.",original
Hypertension,Awareness,Certain medications can increase blood pressure as a side effect.,original
Hypertension,Awareness,Regular screening after age 40 is recommended even if you feel healthy.,original
Hypertension,Awareness,High blood pressure during pregnancy can lead to preeclampsia.,original
Hypertension,Awareness,Resistant hypertension occurs when blood pressure remains high despite multiple medications.,original
Hypertension,Awareness,Young adults and children can also develop hypertension.,original
Hypertension,Awareness,Controlling hypertension reduces your risk of cardiovascular disease significantly.,original
Hypertension,Awareness,Many people with hypertension don't know they have it until complications occur.,original
Hypertension,Awareness,Hypertension can be managed effectively with lifestyle changes and medication.,original
Hypertension,Awareness,"Knowledge is power, get your blood pressure checked regularly and know your numbers.",original
Hypertension,Awareness,"Both systolic and diastolic numbers matter, elevated levels increase health risks.",original
Hypertension,Awareness,Educating your family about hypertension prevention can benefit multiple generations.,original
Hypertension,Awareness,"Managing stress through relaxation techniques, exercise, and adequate sleep helps control blood pressure.",original
Hypertension,Awareness,Regular follow-up with your healthcare provider ensures optimal blood pressure management.,original
Hypertension,Awareness,Awareness and education are the first steps toward preventing and controlling hypertension.,original
Hypertension,Awareness,Early detection and treatment can prevent life-threatening complications.,original
Hypertension,Awareness,Living with hypertension requires lifelong commitment to healthy lifestyle choices.,original
Hypertension,Awareness,"Your blood pressure can vary throughout the day, making multiple readings important.",original
Hypertension,Awareness,Community awareness programs help reduce the burden of hypertension on society.,original
Hypertension,MythVsFact,"Myth: Hypertension only affects older people. Fact: People of all ages, including children and young adults, can develop high blood pressure.",original
Hypertension,MythVsFact,"Myth: If you have no symptoms, your blood pressure is fine. Fact: Hypertension rarely causes symptoms, making regular checkups essential.",original
Hypertension,MythVsFact,Myth: Only people who are stressed have hypertension. Fact: While stress contributes  many factors including genetics and diet play a role.,original
Hypertension,MythVsFact,Myth: Hypertension is not a serious condition. Fact: Untreated hypertension can lead to heart attack and stroke.,original
Hypertension,MythVsFact,"Myth: Once your blood pressure is controlled, you can stop medication. Fact: Most people need lifelong treatment to maintain healthy blood pressure.",original
Hypertension,MythVsFact,"Myth: You can feel when your blood pressure is high. Fact: Most people cannot feel high blood pressure, which is why it's called the silent killer.",original
Hypertension,MythVsFact,Myth: Natural remedies can cure hypertension. Fact: While some may help manage it along with lifestyle changes and medication are necessary.,original
Hypertension,MythVsFact,Myth: Low-salt foods are tasteless. Fact: You can use herbs and spices to make food flavorful without salt.,original
Hypertension,MythVsFact,"Myth: Only overweight people get hypertension. Fact: Even people with normal weight can develop high blood pressure, though obesity increases risk.",original
Hypertension,MythVsFact,Myth: Drinking coffee daily causes hypertension. Fact: Moderate coffee consumption doesn't usually cause long-term high blood pressure.,original
Hypertension,MythVsFact,"Myth: If hypertension runs in your family, you'll definitely get it. Fact: Family history increases risk, but lifestyle choices can prevent it.",original
Hypertension,MythVsFact,Myth: You only need to check blood pressure when you feel sick. Fact: Regular monitoring is essential as hypertension has no symptoms.,original
Hypertension,MythVsFact,Myth: Exercise raises blood pressure dangerously. Fact: Regular exercise actually helps lower blood pressure over time.,original
Hypertension,MythVsFact,"Myth: Hypertension affects men more than women. Fact: After menopause, women's risk increases and equals that of men.",original
Hypertension,MythVsFact,"Myth: Taking medication means you can eat whatever you want. Fact: Medication works best when combined with a healthy diet, not as a replacement.",original
Hypertension,MythVsFact,"Myth: One high reading means you have hypertension. Fact: Multiple elevated readings over time are needed for diagnosis, as blood pressure varies throughout the day.",original
Hypertension,MythVsFact,Myth: Young people don't need to worry about blood pressure. Fact: Hypertension is increasingly affecting younger populations.,original
Hypertension,MythVsFact,"Myth: Sea salt is healthier than table salt. Fact: Both contain similar amounts of sodium and affect blood pressure, so moderation is key.",original
Hypertension,MythVsFact,"Myth: Hypertension can be cured. Fact: Hypertension can be managed and controlled, but not permanently cured.",original
Hypertension,MythVsFact,Myth: Alcohol helps lower blood pressure. Fact: Excessive alcohol consumption raises blood pressure and should be limited.,original
Hypertension,MythVsFact,Myth: Home blood pressure monitors are inaccurate. Fact: Validated home monitors can be very accurate when used properly.,original
Hypertension,MythVsFact,"Myth: If you're thin, you don't need to worry about hypertension. Fact: Body weight is just one factor, and thin people can also have high blood pressure.",original
Hypertension,MythVsFact,Myth: Hypertension is caused by eating too much salt alone. Fact: Multiple factors including genetics and lifestyle contribute to high blood pressure.,original
Hypertension,MythVsFact,"Myth: You can skip medication doses if you feel fine. Fact: Skipping doses can cause blood pressure to spike, increasing health risks.",original
Hypertension,MythVsFact,"Myth: Garlic supplements cure hypertension. Fact: While garlic may help slightly, it cannot replace medications or lifestyle changes.",original
Hypertension,MythVsFact,Myth: Hypertension is just a normal part of aging. Fact: While risk increases with age  high blood pressure is not inevitable.,original
Hypertension,MythVsFact,"Myth: Stress is the only cause of hypertension. Fact: Diet, exercise, genetics, and other factors also play significant roles.",original
Hypertension,MythVsFact,Myth: You need symptoms to diagnose hypertension. Fact: Blood pressure measurement is the only way to diagnose it.,original
Hypertension,MythVsFact,"Myth: Medication side effects are worse than hypertension. Fact: Untreated hypertension causes far more serious complications, and many medications have minimal side effects.",original
Hypertension,MythVsFact,Myth: Hypertension only affects your heart. Fact: It can damage kidneys and eyes.,original
Hypertension,MythVsFact,"Myth: If one medication doesn't work, nothing will. Fact: Different medications work for different people, and combinations may be needed.",original
Hypertension,MythVsFact,Myth: You can diagnose hypertension with one measurement. Fact: Multiple readings over time are required for accurate diagnosis.,original
Hypertension,MythVsFact,Myth: Children cannot have hypertension. Fact: Childhood obesity has increased rates of hypertension in children.,original
Hypertension,MythVsFact,"Myth: Herbal teas can replace blood pressure medication. Fact: Some teas may help slightly, but cannot replace prescribed treatment.",original
Hypertension,MythVsFact,"Myth: Only the top number matters. Fact: Both systolic and diastolic readings are important for assessing risk, as elevated levels in either indicate hypertension.",original
Hypertension,MythVsFact,"Myth: Hypertension goes away once treated. Fact: It requires ongoing management, as it is a chronic condition.",original
Hypertension,MythVsFact,"Myth: You should avoid all salt completely. Fact: Moderate salt intake is okay, the key is not exceeding recommended daily limits.",original
Hypertension,MythVsFact,Myth: Vitamins can cure hypertension. Fact: While some vitamins support overall health and may help manage blood pressure when combined with other treatments.,original
Hypertension,MythVsFact,"Myth: Eating more potassium cancels out sodium. Fact: Potassium helps, but reducing sodium intake is still essential.",original
Hypertension,MythVsFact,"Myth: Anxiety and hypertension are the same. Fact: Anxiety can temporarily raise blood pressure, but hypertension is a chronic condition.",original
Hypertension,MythVsFact,"Myth: You cannot exercise with hypertension. Fact: Regular exercise is one of the best ways to manage high blood pressure, when done safely under medical guidance.",original
Hypertension,MythVsFact,"Myth: Lowering blood pressure too much is dangerous. Fact: Your doctor will monitor and adjust treatment to keep it in a healthy range, not dangerously low.",original
Hypertension,MythVsFact,Myth: Hypertension is not preventable. Fact: Healthy lifestyle choices can prevent or delay the onset of high blood pressure.,original
Hypertension,MythVsFact,"Myth: Only medication can control hypertension. Fact: Many people can manage it through diet, exercise, and lifestyle changes alone.",original
Hypertension,MythVsFact,"Myth: Blood pressure medication is addictive. Fact: These medications are not addictive, they help manage a chronic condition.",original
Hypertension,MythVsFact,"Myth: You need expensive equipment to monitor blood pressure. Fact: Affordable, accurate home monitors are widely available.",original
Hypertension,MythVsFact,"Myth: Hypertension is contagious. Fact: High blood pressure is not contagious, though family members may share risk factors.",original
Hypertension,MythVsFact,"Myth: Once you start medication, lifestyle changes don't matter. Fact: Lifestyle modifications enhance medication effectiveness and may reduce the need for higher doses.",original
Hypertension,MythVsFact,"Myth: White coat hypertension is not real. Fact: Some people have elevated readings at the doctor's office, making home monitoring important.",original
Hypertension,Motivation,Every healthy choice you make today is an investment in your tomorrow.,original
Hypertension,Motivation,Your blood pressure numbers don't define you - your commitment to health does.,original
Hypertension,Motivation,"Small daily changes in diet and exercise can lead to big improvements in blood pressure, so stay consistent.",original
Hypertension,Motivation,You have the power to take control of your blood pressure through lifestyle choices.,original
Hypertension,Motivation,Progress is progress no matter how small - celebrate every positive step.,original
Hypertension,Motivation,"Managing hypertension is a journey, not a destination - be patient with yourself.",original
Hypertension,Motivation,Your health is worth every effort you put into managing your blood pressure.,original
Hypertension,Motivation,"Each day you choose health over convenience, you're choosing a longer, better life.",original
Hypertension,Motivation,Don't let one bad day discourage you - tomorrow is a new opportunity.,original
Hypertension,Motivation,"You are stronger than you think, and managing hypertension proves it.",original
Hypertension,Motivation,Focus on what you can control - your food choices and physical activity.,original
Hypertension,Motivation,Every medication you take on time is an act of self-care and self-love.,original
Hypertension,Motivation,Healthy blood pressure starts with a healthy mindset and positive attitude.,original
Hypertension,Motivation,You're not alone in this journey - millions manage hypertension successfully.,original
Hypertension,Motivation,Remember why you started this journey whenever you feel challenged.,original
Hypertension,Motivation,"Consistency beats perfection, keep showing up for your health every day.",original
Hypertension,Motivation,Your body is capable of amazing healing when you give it the right support.,original
Hypertension,Motivation,Be proud of yourself for taking charge of your health today.,original
Hypertension,Motivation,"Every walk, every healthy meal, every deep breath brings you closer to better health.",original
Hypertension,Motivation,Managing hypertension is about progress and not about perfection.,original
Hypertension,Motivation,"Your future self will thank you for the healthy choices you make today, so keep going.",original
Hypertension,Motivation,Success is built on daily habits - make healthy choices your new normal.,original
Hypertension,Motivation,You have the strength to overcome any obstacle in your health journey.,original
Hypertension,Motivation,"Take it one day, one meal, one workout at a time - you've got this.",original
Hypertension,Motivation,"Believe in your ability to manage your blood pressure, you're doing great.",original
Hypertension,Motivation,Your health journey inspires others around you - keep setting a positive example.,original
Hypertension,Motivation,Every time you check your blood pressure and see improvement and celebrate that win.,original
Hypertension,Motivation,A positive attitude and consistent action are your best tools for managing hypertension.,original
Hypertension,Motivation,"Don't compare your journey to others, focus on your own progress and victories.",original
Hypertension,Motivation,Small victories add up to major health improvements over time.,original
Hypertension,Motivation,You're not just managing blood pressure - you're building a healthier lifestyle.,original
Hypertension,Motivation,Each healthy decision reinforces your commitment to a better life.,original
Hypertension,Motivation,Setbacks are temporary - your commitment to health is permanent.,original
Hypertension,Motivation,Your willingness to change shows incredible strength and determination.,original
Hypertension,Motivation,"Stay focused on your goals, and don't let temporary obstacles discourage you.",original
Hypertension,Motivation,You are your best health advocate - take charge with confidence.,original
Hypertension,Motivation,Every sunrise brings a new chance to make healthy choices for your blood pressure.,original
Hypertension,Motivation,"The effort you invest in your health today will pay dividends tomorrow, so stay committed.",original
Hypertension,Motivation,Managing hypertension is not a burden - it's a gift of self-care.,original
Hypertension,Motivation,Your determination to stay healthy is inspiring - keep up the great work.,original
Hypertension,Motivation,"Focus on how far you've come, not how far you have to go.",original
Hypertension,Motivation,Each day you manage your blood pressure is a day you're winning at life.,original
Hypertension,Motivation,Your health transformation begins with one decision at a time.,original
Hypertension,Motivation,Be kind to yourself on difficult days - progress is not always linear.,original
Hypertension,Motivation,"You deserve to live a long, healthy life - and you're working toward it every day.",original
Hypertension,Motivation,Your commitment to managing hypertension shows how much you value yourself.,original
Hypertension,Motivation,"Celebrate every milestone, no matter how small - they all matter.",original
Hypertension,Motivation,"Keep going, even when it's hard - that's when you're building real strength.",original
Hypertension,Motivation,"Your health journey is unique and valuable, honor it every day.",original
Hypertension,Motivation,Remember that managing hypertension is an act of love for yourself and your family.,original
Hypertension,Checkup,Get your blood pressure checked at least once a year even if you feel healthy.,original
Hypertension,Checkup,Schedule regular appointments with your doctor every 3-6 months to monitor blood pressure.,original
Hypertension,Checkup,Keep a home blood pressure monitor and record readings regularly.,original
Hypertension,Checkup,Share your home blood pressure log with your doctor during checkups.,original
Hypertension,Checkup,Get your kidney function tested annually as hypertension can affect kidneys.,original
Hypertension,Checkup,"Check your cholesterol and lipid levels regularly, as they're related to blood pressure management.",original
Hypertension,Checkup,Discuss your medications during every visit to ensure they're working effectively.,original
Hypertension,Checkup,Get your heart checked with ECG tests as recommended by your doctor.,original
Hypertension,Checkup,Monitor your weight regularly as it affects blood pressure management.,original
Hypertension,Checkup,"Regular eye exams are important as hypertension can affect vision, schedule annual checkups.",original
Hypertension,Checkup,Don't skip follow-up appointments even when your blood pressure seems well-controlled.,original
Hypertension,Checkup,"Measure your blood pressure at the same time each day for consistency, preferably in the morning.",original
Hypertension,Checkup,Keep track of your medication compliance and discuss any issues with your doctor.,original
Hypertension,Checkup,Get your blood sugar checked regularly as diabetes and hypertension often occur together.,original
Hypertension,Checkup,"Schedule a comprehensive health screening annually to check overall health, not just blood pressure.",original
Hypertension,Checkup,Discuss any new symptoms or concerns promptly with your healthcare provider.,original
Hypertension,Checkup,"Report any medication side effects immediately, don't wait for your next scheduled appointment.",original
Hypertension,Checkup,Keep an updated list of all your medications for every doctor visit.,original
Hypertension,Checkup,Track your dietary habits and discuss them with your doctor or dietitian.,original
Hypertension,Checkup,Get your blood pressure checked at different times of day to see patterns.,original
Hypertension,Checkup,"Monitor for signs of complications like chest pain, severe headaches, or vision changes.",original
Hypertension,Checkup,Regular checkups help your doctor adjust treatment as your needs change.,original
Hypertension,Checkup,Bring a list of questions to each appointment to make the most of your visit.,original
Hypertension,Checkup,Get baseline tests done when first diagnosed to track progress over time.,original
Hypertension,Checkup,Have your blood pressure checked by a healthcare professional to verify home readings.,original
Hypertension,Checkup,Discuss your stress levels and mental health during checkups.,original
Hypertension,Checkup,Regular monitoring helps detect resistant hypertension that may need different treatment.,original
Hypertension,Checkup,"Check your thyroid function periodically, as thyroid problems can affect blood pressure.",original
Hypertension,Checkup,Ask about additional tests if you have family history of heart disease.,original
Hypertension,Checkup,"Get your electrolyte levels checked, especially if taking certain blood pressure medications.",original
Hypertension,Checkup,Schedule dental checkups regularly as gum disease is linked to cardiovascular health.,original
Hypertension,Checkup,"Update your doctor about any lifestyle changes, including diet and exercise habits.",original
Hypertension,Checkup,Discuss your sleep quality as sleep apnea can worsen hypertension.,original
Hypertension,Checkup,Keep records of all your test results to track long-term trends.,original
Hypertension,Checkup,Never self-adjust your medication without consulting your doctor first.,original
Hypertension,Checkup,Ask about your target blood pressure range and work toward maintaining it.,original
Hypertension,Checkup,Regular checkups help prevent serious complications like stroke and heart attack.,original
Hypertension,Checkup,Discuss your alcohol consumption and its impact on blood pressure.,original
Hypertension,Checkup,Get your BMI calculated and discuss healthy weight goals with your doctor.,original
Hypertension,Checkup,Annual cardiovascular risk assessment helps guide your treatment plan.,original
Hypertension,Checkup,Check your pulse regularly and report any irregular heartbeats.,original
Hypertension,Checkup,"Review your medication schedule to ensure proper timing and dosage, as consistency is key.",original
Hypertension,Checkup,"Schedule appointments in advance to maintain regular monitoring, even during busy times.",original
Hypertension,Checkup,Bring your home blood pressure monitor to appointments for accuracy verification.,original
Hypertension,Checkup,Discuss any supplements or herbal remedies you're taking with your doctor.,original
Hypertension,Checkup,Get your urine tested periodically to check for protein and kidney health.,original
Hypertension,Checkup,"Regular monitoring empowers you to take control of your blood pressure, so stay consistent with checkups.",original
Hypertension,Checkup,Ask questions during checkups - understanding your condition helps with management.,original
Hypertension,Checkup,Prevention is better than cure - regular checkups help catch problems early.,original
Hypertension,SelfCare,Check your blood pressure regularly at home and keep a log.,original
Hypertension,SelfCare,Take your medications at the same time every day without skipping doses.,original
Hypertension,SelfCare,"Get 7-8 hours of quality sleep each night, as poor sleep raises blood pressure.",original
Hypertension,SelfCare,Practice stress management through meditation or deep breathing exercises daily.,original
Hypertension,SelfCare,Stay hydrated by drinking adequate water throughout the day.,original
Hypertension,SelfCare,Limit alcohol consumption to recommended levels or avoid it completely.,original
Hypertension,SelfCare,Quit smoking and avoid secondhand smoke exposure to protect your blood vessels.,original
Hypertension,SelfCare,Maintain a healthy weight through balanced diet and regular exercise.,original
Hypertension,SelfCare,Prepare meals at home to control sodium and ingredient quality.,original
Hypertension,SelfCare,"Read food labels carefully before purchasing to check sodium content, avoiding high-sodium products.",original
Hypertension,SelfCare,Keep healthy snacks readily available to avoid high-sodium processed foods.,original
Hypertension,SelfCare,Practice portion control to prevent overeating and weight gain.,original
Hypertension,SelfCare,"Set daily reminders for medication, exercise, and blood pressure checks.",original
Hypertension,SelfCare,Create a calm environment at home to reduce stress and anxiety.,original
Hypertension,SelfCare,"Engage in relaxing hobbies like reading, gardening, or listening to music.",original
Hypertension,SelfCare,Take short breaks during work to move and stretch throughout the day.,original
Hypertension,SelfCare,Keep emergency contact numbers and medical information easily accessible.,original
Hypertension,SelfCare,Organize your medications in a pill organizer to prevent missed doses.,original
Hypertension,SelfCare,Monitor your weight weekly and track changes over time.,original
Hypertension,SelfCare,Practice gratitude and positive thinking to reduce stress levels.,original
Hypertension,SelfCare,Avoid excessive caffeine especially in the evening hours.,original
Hypertension,SelfCare,Limit screen time before bed to improve sleep quality.,original
Hypertension,SelfCare,Stay socially connected with family and friends for emotional support.,original
Hypertension,SelfCare,Join a support group to connect with others managing hypertension.,original
Hypertension,SelfCare,Set realistic health goals and celebrate when you achieve them.,original
Hypertension,SelfCare,"Avoid energy drinks and stimulants that can spike blood pressure, choosing water or herbal tea instead.",original
Hypertension,SelfCare,"Create a daily routine that includes time for exercise, meals, and relaxation.",original
Hypertension,SelfCare,"Learn to say no to commitments that cause unnecessary stress, prioritizing your health.",original
Hypertension,SelfCare,Practice mindful eating by sitting down and eating slowly without distractions.,original
Hypertension,SelfCare,Keep a health journal to track blood pressure and identify patterns.,original
Hypertension,SelfCare,Wear comfortable loose clothing that doesn't restrict circulation.,original
Hypertension,SelfCare,Spend time in nature to naturally reduce stress and blood pressure.,original
Hypertension,SelfCare,Listen to your body and rest when you feel tired or overwhelmed.,original
Hypertension,SelfCare,Avoid situations and people that consistently cause stress when possible.,original
Hypertension,SelfCare,"Practice positive self-talk, replacing negative thoughts with encouraging ones.",original
Hypertension,SelfCare,Keep your living space organized and clutter-free to reduce mental stress.,original
Hypertension,SelfCare,"Delegate tasks when possible, don't try to do everything yourself.",original
Hypertension,SelfCare,"Limit consumption of processed and packaged foods, choosing fresh ingredients instead.",original
Hypertension,SelfCare,Take warm baths or showers to relax before bedtime.,original
Hypertension,SelfCare,Practice yoga or gentle stretching to reduce tension and improve flexibility.,original
Hypertension,SelfCare,"Stay informed about hypertension but avoid excessive worry, focus on what you can control.",original
Hypertension,SelfCare,Create boundaries between work and personal time to reduce stress.,original
Hypertension,SelfCare,Express your feelings and concerns rather than keeping them bottled up.,original
Hypertension,SelfCare,Laugh often - humor and joy have positive effects on blood pressure.,original
Hypertension,SelfCare,"Plan your week in advance, including meals and exercise time.",original
Hypertension,SelfCare,Avoid rushing - give yourself extra time for tasks to reduce stress.,original
Hypertension,SelfCare,Keep your doctor's contact information handy for any concerns or questions.,original
Hypertension,SelfCare,"Remember that self-care is not selfish, it's essential for managing hypertension.",original
Hypertension,SelfCare,Be patient with yourself - managing hypertension is a lifelong journey that requires consistency.,original
Hypertension,SelfCare,"Celebrate small victories like stable readings or completing your exercise goal, every achievement matters.",original
Renal Disease,Diet,Limit protein intake as advised by your doctor to reduce kidney workload.,original
Renal Disease,Diet,"Control phosphorus by avoiding dairy products, nuts, and processed foods.",original
Renal Disease,Diet,"Limit potassium-rich foods like bananas, oranges, and tomatoes.",original
Renal Disease,Diet,Reduce sodium intake to prevent fluid retention and high blood pressure.,original
Renal Disease,Diet,Monitor fluid intake carefully to prevent overload on your kidneys.,original
Renal Disease,Diet,Choose high-quality protein sources like egg whites and fish in moderation.,original
Renal Disease,Diet,Avoid dark sodas as they are high in phosphorus.,original
Renal Disease,Diet,Limit potassium by choosing apples and berries over bananas and oranges.,original
Renal Disease,Diet,"Read food labels carefully for hidden sodium, phosphorus, and potassium.",original
Renal Disease,Diet,Cook at home to better control ingredients and portions.,original
Renal Disease,Diet,Avoid processed and packaged foods high in sodium and phosphorus additives.,original
Renal Disease,Diet,Choose white bread over whole wheat to reduce phosphorus intake.,original
Renal Disease,Diet,Limit dairy products or choose phosphorus binders as recommended.,original
Renal Disease,Diet,Drain canned vegetables and fruits to reduce potassium content.,original
Renal Disease,Diet,Use herbs and spices instead of salt for flavoring your meals.,original
Renal Disease,Diet,Avoid foods with phosphorus additives often found in processed meats.,original
Renal Disease,Diet,"Eat smaller, more frequent meals to manage nausea and maintain energy.",original
Renal Disease,Diet,Choose rice milk or almond milk instead of regular milk.,original
Renal Disease,Diet,Limit chocolate and nuts as they are high in both phosphorus and potassium.,original
Renal Disease,Diet,Avoid instant and processed foods that contain high levels of sodium.,original
Renal Disease,Diet,Work with a renal dietitian to create a personalized meal plan.,original
Renal Disease,Diet,Boil vegetables twice to reduce potassium content before eating.,original
Renal Disease,Diet,Choose fresh or frozen vegetables over canned ones when possible.,original
Renal Disease,Diet,Limit intake of whole grains as they are higher in phosphorus.,original
Renal Disease,Diet,"Avoid salt substitutes as they often contain high levels of potassium, which can be harmful.",original
Renal Disease,Diet,Choose white rice over brown rice to reduce phosphorus and potassium.,original
Renal Disease,Diet,Limit beans and lentils as they are high in potassium and phosphorus.,original
Renal Disease,Diet,Avoid organ meats like liver which are high in phosphorus.,original
Renal Disease,Diet,Choose olive oil or vegetable oils for cooking instead of butter.,original
Renal Disease,Diet,Limit your intake of seeds as they contain high phosphorus.,original
Renal Disease,Diet,Avoid pickles and olives which are very high in sodium.,original
Renal Disease,Diet,Choose low-potassium vegetables like cabbage and cauliflower.,original
Renal Disease,Diet,Limit tomato-based products like sauce and paste due to high potassium.,original
Renal Disease,Diet,Avoid star fruit which can be toxic for people with kidney disease.,original
Renal Disease,Diet,"Monitor portion sizes carefully, even with allowed foods.",original
Renal Disease,Diet,Keep a food diary to track your nutrient intake and identify problems.,original
Renal Disease,Diet,Choose light-colored sodas over dark ones to reduce phosphorus.,original
Renal Disease,Diet,Limit consumption of bran cereals and whole grain products.,original
Renal Disease,Diet,Avoid processed cheese and choose small amounts of natural cheese if allowed.,original
Renal Disease,Diet,Rinse canned foods thoroughly before eating to reduce sodium.,original
Renal Disease,Diet,Choose fresh meats over processed deli meats and hot dogs.,original
Renal Disease,Diet,Limit intake of dried fruits as they are concentrated sources of potassium.,original
Renal Disease,Diet,Avoid sports drinks which are often high in potassium and phosphorus.,original
Renal Disease,Diet,"Plan meals in advance to ensure you stay within dietary restrictions, avoiding last-minute unhealthy choices.",original
Renal Disease,Diet,Stay informed about food content and make educated choices for your kidney health.,original
Renal Disease,Diet,Limit avocados as they are very high in potassium despite being healthy fats.,original
Renal Disease,Diet,Choose cranberries over other fruits for kidney-friendly antioxidants.,original
Renal Disease,Diet,Avoid excessive vitamin C supplements as they can be harmful to kidneys.,original
Renal Disease,Diet,Balance your diet carefully - restrictions don't mean poor nutrition when planned properly.,original
Renal Disease,Diet,"Follow your dietitian's recommendations exactly, as kidney disease nutrition is very individualized.",original
Renal Disease,Exercise,"Engage in light to moderate exercise like walking for 20-30 minutes daily, as approved by your doctor.",original
Renal Disease,Exercise,Start slowly and gradually increase activity level to avoid overexertion.,original
Renal Disease,Exercise,Choose low-impact activities like swimming or water aerobics.,original
Renal Disease,Exercise,Practice gentle stretching to maintain flexibility and reduce muscle tension.,original
Renal Disease,Exercise,Listen to your body and rest when you feel tired or fatigued.,original
Renal Disease,Exercise,"Avoid intense workouts that cause excessive fatigue, keeping exercise moderate.",original
Renal Disease,Exercise,Stay hydrated during exercise within your fluid restrictions.,original
Renal Disease,Exercise,Try chair exercises if you have limited mobility or energy.,original
Renal Disease,Exercise,Include balance exercises to prevent falls and improve stability.,original
Renal Disease,Exercise,Take short walks after meals to aid digestion and maintain activity.,original
Renal Disease,Exercise,Exercise at times when you have the most energy during the day.,original
Renal Disease,Exercise,"Practice deep breathing exercises to reduce stress and improve oxygenation, which supports overall health.",original
Renal Disease,Exercise,Avoid exercise on dialysis days or when feeling particularly weak.,original
Renal Disease,Exercise,Join a gentle yoga class designed for people with chronic conditions.,original
Renal Disease,Exercise,Use light resistance bands for gentle strength training.,original
Renal Disease,Exercise,"Monitor your blood pressure before and after exercise, reporting any unusual changes.",original
Renal Disease,Exercise,Exercise with a friend or family member for safety and motivation.,original
Renal Disease,Exercise,Avoid exercising in extreme heat or cold conditions to prevent stress on your body.,original
Renal Disease,Exercise,Take frequent breaks during physical activity to prevent overexertion.,original
Renal Disease,Exercise,Try tai chi for gentle movement that reduces stress.,original
Renal Disease,Exercise,Wear comfortable shoes with good support during exercise.,original
Renal Disease,Exercise,Set realistic exercise goals based on your energy levels and capabilities.,original
Renal Disease,Exercise,Track your activity to notice patterns in energy and fatigue.,original
Renal Disease,Exercise,"Stop immediately if you experience chest pain, dizziness, or severe shortness of breath.",original
Renal Disease,Exercise,Include rest days in your exercise routine for recovery.,original
Renal Disease,Exercise,Exercise during cooler parts of the day if heat affects you.,original
Renal Disease,Exercise,Focus on maintaining current function rather than intense improvement.,original
Renal Disease,Exercise,Try stationary cycling at a comfortable pace for gentle cardio.,original
Renal Disease,Exercise,"Avoid heavy lifting which can strain your body, especially if you have a fistula.",original
Renal Disease,Exercise,Practice relaxation exercises to complement physical activity.,original
Renal Disease,Exercise,Keep your movements gentle and controlled to prevent injury.,original
Renal Disease,Exercise,Exercise can help improve sleep quality and reduce fatigue over time.,original
Renal Disease,Exercise,Discuss your exercise plan with your nephrologist before starting.,original
Renal Disease,Exercise,Stay consistent with gentle daily movement rather than sporadic intense exercise.,original
Renal Disease,Exercise,Pay attention to how different activities affect your energy levels.,original
Renal Disease,Exercise,"If on dialysis, light exercise on non-dialysis days may help maintain strength.",original
Renal Disease,Exercise,Warm up properly before any physical activity to prevent muscle strain.,original
Renal Disease,Exercise,Cool down gradually after exercise to allow your body to adjust.,original
Renal Disease,Exercise,Use proper form during exercises to prevent injury and maximize benefit.,original
Renal Disease,Exercise,"Modify exercises as needed, there's no shame in adjusting to your ability level.",original
Renal Disease,Exercise,"Regular gentle movement helps maintain muscle mass and bone strength, which is important for overall health.",original
Renal Disease,Exercise,Stay positive - even small amounts of movement benefit your overall health.,original
Renal Disease,Exercise,Consider working with a physical therapist familiar with kidney disease.,original
Renal Disease,Exercise,Remember that rest is also important - don't push through severe fatigue.,original
Renal Disease,Exercise,"Celebrate your ability to move, regardless of intensity or duration.",original
Renal Disease,Exercise,Exercise can improve mood and mental health during your kidney disease journey.,original
Renal Disease,Exercise,"Consistency matters more than intensity, so find activities you can sustain long-term.",original
Renal Disease,Exercise,Adjust your routine based on how you feel each day - flexibility is key.,original
Renal Disease,Exercise,"Physical activity helps maintain independence and quality of life, making it worth the effort even on difficult days.",original
Renal Disease,Exercise,Always inform your healthcare team about your exercise routine and any concerns that arise.,original
Renal Disease,Awareness,"Chronic kidney disease often has no symptoms in early stages, making screening important.",original
Renal Disease,Awareness,"Diabetes and hypertension are the leading causes of kidney disease, highlighting the importance of managing these conditions.",original
Renal Disease,Awareness,Your kidneys filter about 200 quarts of blood daily to remove waste.,original
Renal Disease,Awareness,"Once kidney function is lost, it cannot be restored, making prevention crucial.",original
Renal Disease,Awareness,"Regular checkups can detect kidney disease early when treatment is most effective, so don't skip screenings.",original
Renal Disease,Awareness,Kidney disease is classified in five stages based on filtration rate.,original
Renal Disease,Awareness,"Protein in urine is an early sign of kidney damage that shouldn't be ignored, requiring medical evaluation.",original
Renal Disease,Awareness,Family history of kidney disease increases your risk significantly.,original
Renal Disease,Awareness,"African, Hispanic, and Native American populations have higher kidney disease risk.",original
Renal Disease,Awareness,Kidney disease can progress silently for years before symptoms appear.,original
Renal Disease,Awareness,"Managing underlying conditions like diabetes helps protect your kidneys from further damage, slowing disease progression.",original
Renal Disease,Awareness,Your kidneys also regulate blood pressure and produce important hormones.,original
Renal Disease,Awareness,Acute kidney injury can sometimes be reversed with prompt treatment.,original
Renal Disease,Awareness,"Chronic kidney disease requires lifelong management and monitoring, but can be managed effectively with proper care.",original
Renal Disease,Awareness,Kidneys help maintain bone health by activating vitamin D.,original
Renal Disease,Awareness,"Anemia is common in kidney disease as kidneys produce erythropoietin for red blood cells, and reduced kidney function affects this process.",original
Renal Disease,Awareness,Kidney disease increases cardiovascular risk significantly and requires heart health monitoring.,original
Renal Disease,Awareness,"Over 850 million people worldwide have kidney diseases, making it a major global health concern.",original
Renal Disease,Awareness,Many people don't know they have kidney disease until it's advanced.,original
Renal Disease,Awareness,"Early detection can slow progression and delay the need for dialysis, making regular checkups essential.",original
Renal Disease,Awareness,"Nephrotoxic medications can harm kidneys, so always inform doctors of kidney issues before taking new medications.",original
Renal Disease,Awareness,"Dehydration can worsen kidney function, making adequate hydration important within your restrictions.",original
Renal Disease,Awareness,"Kidney stones and repeated infections can lead to chronic kidney damage over time, requiring prompt treatment.",original
Renal Disease,Awareness,Glomerulonephritis is inflammation of kidney filters that needs medical attention.,original
Renal Disease,Awareness,"Polycystic kidney disease is an inherited condition causing kidney cysts, often leading to kidney failure.",original
Renal Disease,Awareness,Smoking accelerates kidney disease progression and should be avoided completely.,original
Renal Disease,Awareness,"Obesity increases risk of developing kidney disease, making weight management important for prevention.",original
Renal Disease,Awareness,"Regular exercise helps protect kidney function when done appropriately, supporting overall health.",original
Renal Disease,Awareness,"Kidney disease affects your body's ability to balance electrolytes like potassium and phosphorus, requiring dietary management.",original
Renal Disease,Awareness,"Advanced kidney disease may require dialysis or transplant, making early intervention crucial.",original
Renal Disease,Awareness,"Blood and urine tests can assess kidney function effectively, providing early warning signs.",original
Renal Disease,Awareness,"GFR (glomerular filtration rate) measures how well kidneys filter waste, serving as a key indicator of kidney health.",original
Renal Disease,Awareness,"Creatinine levels in blood indicate kidney function status, with elevated levels suggesting kidney problems.",original
Renal Disease,Awareness,Swelling in legs and ankles can indicate kidney problems requiring medical evaluation.,original
Renal Disease,Awareness,Fatigue and weakness are common symptoms of declining kidney function due to anemia and toxin buildup.,original
Renal Disease,Awareness,"Changes in urination patterns warrant medical attention, including frequency, color, or amount.",original
Renal Disease,Awareness,"Foamy urine may indicate protein leakage, a sign of kidney damage.",original
Renal Disease,Awareness,"High blood pressure both causes and results from kidney disease, creating a harmful cycle.",original
Renal Disease,Awareness,"Nausea and loss of appetite often occur as kidneys fail to remove toxins properly, affecting digestive function.",original
Renal Disease,Awareness,Kidney disease management is a team effort involving nephrologists and dietitians.,original
Renal Disease,Awareness,"Living donor kidney transplants have better outcomes than deceased donor transplants, offering hope for those needing transplantation.",original
Renal Disease,Awareness,"Peritoneal dialysis and hemodialysis are two types of dialysis treatment available, each with different advantages.",original
Renal Disease,Awareness,"Many people live full lives with kidney disease through proper management, demonstrating that quality of life can be maintained.",original
Renal Disease,Awareness,"Medication adjustments are often needed as kidney function declines, requiring close medical supervision.",original
Renal Disease,Awareness,"Mental health support is important when managing chronic kidney disease, as it can be emotionally challenging.",original
Renal Disease,Awareness,Kidney disease awareness saves lives through early detection and intervention.,original
Renal Disease,Awareness,"Support groups help patients cope with the emotional challenges of kidney disease, providing valuable community connections.",original
Renal Disease,Awareness,"Research continues to develop new treatments for kidney disease, offering hope for better management options in the future.",original
Renal Disease,Awareness,"Education about kidney disease empowers patients to participate in their care, improving outcomes and quality of life.",original
Renal Disease,MythVsFact,"Myth: Kidney disease only affects older people. Fact: It can develop at any age, including in children and young adults.",original
Renal Disease,MythVsFact,"Myth: If you feel fine, your kidneys are healthy. Fact: Kidney disease often has no symptoms until advanced stages.",original
Renal Disease,MythVsFact,"Myth: Drinking lots of water can cure kidney disease. Fact: While hydration helps, it cannot reverse kidney damage.",original
Renal Disease,MythVsFact,"Myth: Kidney disease always leads to dialysis. Fact: With early detection and management, progression can be slowed.",original
Renal Disease,MythVsFact,Myth: You can live without kidneys. Fact: You need dialysis or a transplant to survive without functioning kidneys.,original
Renal Disease,MythVsFact,Myth: Herbal remedies can cure kidney disease. Fact: Some herbs can actually harm kidneys further.,original
Renal Disease,MythVsFact,"Myth: Dialysis is painful. Fact: While uncomfortable at times, modern dialysis is generally well-tolerated.",original
Renal Disease,MythVsFact,"Myth: You can't eat any protein with kidney disease. Fact: You need protein, but the amount must be controlled.",original
Renal Disease,MythVsFact,Myth: Kidney disease is contagious. Fact: It cannot be spread from person to person.,original
Renal Disease,MythVsFact,"Myth: Once on dialysis, you can never stop. Fact: A successful transplant eliminates the need for dialysis.",original
Renal Disease,MythVsFact,"Myth: Kidney disease only affects your kidneys. Fact: It affects your entire body including heart, bones, and blood.",original
Renal Disease,MythVsFact,Myth: You can feel when your kidneys are failing. Fact: Most people have no symptoms until significant damage occurs.,original
Renal Disease,MythVsFact,Myth: All kidney patients need the same diet. Fact: Dietary needs vary based on stage and individual factors.,original
Renal Disease,MythVsFact,Myth: Cranberry juice cures kidney problems. Fact: It may help prevent UTIs but doesn't treat kidney disease.,original
Renal Disease,MythVsFact,Myth: You can donate a kidney and have no health issues. Fact: Most donors live healthy lives with one kidney.,original
Renal Disease,MythVsFact,"Myth: Kidney disease is always hereditary. Fact: While genetics play a role, lifestyle factors are often more important.",original
Renal Disease,MythVsFact,Myth: Drinking alcohol is fine with kidney disease. Fact: Alcohol can worsen kidney function and should be limited.,original
Renal Disease,MythVsFact,Myth: Exercise is dangerous with kidney disease. Fact: Appropriate exercise is beneficial when approved by your doctor.,original
Renal Disease,MythVsFact,Myth: Kidney disease can be cured. Fact: It can be managed but not cured once chronic damage occurs.,original
Renal Disease,MythVsFact,Myth: You only have two kidneys to worry about. Fact: Each kidney contains about one million filtering units called nephrons.,original
Renal Disease,MythVsFact,"Myth: Kidney stones and kidney disease are the same. Fact: Kidney stones are different, though repeated stones can cause disease.",original
Renal Disease,MythVsFact,Myth: Supplements are safe for kidney patients. Fact: Many supplements can harm kidneys and should be avoided.,original
Renal Disease,MythVsFact,"Myth: You can't travel on dialysis. Fact: With planning, dialysis patients can travel and vacation.",original
Renal Disease,MythVsFact,Myth: Kidney disease means you'll die soon. Fact: Many people live for decades with proper management.,original
Renal Disease,MythVsFact,Myth: Children can't donate kidneys to adults. Fact: Pediatric kidneys can successfully function in adults.,original
Renal Disease,MythVsFact,"Myth: Kidney function always declines steadily. Fact: With good management, function can remain stable for years.",original
Renal Disease,MythVsFact,Myth: You need to match blood type for kidney donation. Fact: Some programs allow incompatible blood type donations through desensitization.,original
Renal Disease,MythVsFact,Myth: Dialysis patients can't work. Fact: Many dialysis patients maintain employment successfully.,original
Renal Disease,MythVsFact,Myth: Kidney disease is rare. Fact: About 10% of the global population has some form of kidney disease.,original
Renal Disease,MythVsFact,Myth: You can't have a baby with kidney disease. Fact: Pregnancy is possible but requires careful medical management.,original
Renal Disease,MythVsFact,Myth: Peritoneal dialysis is less effective than hemodialysis. Fact: Both are effective treatments with different advantages.,original
Renal Disease,MythVsFact,"Myth: Kidney transplants last forever. Fact: Transplanted kidneys have limited lifespans, though some last many years.",original
Renal Disease,MythVsFact,"Myth: You must be related to donate a kidney. Fact: Anyone compatible can donate, including friends and altruistic donors.",original
Renal Disease,MythVsFact,"Myth: Kidney disease only affects excretion. Fact: Kidneys also regulate blood pressure, blood production, and bone health.",original
Renal Disease,MythVsFact,"Myth: You can't taste food on a renal diet. Fact: With herbs and spices, renal-friendly food can be delicious.",original
Renal Disease,MythVsFact,Myth: Kidney disease is a death sentence. Fact: It's a manageable chronic condition with proper care.,original
Renal Disease,MythVsFact,Myth: You need complete bed rest with kidney disease. Fact: Staying active within limits is beneficial.,original
Renal Disease,MythVsFact,Myth: Dialysis removes all toxins. Fact: It helps but doesn't completely replace all kidney functions.,original
Renal Disease,MythVsFact,Myth: Kidney disease is your fault. Fact: Many factors beyond your control contribute to kidney disease.,original
Renal Disease,MythVsFact,"Myth: You can't enjoy life with kidney disease. Fact: With proper management, quality of life can be maintained.",original
Renal Disease,MythVsFact,"Myth: Kidney disease only affects the elderly. Fact: Younger people, including children, can develop kidney problems.",original
Renal Disease,MythVsFact,Myth: There's nothing you can do about kidney disease. Fact: Lifestyle changes and treatment can significantly slow progression.,original
Renal Disease,MythVsFact,Myth: All protein is bad for kidneys. Fact: High-quality protein in appropriate amounts is necessary.,original
Renal Disease,MythVsFact,Myth: Kidney disease always causes pain. Fact: Most kidney disease is painless until very advanced.,original
Renal Disease,MythVsFact,Myth: You can't eat vegetables with kidney disease. Fact: Many vegetables are kidney-friendly when prepared properly.,original
Renal Disease,MythVsFact,Myth: Medication alone can fix kidney disease. Fact: Diet and lifestyle changes are equally important.,original
Renal Disease,MythVsFact,Myth: Dialysis is the only option for kidney failure. Fact: Transplantation is another treatment option.,original
Renal Disease,MythVsFact,Myth: You can cure kidney disease with diet. Fact: Diet helps manage it but cannot cure established damage.,original
Renal Disease,MythVsFact,Myth: Kidney function always gets worse. Fact: Proper management can stabilize function for extended periods.,original
Renal Disease,MythVsFact,Myth: You can't build muscle with kidney disease. Fact: Appropriate exercise and protein can maintain muscle mass.,original
Renal Disease,Motivation,"Your kidneys may be challenged, but your spirit remains strong.",original
Renal Disease,Motivation,Every healthy choice you make supports your kidney function and overall well-being.,original
Renal Disease,Motivation,"Managing kidney disease takes courage, and you show that courage every day.",original
Renal Disease,Motivation,You are more than your kidney function numbers - you are resilient and capable.,original
Renal Disease,Motivation,"Focus on what you can control, your diet, medications, and positive mindset.",original
Renal Disease,Motivation,"Each day you follow your treatment plan, you're fighting for your health and future.",original
Renal Disease,Motivation,"Progress may be slow, but every step forward matters in your kidney health journey.",original
Renal Disease,Motivation,You're not alone - millions of people successfully manage kidney disease daily.,original
Renal Disease,Motivation,"Your commitment to your health inspires those around you, showing strength and determination.",original
Renal Disease,Motivation,"Celebrate small victories, like staying within fluid limits or following your diet.",original
Renal Disease,Motivation,"Be patient with yourself, managing kidney disease is a marathon, not a sprint.",original
Renal Disease,Motivation,"Your determination to follow a restricted diet shows incredible self-discipline and strength, and that's worth celebrating.",original
Renal Disease,Motivation,"Every dialysis session you complete is a testament to your will to live, showing your incredible resilience.",original
Renal Disease,Motivation,"You are your best health advocate, speak up and ask questions about your care.",original
Renal Disease,Motivation,"Staying positive isn't always easy, but it makes the journey more bearable and improves outcomes.",original
Renal Disease,Motivation,"Your body may need extra support, but your spirit is unbreakable and continues to shine.",original
Renal Disease,Motivation,Each medication you take on time is an act of self-love and commitment to your health.,original
Renal Disease,Motivation,"Don't let bad days define you, tomorrow brings new opportunities for better health.",original
Renal Disease,Motivation,You're learning to thrive despite limitations - that's true strength and courage.,original
Renal Disease,Motivation,"Focus on quality of life, not just quantity - make each day meaningful and joyful.",original
Renal Disease,Motivation,"Your journey may be difficult, but you're proving daily that you're up to the challenge.",original
Renal Disease,Motivation,"Remember why you're fighting, for yourself and the people who love you.",original
Renal Disease,Motivation,Managing kidney disease doesn't mean giving up on dreams - adapt and pursue them differently.,original
Renal Disease,Motivation,"You're stronger than you realize, and each day proves it again and again.",original
Renal Disease,Motivation,"Take pride in your ability to follow complex dietary restrictions, it's not easy but you're doing it.",original
Renal Disease,Motivation,"Your health team is rooting for you, and so are your loved ones - you have support.",original
Renal Disease,Motivation,"Every lab result that's stable or improved is worth celebrating, no matter how small the victory.",original
Renal Disease,Motivation,"Be kind to yourself on difficult days, healing and management aren't linear processes.",original
Renal Disease,Motivation,"Your willingness to adapt shows incredible flexibility and strength of character, inspiring others around you.",original
Renal Disease,Motivation,"Focus on what you can still do, not what you can't - possibilities still exist.",original
Renal Disease,Motivation,"You're writing your own story of resilience and determination, one day at a time.",original
Renal Disease,Motivation,"Managing kidney disease is challenging, but you face that challenge with grace and courage daily.",original
Renal Disease,Motivation,"Your efforts today build a better tomorrow, even when progress seems slow or invisible.",original
Renal Disease,Motivation,"Stay hopeful, medical advances continue and your perseverance keeps you ready for them.",original
Renal Disease,Motivation,"You matter, your health matters, and your efforts matter - never forget that truth.",original
Renal Disease,Motivation,"Each day you manage your condition is a day you've chosen life and health, and that's powerful.",original
Renal Disease,Motivation,"You're not just surviving, you're learning to thrive within your circumstances and showing others how.",original
Renal Disease,Motivation,"Your journey inspires others facing similar challenges, giving them hope and encouragement through your example.",original
Renal Disease,Motivation,"Believe in your ability to manage this condition, you've already proven you can by making it this far.",original
Renal Disease,Motivation,"Every restriction you follow is an investment in your future health and longevity, showing your commitment.",original
Renal Disease,Motivation,"You're doing better than you think, give yourself credit for all you manage daily with kidney disease.",original
Renal Disease,Motivation,"Stay connected with your support system, you don't have to face this journey alone - let others help.",original
Renal Disease,Motivation,"Your positive attitude and determination can influence your outcomes, so keep believing in yourself.",original
Renal Disease,Motivation,"Remember that setbacks are temporary, but your commitment to health is permanent and unwavering.",original
Renal Disease,Motivation,"You've adapted to so much already, proving you can handle whatever comes next with strength and grace.",original
Renal Disease,Motivation,"Take time to acknowledge how far you've come, not just how far you have to go - progress matters.",original
Renal Disease,Motivation,"Your health journey is unique, don't compare yourself to others - focus on your own path and victories.",original
Renal Disease,Motivation,"Managing kidney disease is an act of courage you perform every single day, and that deserves recognition.",original
Renal Disease,Motivation,"Keep fighting, keep hoping, keep living - you're worth every effort you put into your health and wellbeing.",original
Renal Disease,Checkup,Schedule regular appointments with your nephrologist every 3-6 months based on your condition.,original
Renal Disease,Checkup,"Get your GFR checked regularly to monitor kidney function decline or stability, tracking disease progression.",original
Renal Disease,Checkup,Have your blood tested for creatinine and urea levels frequently as directed by your doctor.,original
Renal Disease,Checkup,"Check electrolyte levels regularly, especially potassium and phosphorus, to prevent dangerous imbalances.",original
Renal Disease,Checkup,Get urine tests to check for protein and other indicators of kidney health and damage.,original
Renal Disease,Checkup,Monitor your blood pressure at home and during all medical visits consistently.,original
Renal Disease,Checkup,Have your hemoglobin checked regularly to detect and manage anemia from kidney disease.,original
Renal Disease,Checkup,Get bone density tests as kidney disease affects bone health through mineral imbalances.,original
Renal Disease,Checkup,Monitor parathyroid hormone levels which affect calcium and phosphorus balance critically.,original
Renal Disease,Checkup,Check vitamin D levels regularly as kidneys play a role in vitamin D activation.,original
Renal Disease,Checkup,"Track your weight at every visit to monitor fluid retention and nutritional status, identifying concerning trends.",original
Renal Disease,Checkup,Have your heart checked regularly as kidney disease increases cardiovascular risk significantly.,original
Renal Disease,Checkup,"Get your medication levels monitored, especially if taking immunosuppressants after transplant to ensure therapeutic dosing.",original
Renal Disease,Checkup,Discuss any new symptoms promptly with your healthcare team without waiting for scheduled appointments.,original
Renal Disease,Checkup,"Keep a log of all symptoms, medications, and lab results to track patterns over time effectively.",original
Renal Disease,Checkup,"If on dialysis, attend all scheduled sessions and discuss any concerns about your treatment immediately.",original
Renal Disease,Checkup,Get your vascular access checked regularly if you're on hemodialysis to prevent complications and infections.,original
Renal Disease,Checkup,Monitor for signs of infection like fever or catheter site issues promptly for quick intervention.,original
Renal Disease,Checkup,Have your fluid status assessed regularly to adjust fluid restrictions as needed for optimal management.,original
Renal Disease,Checkup,Get your iron levels and B12 checked to manage anemia effectively with appropriate supplementation.,original
Renal Disease,Checkup,Schedule dental checkups regularly as gum disease can worsen kidney health through inflammation.,original
Renal Disease,Checkup,Have your eyes checked annually as kidney disease can affect vision through multiple mechanisms.,original
Renal Disease,Checkup,"Discuss your diet with a renal dietitian regularly to adjust as your condition changes, ensuring optimal nutrition.",original
Renal Disease,Checkup,"Monitor for symptoms of uremia like itching, nausea, or confusion that may indicate worsening kidney function.",original
Renal Disease,Checkup,Keep track of your dialysis adequacy through Kt/V measurements if applicable for treatment optimization.,original
Renal Disease,Checkup,"Get ultrasounds or imaging as recommended to monitor kidney size and structure, detecting any structural changes.",original
Renal Disease,Checkup,"If considering transplant, maintain regular evaluations to stay on the transplant list and remain eligible for donation.",original
Renal Disease,Checkup,Have your immunization status checked and updated as kidney disease affects immunity and infection risk.,original
Renal Disease,Checkup,Monitor for peripheral edema and report any swelling to your doctor promptly for adjustment of treatment.,original
Renal Disease,Checkup,"Check your albumin levels regularly to assess nutritional status and protein intake adequacy, adjusting diet accordingly.",original
Renal Disease,Checkup,Discuss your quality of life and mental health during checkups as emotional wellbeing matters greatly.,original
Renal Disease,Checkup,"Track your energy levels and fatigue patterns to discuss with your doctor for appropriate management strategies, potentially adjusting treatment.",original
Renal Disease,Checkup,"Report any medication side effects immediately, don't wait for your next appointment to address concerns.",original
Renal Disease,Checkup,"Keep emergency contact information updated and accessible at all times for quick response in critical situations, ensuring safety.",original
Renal Disease,Checkup,Get your transplant function monitored closely if you've had a kidney transplant through regular blood tests and imaging.,original
Renal Disease,Checkup,"Bring all your medications to every appointment for review and potential adjustments based on kidney function, ensuring safety.",original
Renal Disease,Checkup,Schedule appointments with other specialists as recommended by your nephrologist for comprehensive care coordination.,original
Renal Disease,Checkup,Ask questions about your lab results and what they mean for your treatment plan to better understand your health status.,original
Renal Disease,Checkup,Keep copies of all medical records and test results for your personal tracking and reference when needed.,original
Renal Disease,Checkup,"Regular monitoring helps catch complications early when they're easier to treat, preventing serious health crises through proactive care.",original
Renal Disease,Checkup,Never skip appointments even when you feel well as kidney disease progresses silently requiring consistent monitoring.,original
Renal Disease,Checkup,Discuss your long-term goals and treatment preferences with your team regularly to align care with your values and wishes.,original
Renal Disease,Checkup,"If traveling, arrange for dialysis or medical care at your destination in advance to ensure continuity of treatment.",original
Renal Disease,Checkup,"Consistent medical monitoring is your best defense against complications from kidney disease, enabling early intervention when needed.",original
Renal Disease,Checkup,"Stay proactive about your health by keeping all appointments and following through with recommended tests, demonstrating commitment to your wellbeing.",original
Renal Disease,Checkup,"Your healthcare team relies on regular checkups to provide the best care possible, so prioritize attending all scheduled appointments.",original
Renal Disease,SelfCare,Take all medications exactly as prescribed without skipping doses to maintain kidney function and overall health.,original
Renal Disease,SelfCare,Measure and track your fluid intake daily to stay within prescribed limits preventing fluid overload complications.,original
Renal Disease,SelfCare,"Weigh yourself daily at the same time to monitor fluid retention, reporting significant changes to your doctor promptly.",original
Renal Disease,SelfCare,Follow your renal diet strictly even when it's challenging to protect remaining kidney function effectively.,original
Renal Disease,SelfCare,Keep a food diary to track your phosphorus and protein intake accurately for better dietary management.,original
Renal Disease,SelfCare,"Get adequate rest and sleep to help your body cope with the stress of kidney disease, supporting overall health.",original
Renal Disease,SelfCare,"Practice stress management through meditation, gentle exercise, or hobbies that bring you joy and relaxation.",original
Renal Disease,SelfCare,Maintain good hygiene especially if you have a dialysis catheter or fistula to prevent life-threatening infections.,original
Renal Disease,SelfCare,"Monitor your blood pressure at home as directed, recording and reporting abnormal readings promptly to your healthcare team.",original
Renal Disease,SelfCare,Avoid over-the-counter medications without consulting your doctor as many can harm kidneys or interact with prescriptions.,original
Renal Disease,SelfCare,"Stay connected with your support system, family, and friends for emotional support during difficult times with your condition.",original
Renal Disease,SelfCare,"Join a kidney disease support group to connect with others who understand your challenges, sharing experiences and coping strategies.",original
Renal Disease,SelfCare,"Keep emergency contact numbers easily accessible including your nephrologist and dialysis center for quick access during crises, ensuring safety.",original
Renal Disease,SelfCare,Carry medical alert identification indicating you have kidney disease for emergency situations when you cannot communicate your condition clearly.,original
Renal Disease,SelfCare,"Plan meals in advance to ensure you stay within dietary restrictions, making healthy eating easier and more consistent despite limitations.",original
Renal Disease,SelfCare,"Organize medications using pill boxes to prevent missed doses, maintaining treatment effectiveness and avoiding dangerous gaps in medication.",original
Renal Disease,SelfCare,Monitor for signs of infection like fever or unusual fatigue and seek medical attention promptly without delay to prevent complications.,original
Renal Disease,SelfCare,"Keep your living space organized to reduce stress and make daily tasks easier, supporting your overall wellbeing and reducing burden.",original
Renal Disease,SelfCare,"Practice good foot care if you also have diabetes to prevent complications from both conditions, inspecting feet daily for problems.",original
Renal Disease,SelfCare,"Stay hydrated within your fluid limits, neither too much nor too little according to your doctor's specific recommendations for your stage.",original
Renal Disease,SelfCare,"Avoid smoking and limit alcohol as both can worsen kidney function significantly, accelerating disease progression and increasing complications.",original
Renal Disease,SelfCare,Protect your fistula or catheter by avoiding tight clothing and blood pressure cuffs on that arm to prevent damage and infection.,original
Renal Disease,SelfCare,"Keep skin moisturized to prevent itching common in kidney disease, using recommended lotions without harmful ingredients that could irritate.",original
Renal Disease,SelfCare,"Pace yourself and rest when needed, don't push through extreme fatigue as it's your body signaling need for recovery time.",original
Renal Disease,SelfCare,"Maintain dental hygiene as gum disease can worsen kidney health through systemic inflammation, brushing and flossing regularly as recommended.",original
Renal Disease,SelfCare,Track your symptoms and energy levels to identify patterns and discuss with your doctor for better management strategies tailored to you.,original
Renal Disease,SelfCare,Stay educated about your condition through reliable sources to make informed decisions about your care and treatment options available to you.,original
Renal Disease,SelfCare,"Advocate for yourself in healthcare settings, ask questions and express concerns about your treatment to ensure your needs are met effectively.",original
Renal Disease,SelfCare,"Maintain hobbies and interests that bring joy despite limitations, adapting them as needed to fit within your energy and health constraints.",original
Renal Disease,SelfCare,"Set realistic daily goals based on your energy levels, celebrating what you accomplish rather than focusing on limitations imposed by disease.",original
Renal Disease,SelfCare,Keep your home safe with railings and good lighting to prevent falls especially if you experience weakness or dizziness from treatment or disease.,original
Renal Disease,SelfCare,Prepare for dialysis sessions by eating appropriately beforehand and bringing comfort items to make the experience more pleasant and manageable.,original
Renal Disease,SelfCare,"Practice gratitude for small things to maintain positive mental health during difficult times, focusing on what you can still do and enjoy.",original
Renal Disease,SelfCare,"Communicate openly with your healthcare team about side effects or concerns, they can often adjust treatment to improve your comfort and outcomes.",original
Renal Disease,SelfCare,"Create a routine that includes medication times, meal planning, and rest periods to provide structure and consistency in managing your condition daily.",original
Renal Disease,SelfCare,"Don't isolate yourself, maintain social connections even if you need to adapt how you socialize to accommodate your treatment schedule and energy.",original
Renal Disease,SelfCare,"Listen to your body's signals and adjust activities accordingly, pushing through symptoms can lead to complications and worsen your overall condition.",original
Renal Disease,SelfCare,"Keep a positive but realistic outlook, acknowledging challenges while celebrating victories and progress in managing your kidney disease journey effectively.",original
Renal Disease,SelfCare,"Prepare questions before medical appointments to ensure you address all concerns, maximizing the value of time with your healthcare providers efficiently.",original
Renal Disease,SelfCare,"Stay informed about treatment options including transplant if appropriate, being prepared for future decisions helps reduce anxiety about unknown futures.",original
Renal Disease,SelfCare,"Practice self-compassion, managing kidney disease is difficult and you're doing your best under challenging circumstances that would test anyone's resilience.",original
Renal Disease,SelfCare,"Maintain independence where possible but accept help when needed, balancing autonomy with practical limitations imposed by your condition and treatment.",original
Renal Disease,SelfCare,"Focus on quality of life, not just medical management, engaging in activities that bring meaning and joy within your capabilities and restrictions.",original
Renal Disease,SelfCare,"Keep a medical journal documenting symptoms, medications, and questions to provide comprehensive information to your healthcare team during appointments efficiently.",original
Renal Disease,SelfCare,"Celebrate your resilience and strength in managing this challenging condition, acknowledging the daily courage it takes to live well with kidney disease.",original
Renal Disease,SelfCare,"Remember that self-care is not selfish, it's essential for managing kidney disease effectively and maintaining the best possible quality of life long-term.",original
Renal Disease,SelfCare,"Stay hopeful and engaged with life, kidney disease is a part of you but doesn't define who you are as a person or what you can achieve.",original
Renal Disease,SelfCare,"Be patient with yourself on difficult days, managing chronic kidney disease is a marathon requiring sustained effort, not sprint-level intensity always.",original
Renal Disease,SelfCare,"Your commitment to self-care demonstrates strength and determination, continue prioritizing your health one day at a time with consistent effort and dedication.",original
Liver Disease,Diet,Avoid alcohol completely as it directly damages liver cells and worsens any liver condition significantly.,original
Liver Disease,Diet,"Limit salt intake to prevent fluid retention and ascites, choosing fresh foods over processed high-sodium options.",original
Liver Disease,Diet,"Eat smaller, frequent meals to help manage nausea and maintain energy levels throughout the day without overwhelming digestion.",original
Liver Disease,Diet,"Include high-quality protein from lean sources to help liver repair, but limit if you have hepatic encephalopathy per doctor's advice.",original
Liver Disease,Diet,"Choose complex carbohydrates like whole grains for steady energy, avoiding simple sugars that stress the liver through blood sugar spikes.",original
Liver Disease,Diet,"Include plenty of fruits and vegetables for antioxidants and fiber, supporting liver health and overall nutrition while aiding digestion.",original
Liver Disease,Diet,"Avoid raw or undercooked seafood which can contain bacteria harmful to compromised immune systems, choosing fully cooked options instead.",original
Liver Disease,Diet,Limit saturated and trans fats that can worsen fatty liver disease and increase cardiovascular risk significantly.,original
Liver Disease,Diet,"Stay hydrated with water throughout the day, but monitor fluid intake if you have ascites or your doctor advises restrictions.",original
Liver Disease,Diet,"Avoid iron supplements unless prescribed, as excess iron can accumulate in diseased livers causing additional damage and complications.",original
Liver Disease,Diet,"Include foods rich in vitamin E like nuts and seeds which may help reduce liver inflammation, but discuss supplementation with your doctor first.",original
Liver Disease,Diet,"Limit processed meats and fried foods that are high in unhealthy fats, choosing grilled or baked preparations instead for liver health.",original
Liver Disease,Diet,"Choose low-fat dairy products to reduce saturated fat intake, supporting liver health while maintaining calcium and protein intake adequately.",original
Liver Disease,Diet,"Avoid excessive vitamin A supplementation as it can accumulate in damaged livers, getting nutrients from food sources instead when possible.",original
Liver Disease,Diet,"Include cruciferous vegetables like broccoli and Brussels sprouts that support liver detoxification, preparing them in easily digestible ways like steaming.",original
Liver Disease,Diet,"Monitor protein intake carefully, adjusting based on your specific condition and doctor's recommendations for your particular stage of disease.",original
Liver Disease,Diet,"Choose organic produce when possible to reduce pesticide exposure that livers must process, minimizing additional burden on compromised organ function.",original
Liver Disease,Diet,"Avoid supplements and herbal remedies unless approved by your doctor, as many can harm the liver despite being natural or marketed as beneficial.",original
Liver Disease,Diet,"Include foods rich in omega-3 fatty acids like salmon and walnuts for their anti-inflammatory properties, supporting liver health naturally through diet.",original
Liver Disease,Diet,Limit intake of foods high in copper like shellfish and organ meats if you have Wilson's disease or cirrhosis where copper accumulates.,original
Liver Disease,Diet,"Eat adequate calories to prevent malnutrition which is common in liver disease, working with a dietitian to meet your needs despite poor appetite.",original
Liver Disease,Diet,"Avoid grapefruit and grapefruit juice which can interfere with many medications metabolized by the liver, potentially causing dangerous drug interactions.",original
Liver Disease,Diet,"Choose whole foods over processed options whenever possible, as processing adds chemicals and preservatives that burden the liver unnecessarily.",original
Liver Disease,Diet,"Monitor carbohydrate intake if you have diabetes alongside liver disease, as both conditions affect blood sugar regulation requiring careful balance.",original
Liver Disease,Diet,Include foods high in B vitamins like leafy greens and legumes to support liver metabolism and function through essential nutrient provision.,original
Liver Disease,Diet,"Avoid high-fructose corn syrup and excessive sugar which contribute to fatty liver disease, choosing natural sweeteners sparingly when needed for taste.",original
Liver Disease,Diet,Choose foods low on the glycemic index to maintain stable blood sugar and reduce liver stress from processing glucose spikes repeatedly.,original
Liver Disease,Diet,Work with a hepatology dietitian to create a personalized meal plan appropriate for your specific liver condition and stage of disease.,original
Liver Disease,Diet,"Limit intake of acetaminophen and check all medications for liver toxicity, as damaged livers cannot safely process many common drugs and substances.",original
Liver Disease,Diet,Include antioxidant-rich foods like berries and dark leafy greens to help protect liver cells from further damage through oxidative stress reduction.,original
Liver Disease,Diet,"Avoid unpasteurized dairy products which may contain harmful bacteria that compromised immune systems cannot fight effectively, choosing pasteurized options instead.",original
Liver Disease,Diet,"If you have hepatic encephalopathy, follow protein restrictions carefully to prevent ammonia buildup that affects brain function and causes confusion.",original
Liver Disease,Diet,Eat breakfast daily to help regulate metabolism and prevent your body from breaking down muscle for energy during overnight fasting periods.,original
Liver Disease,Diet,Include zinc-rich foods like lean meats and pumpkin seeds as liver disease often causes zinc deficiency affecting immune function and healing.,original
Liver Disease,Diet,"Avoid energy drinks and excessive caffeine which can stress the liver and interact with medications, choosing water or herbal tea instead.",original
Liver Disease,Diet,"Monitor your weight regularly to detect unintended weight loss or gain, both of which can indicate worsening liver function requiring medical attention.",original
Liver Disease,Diet,"Choose cooking methods that preserve nutrients like steaming or baking rather than frying, which adds unhealthy fats that burden liver function further.",original
Liver Disease,Diet,"Include probiotic foods like yogurt if tolerated to support gut health, which is closely linked to liver health through the gut-liver axis.",original
Liver Disease,Diet,"Limit oxalate-rich foods if you're prone to kidney stones, as liver disease can affect mineral metabolism increasing stone formation risk significantly.",original
Liver Disease,Diet,"Eat sufficient calories from healthy sources to maintain weight and muscle mass, working with a dietitian to meet increased nutritional needs from disease.",original
Liver Disease,Diet,"Avoid contaminated water and ice when traveling, as liver disease increases susceptibility to waterborne infections that healthy livers would handle easily.",original
Liver Disease,Diet,"Include selenium-rich foods like Brazil nuts in moderation, as selenium supports liver antioxidant systems, but excessive amounts can be toxic.",original
Liver Disease,Diet,"Plan ahead for meals and snacks to ensure you meet nutritional needs despite poor appetite, nausea, or early satiety common in liver disease.",original
Liver Disease,Diet,"Focus on nutrient density choosing foods that pack maximum nutrition in smaller portions, as many liver patients struggle with reduced appetite and intake.",original
Liver Disease,Diet,"Stay informed about dietary needs that change as liver disease progresses, adjusting your eating plan accordingly with professional guidance regularly.",original
Liver Disease,Diet,"Avoid foods high in purines if you have both liver disease and gout, as liver dysfunction affects uric acid processing worsening gout symptoms.",original
Liver Disease,Diet,"Your diet is a crucial tool in managing liver disease, making mindful food choices can significantly impact your health outcomes and quality of life long-term.",original
Liver Disease,Exercise,"Engage in light to moderate exercise as tolerated, such as walking, to maintain muscle mass and overall health despite liver condition challenges.",original
Liver Disease,Exercise,"Start slowly and gradually increase activity levels, listening to your body's signals about fatigue and energy capacity carefully each day.",original
Liver Disease,Exercise,"Include gentle stretching to maintain flexibility and reduce muscle tension, which can worsen with illness and inactivity over time without intervention.",original
Liver Disease,Exercise,"Practice deep breathing exercises to reduce stress and improve oxygenation, supporting overall health and liver function through better circulation.",original
Liver Disease,Exercise,"Avoid intense exercise if you have advanced liver disease or complications like varices, discussing safe activities with your doctor before starting any program.",original
Liver Disease,Exercise,"Stay hydrated during physical activity within any fluid restrictions, as dehydration can worsen liver function and overall health status significantly.",original
Liver Disease,Exercise,"Rest when fatigued, which is common in liver disease, honoring your body's need for recovery rather than pushing through exhaustion unnecessarily.",original
Liver Disease,Exercise,"Include balance exercises to prevent falls, especially if you experience hepatic encephalopathy or take medications that cause dizziness affecting coordination.",original
Liver Disease,Exercise,"Try yoga or tai chi for gentle movement that reduces stress while maintaining physical activity, both important for overall health with liver disease.",original
Liver Disease,Exercise,"Exercise in short sessions throughout the day if sustained activity is too tiring, accumulating movement gradually to meet daily activity goals safely.",original
Liver Disease,Exercise,"Monitor for signs you're overdoing it like increased fatigue, jaundice, or abdominal discomfort, adjusting your activity level accordingly to prevent harm.",original
Liver Disease,Exercise,"Avoid contact sports or activities that risk abdominal trauma if you have an enlarged liver or spleen, protecting vulnerable organs from potential injury.",original
Liver Disease,Exercise,"Include light resistance training to maintain muscle mass which is often lost in liver disease, using appropriate weights and proper form to prevent injury.",original
Liver Disease,Exercise,"Exercise can help reduce fat accumulation in the liver for those with fatty liver disease, making physical activity particularly important for this condition.",original
Liver Disease,Exercise,Consult your doctor before starting any exercise program to ensure activities are safe for your specific liver condition and stage of disease progression.,original
Liver Disease,Exercise,"Walk after meals to aid digestion and help regulate blood sugar, which is often impaired in liver disease affecting glucose metabolism significantly.",original
Liver Disease,Exercise,"Set realistic fitness goals based on your current energy levels and health status, adjusting expectations as your condition changes over time with progression.",original
Liver Disease,Exercise,"Exercise with a partner who knows your condition and can help if you experience symptoms like dizziness, confusion, or extreme fatigue during activity.",original
Liver Disease,Exercise,"Track your activity and energy levels to identify patterns and optimal times for exercise, working with your body's rhythms rather than against them.",original
Liver Disease,Exercise,Avoid exercising during times of active infection or liver flares when your body needs energy for healing rather than physical exertion that could worsen condition.,original
Liver Disease,Exercise,"Stay consistent with gentle daily movement rather than sporadic intense exercise, as consistency is more beneficial and safer for compromised liver function long-term.",original
Liver Disease,Exercise,"Include activities you enjoy to maintain motivation and make exercise sustainable long-term, as adherence is key to realizing the benefits of regular movement.",original
Liver Disease,Exercise,"Be patient with yourself on low-energy days, adapting your routine rather than skipping exercise entirely to maintain some level of beneficial activity safely.",original
Liver Disease,Exercise,"Focus on maintaining current function rather than dramatic improvements, preserving what you have is valuable when managing chronic liver disease effectively.",original
Liver Disease,Exercise,"Regular appropriate exercise can improve quality of life, energy levels, and mental health despite liver disease, making it worthwhile even when challenging.",original
Liver Disease,Exercise,"Remember that any movement is better than none, celebrate small achievements like a short walk rather than fixating on what you can't do anymore.",original
Liver Disease,Exercise,"Cool down properly after exercise to prevent dizziness and allow your body to gradually adjust, especially important with compromised liver function affecting circulation.",original
Liver Disease,Exercise,"Avoid exercise in extreme heat which can worsen fluid imbalances and strain your liver further, choosing cooler times of day or air-conditioned environments instead.",original
Liver Disease,Exercise,"If you have ascites, choose exercises that don't put pressure on your abdomen like swimming or recumbent cycling, avoiding activities that increase discomfort significantly.",original
Liver Disease,Exercise,"Monitor your breathing during exercise and stop if you become short of breath, as this may indicate your body can't meet the activity's demands safely.",original
Liver Disease,Exercise,"Maintain good posture during all activities to prevent additional strain on your body, as poor posture can worsen fatigue and discomfort associated with disease.",original
Liver Disease,Exercise,"Include pelvic floor exercises if appropriate, as liver disease and ascites can affect pelvic floor function requiring specific strengthening to prevent complications.",original
Liver Disease,Exercise,"Work with a physical therapist familiar with liver disease who can create a safe, personalized exercise program appropriate for your specific condition and needs.",original
Liver Disease,Exercise,"Remember that exercise is part of your treatment plan, not optional, as physical activity supports liver health and overall wellbeing significantly when done appropriately.",original
Liver Disease,Exercise,"Stay motivated by tracking improvements in how you feel rather than focusing solely on physical performance, as subjective wellbeing is equally important as objective measures.",original
Liver Disease,Exercise,"Adjust your routine as your condition changes, being flexible and adaptable ensures you can continue benefiting from physical activity throughout your health journey.",original
Liver Disease,Exercise,"Celebrate your commitment to staying active despite challenges, as maintaining physical activity with liver disease demonstrates remarkable strength and dedication to your health.",original
Liver Disease,Awareness,"Liver disease often develops silently without symptoms until significant damage occurs, making awareness and screening crucial for early detection and intervention.",original
Liver Disease,Awareness,"The liver performs over 500 vital functions including filtering blood, producing proteins, and storing energy, making its health critical to overall survival and wellbeing.",original
Liver Disease,Awareness,"Fatty liver disease affects millions worldwide and is strongly linked to obesity, diabetes, and metabolic syndrome, making lifestyle modification essential for prevention and management.",original
Liver Disease,Awareness,"Viral hepatitis (A, B, C) can cause chronic liver disease and cirrhosis if untreated, but vaccines and treatments are available for several types preventing progression.",original
Liver Disease,Awareness,"Alcohol is a leading cause of liver disease, and even moderate drinking can cause damage in susceptible individuals over time with continued exposure.",original
Liver Disease,Awareness,"The liver is the only internal organ that can regenerate, but repeated or severe damage can overwhelm this capacity leading to permanent scarring and failure.",original
Liver Disease,Awareness,"Cirrhosis is irreversible scarring of the liver that develops after years of chronic damage, progressing to liver failure without intervention and lifestyle changes.",original
Liver Disease,Awareness,"Many medications and herbal supplements can damage the liver, even those considered safe or natural, requiring careful review with healthcare providers before taking any new substance.",original
Liver Disease,Awareness,"Non-alcoholic fatty liver disease (NAFLD) is increasingly common in children and adults due to rising obesity rates, representing a significant public health challenge globally.",original
Liver Disease,Awareness,"Hepatic encephalopathy occurs when a damaged liver cannot remove toxins from blood, affecting brain function and causing confusion, personality changes, or even coma without treatment.",original
Liver Disease,Awareness,"Liver disease can cause yellowing of skin and eyes (jaundice), dark urine, and pale stools due to buildup of bilirubin when the liver cannot process it properly.",original
Liver Disease,Awareness,"Ascites, or fluid accumulation in the abdomen, is a common complication of cirrhosis requiring dietary changes and sometimes procedures to drain fluid periodically.",original
Liver Disease,Awareness,"Portal hypertension from cirrhosis can cause dangerous varices (enlarged veins) in the esophagus that may bleed life-threateningly, requiring monitoring and preventive treatment.",original
Liver Disease,Awareness,"Regular screening is important if you have risk factors like obesity, diabetes, or family history of liver disease, enabling early detection when interventions are most effective.",original
Liver Disease,Awareness,"Liver disease affects your ability to fight infections due to reduced protein production and immune dysfunction, making infections more frequent and severe requiring prompt treatment.",original
Liver Disease,Awareness,"Autoimmune liver diseases occur when your immune system attacks liver cells, requiring immune-suppressing medications to prevent progressive damage and preserve remaining function.",original
Liver Disease,Awareness,"Alpha-1 antitrypsin deficiency and hemochromatosis are genetic conditions that can cause liver disease, making genetic testing important for unexplained liver problems with family history.",original
Liver Disease,Awareness,"Liver cancer risk increases significantly with cirrhosis regardless of cause, requiring regular screening with ultrasound and blood tests for early detection when treatment works best.",original
Liver Disease,Awareness,"Primary biliary cholangitis and primary sclerosing cholangitis are rare diseases affecting bile ducts, leading to liver damage requiring specialized treatment and monitoring regularly.",original
Liver Disease,Awareness,"Liver transplant may be necessary for end-stage liver disease, with survival rates improving significantly due to better anti-rejection medications and surgical techniques over recent years.",original
Liver Disease,Awareness,"Prevention is key as liver disease often cannot be cured once cirrhosis develops, making healthy lifestyle choices critical throughout life to protect this vital organ.",original
Liver Disease,Awareness,"Itching can be severe in liver disease due to bile salt accumulation in skin, significantly affecting quality of life and sleep requiring specific treatments to manage effectively.",original
Liver Disease,Awareness,"Muscle wasting is common in advanced liver disease due to metabolism changes and poor nutrition, requiring adequate protein and calories to prevent further loss with appropriate supplementation.",original
Liver Disease,Awareness,"Liver disease can affect hormone balance causing symptoms like irregular periods, decreased libido, or breast enlargement in men due to inability to metabolize hormones properly.",original
Liver Disease,Awareness,"Blood clotting ability decreases with liver disease as the liver produces clotting factors, increasing bleeding risk and requiring precautions during procedures or injuries.",original
Liver Disease,Awareness,"Fatigue is often the most debilitating symptom of liver disease, affecting daily functioning and quality of life requiring energy conservation strategies and support to manage effectively.",original
Liver Disease,Awareness,"Mental health effects including depression and anxiety are common with chronic liver disease, requiring recognition and treatment as important components of comprehensive care plans.",original
Liver Disease,Awareness,"Family members should be screened if you have genetic liver disease, as early detection and intervention can prevent or delay disease development in relatives who inherited the condition.",original
Liver Disease,Awareness,"Lifestyle modifications including weight loss, exercise, and diet changes can actually reverse early fatty liver disease, offering hope and motivation for making healthier choices consistently.",original
Liver Disease,Awareness,"Support groups and counseling help patients cope with the emotional and practical challenges of living with chronic liver disease, providing community and resources for better management.",original
Liver Disease,Awareness,"Understanding your specific liver condition empowers you to make informed decisions about treatment and lifestyle, taking an active role in your care improves outcomes significantly over passive approaches.",original
Liver Disease,Awareness,"New treatments continue to emerge for various liver diseases including antiviral medications for hepatitis, giving hope to patients who previously had limited options available for managing conditions.",original
Liver Disease,Awareness,"Liver disease affects the whole family, not just the patient, making family education and support crucial components of successful long-term disease management and maintaining quality family relationships.",original
Liver Disease,Awareness,"Early symptoms like fatigue, nausea, or abdominal discomfort are often dismissed as minor issues, delaying diagnosis and allowing disease to progress before intervention begins treatment.",original
Liver Disease,Awareness,"Awareness saves lives through early detection, prevention, and proper management of liver disease, making education and screening programs essential public health interventions globally to reduce burden.",original
Liver Disease,Awareness,"World Hepatitis Day and other awareness campaigns help reduce stigma and increase understanding of liver diseases, encouraging testing and treatment while supporting affected individuals and families worldwide.",original
Liver Disease,Awareness,"Regular medical follow-up is essential even when feeling well, as liver disease can worsen silently requiring monitoring and treatment adjustments to prevent complications before symptoms appear clearly.",original
Liver Disease,Awareness,"Advocacy for organ donation is critical as many liver disease patients await transplants, with increased donation rates potentially saving thousands of lives annually through this life-giving gift.",original
Liver Disease,Awareness,"Liver health affects overall health profoundly, making liver disease awareness important for everyone, not just those already diagnosed, emphasizing prevention through healthy lifestyle choices early in life.",original
Liver Disease,Awareness,"Education about medication safety and avoiding liver toxins can prevent many cases of liver disease, making awareness campaigns about proper medication use and supplement risks vitally important for prevention.",original
Liver Disease,Awareness,"Recognizing symptoms and seeking prompt medical care can make the difference between reversible damage and permanent cirrhosis, emphasizing importance of not dismissing concerning symptoms as minor issues.",original
Liver Disease,Awareness,"Liver disease is manageable with proper care, lifestyle changes, and medical treatment, offering hope for maintaining quality of life despite chronic condition through comprehensive management approach.",original
Liver Disease,Awareness,"Spreading awareness in your community about liver health, risk factors, and prevention strategies can help others avoid this disease, multiplying positive impact beyond just your own health management.",original
Liver Disease,Awareness,"Remember that liver disease does not define you as a person, but managing it well defines your strength, resilience, and commitment to health and wellbeing despite significant challenges.",original
Liver Disease,Awareness,"Stay informed through reliable medical sources about advances in liver disease treatment and management, as new options continue emerging that may benefit your specific condition significantly over time.",original
Liver Disease,Awareness,"Your liver health journey matters, seek support when needed and advocate for your needs within the healthcare system to ensure you receive comprehensive care addressing all aspects of disease.",original
Liver Disease,Awareness,"Prevention, early detection, and proper management together can significantly alter the course of liver disease, giving you the best chance for long, healthy life despite diagnosis and its challenges.",original
Liver Disease,Awareness,"Sharing your story when comfortable can help raise awareness and reduce stigma around liver disease, supporting others who may be struggling silently with similar challenges and fears about diagnosis.",original
Liver Disease,Awareness,"Every person deserves access to liver disease screening, treatment, and care regardless of background, as addressing health disparities is essential for reducing disease burden equitably across all populations.",original
Liver Disease,MythVsFact,"Myth: Only alcoholics get liver disease. Fact: Many liver diseases have nothing to do with alcohol including viral hepatitis, fatty liver disease, and genetic conditions affecting people who never drink.",original
Liver Disease,MythVsFact,"Myth: Liver disease always causes symptoms. Fact: The liver can be significantly damaged before symptoms appear, which is why it's often called a silent disease requiring screening for early detection.",original
Liver Disease,MythVsFact,"Myth: Fatty liver is harmless. Fact: Fatty liver can progress to cirrhosis, liver failure, and liver cancer if not addressed through lifestyle changes and medical treatment when necessary.",original
Liver Disease,MythVsFact,"Myth: Liver disease only affects the liver. Fact: It affects many body systems including brain function, kidney function, bone health, and cardiovascular health through systemic effects.",original
Liver Disease,MythVsFact,Myth: Herbal supplements are safe for the liver. Fact: Many herbal products can cause serious liver damage including those marketed as natural or health-promoting requiring medical supervision before use.,original
Liver Disease,MythVsFact,"Myth: You need to drink heavily to damage your liver. Fact: Even moderate drinking can cause liver damage in some people due to genetic factors, gender differences, and individual susceptibility variations.",original
Liver Disease,MythVsFact,"Myth: Liver disease is always fatal. Fact: Many liver diseases can be successfully managed, and early-stage disease may even be reversible with appropriate interventions and lifestyle modifications consistently applied.",original
Liver Disease,MythVsFact,"Myth: Coffee is bad for the liver. Fact: Studies show coffee may actually protect the liver and reduce the risk of cirrhosis and liver cancer, though moderation is still important.",original
Liver Disease,MythVsFact,"Myth: Liver disease is contagious. Fact: While viral hepatitis is contagious, most liver diseases cannot be transmitted between people through casual contact or proximity in daily life.",original
Liver Disease,MythVsFact,"Myth: Detox diets cleanse the liver. Fact: The liver cleanses itself; special diets don't detox it, and some detox products can actually harm the liver despite marketing claims of benefits.",original
Liver Disease,MythVsFact,"Myth: Once you have cirrhosis, nothing can be done. Fact: While irreversible, cirrhosis progression can be slowed or stopped, and complications can be managed effectively with proper treatment and monitoring.",original
Liver Disease,MythVsFact,"Myth: Liver transplant patients can never live normally. Fact: Many transplant recipients return to normal activities including work, travel, and hobbies with proper medication management and followup care.",original
Liver Disease,MythVsFact,"Myth: Thin people don't get fatty liver disease. Fact: Non-alcoholic fatty liver disease can occur in people with normal weight, especially with metabolic syndrome or genetic predisposition factors present.",original
Liver Disease,MythVsFact,"Myth: Liver disease is a death sentence. Fact: With proper management and treatment, many people live long, fulfilling lives after liver disease diagnosis through consistent medical care and lifestyle changes.",original
Liver Disease,MythVsFact,"Myth: You can feel if your liver is damaged. Fact: The liver has no pain receptors, so damage occurs silently without pain until very advanced stages when other symptoms finally appear.",original
Liver Disease,MythVsFact,Myth: Liver function tests detect all liver problems. Fact: Normal liver tests don't rule out all liver disease; imaging and other tests may be needed for comprehensive evaluation of liver health status.,original
Liver Disease,MythVsFact,"Myth: Milk thistle cures liver disease. Fact: While some studies show benefits, milk thistle doesn't cure liver disease and should complement, not replace, medical treatment prescribed by doctors.",original
Liver Disease,MythVsFact,"Myth: Liver disease only happens to older people. Fact: Liver disease can affect people of all ages, including children and young adults, from various genetic, viral, and lifestyle-related causes.",original
Liver Disease,MythVsFact,Myth: You must have jaundice to have liver disease. Fact: Jaundice appears only with significant liver dysfunction; many people have serious liver disease without yellowing of skin or eyes.,original
Liver Disease,MythVsFact,"Myth: Acetaminophen is always safe. Fact: Acetaminophen is a leading cause of acute liver failure, especially when combined with alcohol or taken in excessive doses beyond recommended amounts.",original
Liver Disease,MythVsFact,"Myth: Liver disease is your fault. Fact: Many factors including genetics, viruses, and medications contribute to liver disease beyond personal control, reducing blame and stigma around diagnosis.",original
Liver Disease,MythVsFact,"Myth: Exercise worsens liver disease. Fact: Appropriate exercise can actually improve liver health, reduce fat accumulation, and enhance overall wellbeing when done safely under medical guidance.",original
Liver Disease,MythVsFact,"Myth: Hepatitis is always caused by alcohol. Fact: Hepatitis means liver inflammation from many causes including viruses, medications, autoimmune conditions, and toxins, not just alcohol consumption alone.",original
Liver Disease,MythVsFact,"Myth: Liver regeneration means it will always heal. Fact: While the liver can regenerate, repeated damage leads to scarring (fibrosis) and eventually cirrhosis that prevents regeneration from occurring effectively.",original
Liver Disease,MythVsFact,Myth: All liver disease patients need transplants. Fact: Only a small percentage with end-stage disease need transplants; most manage successfully with medications and lifestyle changes long-term without surgery.,original
Liver Disease,MythVsFact,"Myth: Hepatitis C is incurable. Fact: Modern antiviral medications can cure hepatitis C in most patients with short treatment courses, achieving sustained virological response rates exceeding 95 percent.",original
Liver Disease,MythVsFact,"Myth: Liver disease patients can't eat protein. Fact: Protein is essential; only those with advanced encephalopathy need restriction, while most need adequate protein to prevent muscle wasting and malnutrition.",original
Liver Disease,MythVsFact,Myth: Natural remedies are always safer than medications. Fact: Many natural products can cause liver damage; all substances including herbals should be discussed with doctors before use.,original
Liver Disease,MythVsFact,"Myth: You can't prevent liver disease. Fact: Many liver diseases are preventable through vaccination, limiting alcohol, maintaining healthy weight, and avoiding hepatotoxic substances throughout life.",original
Liver Disease,MythVsFact,"Myth: Liver disease means you can never drink again. Fact: While those with alcohol-related disease must abstain completely, some with other liver diseases may be allowed occasional small amounts per doctor's approval.",original
Liver Disease,MythVsFact,"Myth: Liver cancer only happens to people with hepatitis. Fact: While viral hepatitis increases risk, liver cancer can develop from any cause of cirrhosis including fatty liver disease and alcohol.",original
Liver Disease,MythVsFact,"Myth: If liver tests improve, the disease is cured. Fact: Improved tests indicate better control, not cure; chronic liver disease requires lifelong management even when tests normalize with treatment.",original
Liver Disease,MythVsFact,"Myth: Liver biopsy is always necessary for diagnosis. Fact: Non-invasive tests like FibroScan and blood markers can often assess liver health without biopsy, though biopsy remains gold standard in some cases.",original
Liver Disease,MythVsFact,"Myth: All abdominal pain means liver disease. Fact: The liver usually doesn't cause pain; abdominal pain typically comes from other organs, with liver pain occurring only when capsule stretches with enlargement.",original
Liver Disease,MythVsFact,Myth: Liver disease is obvious from appearance. Fact: Many people with serious liver disease look healthy; you cannot judge liver health by appearance alone requiring medical testing for accurate assessment.,original
Liver Disease,MythVsFact,"Myth: Children don't get liver disease. Fact: Children can develop various liver diseases including genetic conditions, autoimmune diseases, and fatty liver disease requiring pediatric hepatology care for proper management.",original
Liver Disease,MythVsFact,"Myth: Liver disease means immediate disability. Fact: Many people with liver disease continue working and living independently for years with proper management, maintaining good quality of life despite diagnosis.",original
Liver Disease,MythVsFact,"Myth: All liver diseases progress at the same rate. Fact: Progression varies greatly depending on disease type, individual factors, treatment adherence, and lifestyle modifications implemented after diagnosis.",original
Liver Disease,MythVsFact,"Myth: Liver disease always causes weight loss. Fact: Some liver diseases cause weight gain (fatty liver), while others cause weight loss; weight changes depend on specific condition and stage of disease.",original
Liver Disease,MythVsFact,"Myth: You can donate liver while alive safely. Fact: While living donation is possible with risks, donors undergo extensive evaluation, and most live healthy lives afterward, though complications can rarely occur.",original
Liver Disease,MythVsFact,"Myth: Liver disease can't be inherited. Fact: Many liver diseases have genetic components including hemochromatosis, Wilson's disease, and alpha-1 antitrypsin deficiency passed through families across generations.",original
Liver Disease,MythVsFact,"Myth: Fatty liver only comes from being overweight. Fact: Lean people can develop fatty liver disease from genetics, medications, malnutrition, or metabolic conditions even with normal weight.",original
Liver Disease,MythVsFact,Myth: Liver disease treatment is always expensive. Fact: Many effective treatments including lifestyle changes are low-cost; even medications are increasingly affordable with generics and assistance programs available.,original
Liver Disease,MythVsFact,"Myth: You should avoid all fats with liver disease. Fact: Healthy fats from nuts, olive oil, and fish are beneficial; only saturated and trans fats should be limited for optimal liver health.",original
Liver Disease,MythVsFact,"Myth: Liver disease means you'll never feel well again. Fact: With proper treatment and management, many patients feel dramatically better and maintain good quality of life for many years after diagnosis.",original
Liver Disease,MythVsFact,"Myth: Ascites means imminent death. Fact: While ascites indicates advanced disease, it can be managed effectively for extended periods with diet, medications, and procedures allowing continued quality life.",original
Liver Disease,MythVsFact,Myth: Hepatitis vaccines cause liver disease. Fact: Hepatitis vaccines are safe and prevent liver disease; they do not cause liver problems and are crucial for protection against viral hepatitis infections.,original
Liver Disease,MythVsFact,"Myth: Liver disease is rare. Fact: Liver disease affects millions globally and is increasingly common due to obesity, diabetes, and viral hepatitis making it a major public health concern worldwide.",original
Liver Disease,MythVsFact,Myth: You can cure liver disease by losing weight quickly. Fact: Rapid weight loss can actually worsen liver disease; gradual sustainable weight loss of 1-2 pounds weekly is safer and more effective long-term.,original
Liver Disease,MythVsFact,"Myth: Liver disease patients should avoid all medications. Fact: While some medications are harmful, many are safe and necessary; work with doctors to determine which medications are appropriate for your condition.",original
Liver Disease,Motivation,"Your liver may be damaged, but your spirit and determination remain strong - keep fighting for your health every single day with courage and hope.",original
Liver Disease,Motivation,"Every healthy choice you make supports your liver's remaining function and improves your quality of life, making each decision matter significantly for your wellbeing.",original
Liver Disease,Motivation,Managing liver disease requires incredible strength and discipline - recognize and celebrate your daily commitment to your health despite the challenges you face regularly.,original
Liver Disease,Motivation,"You are more than your diagnosis; liver disease is something you have, not who you are as a person with unique value and purpose beyond illness.",original
Liver Disease,Motivation,"Focus on what you can control: your diet, medications, and attitude - these powerful tools help you manage your condition effectively one day at a time.",original
Liver Disease,Motivation,"Small steps forward are still progress; celebrate every healthy meal, every day without alcohol, and every appointment you attend showing commitment to your health journey.",original
Liver Disease,Motivation,Your commitment to following a restrictive diet shows remarkable self-discipline that many people don't possess - be proud of your dedication to healing and health consistently.,original
Liver Disease,Motivation,"Living with liver disease teaches resilience that strengthens you in all areas of life, developing character and perspective that serve you beyond health challenges alone.",original
Liver Disease,Motivation,"You're not alone in this journey; millions successfully manage liver disease while living fulfilling lives, and you can too with proper care and consistent support.",original
Liver Disease,Motivation,Bad days don't define your journey or predict your future; tomorrow brings new opportunities for better health through the choices you make and actions you take.,original
Liver Disease,Motivation,"Your liver may have limited reserve, but your capacity for hope and determination is unlimited - keep believing in your ability to manage this condition well long-term.",original
Liver Disease,Motivation,"Every medication dose you take on time is an act of self-love and commitment to longevity, showing you value yourself enough to consistently follow treatment plans.",original
Liver Disease,Motivation,"Managing liver disease is marathon, not sprint; pace yourself, be patient, and trust that consistent efforts accumulate into significant positive health outcomes over time.",original
Liver Disease,Motivation,"You are your own best health advocate; speak up, ask questions, and ensure you receive the comprehensive care you deserve from your medical team always.",original
Liver Disease,Motivation,"Progress may feel slow or invisible, but your efforts today prevent worse outcomes tomorrow - that unseen protection is real and valuable for your future health.",original
Liver Disease,Motivation,"Your journey inspires others facing similar challenges; by managing your health well, you provide hope and example that successful disease management is achievable with dedication.",original
Liver Disease,Motivation,Celebrate stable lab results as victories they truly are - maintaining function with liver disease is an achievement requiring consistent hard work deserving recognition and pride.,original
Liver Disease,Motivation,"Be kind to yourself on difficult days; managing chronic liver disease is exhausting, and you're doing remarkably well despite tremendous challenges you face every single day.",original
Liver Disease,Motivation,Your willingness to adapt to dietary and lifestyle restrictions demonstrates strength that extends beyond physical health into emotional and mental resilience admired by those around you.,original
Liver Disease,Motivation,"Focus on quality of life, not just quantity; find joy in moments, maintain relationships, and engage in activities you love within your capabilities and limitations imposed by illness.",original
Liver Disease,Motivation,You've already overcome the hardest part - accepting your diagnosis and committing to treatment - now continue forward with same courage that brought you this far successfully.,original
Liver Disease,Motivation,Your liver function numbers don't define your worth as person; you have intrinsic value regardless of test results or disease progression over time with your condition.,original
Liver Disease,Motivation,"Stay hopeful about treatment advances; research continues yielding new options that may benefit you in future, making persistent management worthwhile while awaiting new therapies.",original
Liver Disease,Motivation,"Every day you choose health-promoting behaviors, you're voting for your future self - these votes add up to years of better health and wellbeing worth the effort required.",original
Liver Disease,Motivation,Managing liver disease while maintaining other life roles shows incredible strength; acknowledge the juggling act you perform daily with grace and determination that deserves applause and recognition.,original
Liver Disease,Motivation,Your medical team sees your efforts and progress even when you don't; trust they recognize your dedication to following treatment plans despite how challenging it feels daily.,original
Liver Disease,Motivation,"Remember why you're managing this disease carefully - for yourself, for loved ones, for future experiences you want to have - reconnect with these motivations when struggling with adherence.",original
Liver Disease,Motivation,You've learned to live with uncertainty and make peace with imperfection; this wisdom gained through illness is valuable life lesson applicable beyond health challenges you currently face.,original
Liver Disease,Motivation,"Celebrate non-health victories too - relationships maintained, work accomplished, hobbies enjoyed - your life has value and meaning beyond just managing your liver disease constantly every day.",original
Liver Disease,Motivation,Your courage to face each day with chronic illness inspires those who know your story - you provide quiet example of strength that touches lives around you more than realize.,original
Liver Disease,Motivation,Be patient with your body as it works hard daily despite impairment; appreciate what it still does rather than focusing only on what it can't do anymore due to disease.,original
Liver Disease,Motivation,Managing liver disease successfully is its own form of success deserving recognition; not everyone can do what you do daily with consistency and dedication required for effective management.,original
Liver Disease,Motivation,"Stay connected to support systems whether family, friends, or support groups; no one manages chronic illness alone successfully - accepting help is strength, not weakness ever.",original
Liver Disease,Motivation,Your mental health matters equally to physical health; prioritize emotional wellbeing through counseling or support as managing chronic illness takes psychological toll over time significantly.,original
Liver Disease,Motivation,"Look how far you've come since diagnosis - knowledge gained, habits changed, resilience built - this growth is real achievement worth acknowledging despite ongoing challenges remaining ahead.",original
Liver Disease,Motivation,You deserve compassion and understanding from yourself first; speak to yourself with same kindness you'd offer friend facing similar challenges with chronic disease management journey daily.,original
Liver Disease,Motivation,Every sunrise offers new chance to care for yourself well; yesterday's struggles don't limit today's potential for making healthy choices supporting your best possible wellbeing always.,original
Liver Disease,Motivation,Your determination to live well despite liver disease defines you more than diagnosis itself; this active choosing of health and life is powerful statement about who you are.,original
Liver Disease,Motivation,"Trust your ability to handle whatever comes next; you've already proven you can adapt, persevere, and thrive despite serious health challenges that would overwhelm many others completely.",original
Liver Disease,Motivation,"Managing liver disease teaches gratitude for small things - good days, stable labs, supportive people - this appreciation enriches life in ways health alone cannot provide meaningfully.",original
Liver Disease,Motivation,You are writing your own story of resilience and courage with each day you manage this condition; make it a story of hope and determination inspiring future you to continue.,original
Liver Disease,Motivation,"Believe in your capacity for living well with liver disease; countless others have done so, and you possess same strength and resources needed for successful long-term management journey.",original
Liver Disease,Motivation,"Your health journey matters, your efforts count, and your life has purpose beyond illness - never forget these truths even on hardest days when doubt creeps in strongly.",original
Liver Disease,Motivation,"Keep moving forward one day, one choice, one small victory at a time - this is how you manage liver disease successfully for years creating fulfilling meaningful life despite diagnosis.",original
Liver Disease,Motivation,Your commitment to your health today creates better tomorrows; trust that your consistent efforts accumulate into significant positive outcomes even when immediate results aren't visible clearly.,original
Liver Disease,Motivation,Be proud of yourself - managing liver disease while living full life requires strength most people don't understand; you possess remarkable courage displayed daily through continued dedication to health.,original
Liver Disease,Motivation,"You matter, your health matters, and your quality of life matters - prioritize these truths and let them guide your daily decisions about care and self-management consistently throughout journey.",original
Liver Disease,Motivation,"Living well with liver disease is possible and you're proving it every day through your efforts, perseverance, and commitment to maintaining best possible health despite significant ongoing challenges.",original
Liver Disease,Checkup,Schedule regular appointments with your hepatologist every 3-6 months based on disease severity for optimal monitoring and management of condition progression over time.,original
Liver Disease,Checkup,"Get liver function tests (LFTs) regularly to monitor enzyme levels and assess liver health status, tracking changes over time indicating improvement or worsening requiring treatment adjustment.",original
Liver Disease,Checkup,"Monitor for liver cancer with ultrasound and AFP blood test every 6 months if you have cirrhosis, as early detection significantly improves treatment outcomes and survival rates.",original
Liver Disease,Checkup,Check platelet counts and INR regularly as they indicate liver synthetic function and potential bleeding risk requiring precautions during procedures or with minor injuries at home.,original
Liver Disease,Checkup,many factors including genetics and diet play a role.,original
Liver Disease,Checkup,Schedule regular appointments with your hepatologist every 3-6 months based on disease severity for optimal monitoring.,original
Liver Disease,Checkup,"Get liver function tests (LFTs) regularly to monitor enzyme levels, bilirubin, and albumin.",original
Liver Disease,Checkup,Monitor for liver cancer with ultrasound and AFP blood test every 6 months if you have cirrhosis.,original
Liver Disease,Checkup,Check platelet counts and INR regularly as they indicate liver synthetic function and bleeding risk.,original
Liver Disease,Checkup,"Get imaging studies (ultrasound, CT, or MRI) as recommended to assess liver structure and complications.",original
Liver Disease,Checkup,Monitor for varices with endoscopy if you have cirrhosis to prevent life-threatening bleeding.,original
Liver Disease,Checkup,Have your ammonia levels checked if you experience confusion or personality changes.,original
Liver Disease,Checkup,Track your weight and abdominal girth regularly to monitor for ascites development.,original
Liver Disease,Checkup,Get your kidney function tested regularly as liver disease can affect kidney health.,original
Liver Disease,Checkup,"Monitor electrolyte levels, especially sodium, which can become imbalanced with liver disease.",original
Liver Disease,Checkup,Have your vitamin levels checked as liver disease affects absorption and storage.,original
Liver Disease,Checkup,Check your bone density as liver disease increases osteoporosis risk.,original
Liver Disease,Checkup,Get regular screening for diabetes as liver disease affects glucose metabolism.,original
Liver Disease,Checkup,"Monitor your iron levels, especially if you have hemochromatosis or receive blood transfusions.",original
Liver Disease,Checkup,Have your thyroid function tested as liver disease can affect thyroid hormones.,original
Liver Disease,Checkup,"Discuss all medications with your doctor, including over-the-counter and herbal products.",original
Liver Disease,Checkup,Get vaccinated against hepatitis A and B if you haven't already for protection.,original
Liver Disease,Checkup,Monitor your blood pressure regularly as portal hypertension is common with cirrhosis.,original
Liver Disease,Checkup,Have your mental status assessed if you have cirrhosis to detect early encephalopathy.,original
Liver Disease,Checkup,Get your heart checked regularly as liver disease increases cardiovascular risk.,original
Liver Disease,Checkup,Track your Child-Pugh or MELD score to understand your liver disease severity.,original
Liver Disease,Checkup,"If considering transplant, maintain regular evaluations to stay on the waiting list.",original
Liver Disease,Checkup,Have your eyes examined annually as liver disease can cause vision problems.,original
Liver Disease,Checkup,"Monitor for signs of infection like fever, as liver disease weakens immunity.",original
Liver Disease,Checkup,Check your nutritional status regularly with your dietitian to prevent malnutrition.,original
Liver Disease,Checkup,Get your hemoglobin checked for anemia which is common in liver disease.,original
Liver Disease,Checkup,Have your clotting factors assessed before any surgical or dental procedures.,original
Liver Disease,Checkup,Monitor for skin changes like spider angiomas or palmar erythema indicating progression.,original
Liver Disease,Checkup,Track your energy levels and discuss fatigue management strategies with your doctor.,original
Liver Disease,Checkup,"If you have hepatitis, get viral load testing to monitor disease activity.",original
Liver Disease,Checkup,Have your ascitic fluid analyzed if you develop new or worsening ascites.,original
Liver Disease,Checkup,Monitor your urine output and color as changes may indicate liver function decline.,original
Liver Disease,Checkup,"Discuss your quality of life concerns during checkups, including mental health.",original
Liver Disease,Checkup,Get regular dental checkups as oral health affects overall liver health.,original
Liver Disease,Checkup,Keep a symptom diary to share with your doctor for better treatment decisions.,original
Liver Disease,Checkup,Have your immunosuppressant levels monitored if you've had a transplant.,original
Liver Disease,Checkup,Check your copper and ceruloplasmin levels if Wilson's disease is suspected.,original
Liver Disease,Checkup,Monitor for peripheral edema which can indicate worsening liver function.,original
Liver Disease,Checkup,Bring all your medication bottles to every appointment for medication review.,original
Liver Disease,Checkup,Ask about clinical trials if standard treatments aren't working effectively.,original
Liver Disease,Checkup,Have a careplan documented including emergency contacts and advance directives.,original
Liver Disease,Checkup,Get your autoimmune markers checked if autoimmune hepatitis is your diagnosis.,original
Liver Disease,Checkup,Monitor for hepatorenal syndrome if your kidney function starts declining.,original
Liver Disease,Checkup,"Discuss alcohol use honestly at every visit, even if you haven't had any.",original
Liver Disease,Checkup,Have your spleen size assessed as enlargement indicates portal hypertension.,original
Liver Disease,Checkup,Track your medications' effectiveness and report any side effects promptly.,original
Liver Disease,Checkup,Get flu and pneumonia vaccines annually to prevent infections.,original
Liver Disease,Checkup,Keep copies of all test results for your records and when seeing new doctors.,original
Liver Disease,Checkup,"Never skip appointments even when feeling well, as liver disease progresses silently.",original
Liver Disease,Checkup,Your regular monitoring is the best way to prevent complications and maintain health.,original
Liver Disease,SelfCare,Take all medications exactly as prescribed without skipping doses.,original
Liver Disease,SelfCare,Avoid alcohol completely as even small amounts can worsen liver damage.,original
Liver Disease,SelfCare,Follow your low-sodium diet strictly to prevent fluid retention and ascites.,original
Liver Disease,SelfCare,"Eat small, frequent meals to manage nausea and maintain nutrition.",original
Liver Disease,SelfCare,Get adequate rest and sleep to help your body cope with liver disease.,original
Liver Disease,SelfCare,Monitor your weight daily and report significant changes to your doctor.,original
Liver Disease,SelfCare,Avoid all herbal supplements unless approved by your hepatologist.,original
Liver Disease,SelfCare,"Practice good hygiene to prevent infections, especially if immunocompromised.",original
Liver Disease,SelfCare,Limit protein intake only if you have hepatic encephalopathy as directed.,original
Liver Disease,SelfCare,Stay hydrated but monitor fluid intake if you have ascites.,original
Liver Disease,SelfCare,Keep a food and symptom diary to identify triggers and patterns.,original
Liver Disease,SelfCare,Avoid over-the-counter pain relievers especially acetaminophen without doctor approval.,original
Liver Disease,SelfCare,"Practice stress reduction through meditation, gentle yoga, or deep breathing.",original
Liver Disease,SelfCare,Maintain social connections for emotional support during your health journey.,original
Liver Disease,SelfCare,Wear comfortable loose clothing if you have ascites to reduce discomfort.,original
Liver Disease,SelfCare,Elevate your legs when resting to reduce swelling and improve circulation.,original
Liver Disease,SelfCare,Join a liver disease support group to connect with others who understand.,original
Liver Disease,SelfCare,Carry medical alert identification indicating you have liver disease.,original
Liver Disease,SelfCare,"Keep emergency contact numbers easily accessible, including your hepatologist.",original
Liver Disease,SelfCare,Avoid raw or undercooked foods that could cause infections.,original
Liver Disease,SelfCare,Protect your skin from sun exposure as some liver medications increase sensitivity.,original
Liver Disease,SelfCare,Use unscented lotions to manage itching without irritating sensitive skin.,original
Liver Disease,SelfCare,"Pace yourself and rest when fatigued, don't push through exhaustion.",original
Liver Disease,SelfCare,Keep your living space organized to reduce stress and make tasks easier.,original
Liver Disease,SelfCare,Prepare meals in advance for days when you have low energy.,original
Liver Disease,SelfCare,Communicate openly with family about your needs and limitations.,original
Liver Disease,SelfCare,Monitor for signs of infection and seek medical attention promptly.,original
Liver Disease,SelfCare,Maintain good dental hygiene as infections can worsen liver health.,original
Liver Disease,SelfCare,Avoid contact with people who have contagious illnesses when possible.,original
Liver Disease,SelfCare,"Keep a medical journal documenting symptoms, medications, and questions.",original
Liver Disease,SelfCare,"Set realistic daily goals based on your energy levels, not others' expectations.",original
Liver Disease,SelfCare,"Practice self-compassion, managing liver disease is challenging and you're doing well.",original
Liver Disease,SelfCare,Educate yourself about your condition through reliable medical sources.,original
Liver Disease,SelfCare,Avoid lifting heavy objects if you have ascites or enlarged spleen.,original
Liver Disease,SelfCare,Use a medication organizer to prevent missed or duplicate doses.,original
Liver Disease,SelfCare,Maintain hobbies and interests adapted to your energy levels for mental health.,original
Liver Disease,SelfCare,"Ask for help when needed, accepting support is a sign of strength.",original
Liver Disease,SelfCare,Keep your home well-ventilated and avoid exposure to toxins or chemicals.,original
Liver Disease,SelfCare,Wear non-slip shoes and use handrails to prevent falls if you're weak.,original
Liver Disease,SelfCare,Track your bowel movements and report changes to your doctor promptly.,original
Liver Disease,SelfCare,Stay informed about treatment advances and new options for your condition.,original
Liver Disease,SelfCare,Practice gratitude to maintain positive mental health despite challenges.,original
Liver Disease,SelfCare,Plan activities during times when you typically have more energy.,original
Liver Disease,SelfCare,Limit visitors when you're feeling unwell to preserve energy for healing.,original
Liver Disease,SelfCare,Keep your medical team's contact information in multiple accessible locations.,original
Liver Disease,SelfCare,"Advocate for yourself in healthcare settings, speak up about your needs.",original
Liver Disease,SelfCare,Celebrate small victories like stable lab results or feeling better today.,original
Liver Disease,SelfCare,Focus on what you can control and accept what you cannot change.,original
Liver Disease,SelfCare,"Remember that managing liver disease is a journey, be patient with yourself.",original
Liver Disease,SelfCare,Your commitment to self-care demonstrates strength and love for yourself.,original
Obesity,Diet,"Focus on whole, unprocessed foods like vegetables, fruits, and whole grains.",original
Obesity,Diet,Practice portion control by using smaller plates and measuring servings.,original
Obesity,Diet,Eat protein with every meal to increase satiety and preserve muscle mass.,original
Obesity,Diet,Include plenty of fiber-rich foods to feel full longer and aid digestion.,original
Obesity,Diet,Drink water before meals to help reduce appetite and calorie intake.,original
Obesity,Diet,Avoid sugary beverages which add empty calories without satisfying hunger.,original
Obesity,Diet,Plan your meals in advance to avoid impulsive unhealthy food choices.,original
Obesity,Diet,"Eat slowly and mindfully, putting your fork down between bites.",original
Obesity,Diet,"Choose lean proteins like chicken, fish, tofu, and legumes.",original
Obesity,Diet,Fill half your plate with vegetables at every meal for nutrients and volume.,original
Obesity,Diet,Avoid eating while watching TV or using devices that distract from fullness cues.,original
Obesity,Diet,Keep healthy snacks like cut vegetables and fruits readily available.,original
Obesity,Diet,"Limit processed foods high in sugar, salt, and unhealthy fats.",original
Obesity,Diet,Cook at home more often to control ingredients and portion sizes.,original
Obesity,Diet,Replace refined grains with whole grains like brown rice and quinoa.,original
Obesity,Diet,"Include healthy fats from nuts, seeds, avocado, and olive oil in moderation.",original
Obesity,Diet,Read nutrition labels to make informed choices about packaged foods.,original
Obesity,Diet,Avoid skipping meals which can lead to overeating later in the day.,original
Obesity,Diet,"Choose grilled, baked, or steamed foods instead of fried options.",original
Obesity,Diet,Use herbs and spices for flavor instead of high-calorie sauces.,original
Obesity,Diet,"Practice the 80/20 rule: eat healthy 80% of the time, allow flexibility 20%.",original
Obesity,Diet,"Keep a food diary to track what, when, and why you eat.",original
Obesity,Diet,Eat breakfast daily to jumpstart metabolism and prevent overeating later.,original
Obesity,Diet,Choose foods with low energy density to eat more volume with fewer calories.,original
Obesity,Diet,Limit alcohol consumption as it adds calories and reduces inhibitions around food.,original
Obesity,Diet,Pack your lunch for work to avoid high-calorie restaurant meals.,original
Obesity,Diet,Include probiotic foods like yogurt to support gut health and digestion.,original
Obesity,Diet,Reduce intake of simple carbohydrates that spike blood sugar.,original
Obesity,Diet,Eat foods rich in omega-3 fatty acids for heart health and satiety.,original
Obesity,Diet,Avoid grocery shopping when hungry to prevent impulse purchases.,original
Obesity,Diet,Choose whole fruits over fruit juices to get fiber and feel fuller.,original
Obesity,Diet,Prepare vegetables in different ways to keep meals interesting and enjoyable.,original
Obesity,Diet,"Use the plate method: half vegetables, quarter protein, quarter whole grains.",original
Obesity,Diet,Limit eating out and save restaurant meals for special occasions.,original
Obesity,Diet,Replace high-calorie snacks with air-popped popcorn or raw vegetables.,original
Obesity,Diet,Drink herbal tea or infused water instead of caloric beverages.,original
Obesity,Diet,Practice intuitive eating by listening to your body's hunger and fullness signals.,original
Obesity,Diet,Include calcium-rich foods like low-fat dairy or fortified plant milks.,original
Obesity,Diet,Avoid keeping trigger foods that lead to overeating in your home.,original
Obesity,Diet,Eat adequate protein to maintain muscle during weight loss.,original
Obesity,Diet,Choose nutrient-dense snacks that provide vitamins and minerals.,original
Obesity,Diet,Limit sodium intake to reduce water retention and bloating.,original
Obesity,Diet,Allow yourself occasional treats to prevent feelings of deprivation.,original
Obesity,Diet,Focus on adding healthy foods rather than only restricting unhealthy ones.,original
Obesity,Diet,Meal prep on weekends to have healthy options ready during busy weekdays.,original
Obesity,Diet,Stay consistent with healthy eating rather than following extreme diets.,original
Obesity,Diet,Work with a registered dietitian for personalized nutrition guidance.,original
Obesity,Diet,Remember that sustainable weight loss comes from lasting lifestyle changes.,original
Obesity,Diet,"Be patient with yourself, healthy eating is a skill that improves with practice.",original
Obesity,Diet,Your relationship with food matters as much as what you eat.,original
Obesity,Exercise,Start with 10-15 minutes of activity daily and gradually increase duration.,original
Obesity,Exercise,Choose activities you enjoy so exercise feels less like a chore.,original
Obesity,Exercise,"Walk whenever possible, it's free and effective for weight management.",original
Obesity,Exercise,Include both cardio and strength training for optimal results.,original
Obesity,Exercise,Break exercise into shorter sessions throughout the day if needed.,original
Obesity,Exercise,Start with low-impact activities like swimming or cycling if joints hurt.,original
Obesity,Exercise,Set realistic goals and celebrate small improvements along the way.,original
Obesity,Exercise,Use a fitness tracker or app to monitor progress and stay motivated.,original
Obesity,Exercise,Exercise with a friend or join a class for accountability and fun.,original
Obesity,Exercise,Focus on how exercise makes you feel rather than just calories burned.,original
Obesity,Exercise,Include strength training to build muscle which boosts metabolism.,original
Obesity,Exercise,Take the stairs instead of elevators when possible for extra movement.,original
Obesity,Exercise,Park farther away from entrances to add more steps to your day.,original
Obesity,Exercise,Try different activities to find what you enjoy and prevent boredom.,original
Obesity,Exercise,Listen to music or podcasts to make exercise more enjoyable.,original
Obesity,Exercise,Start your day with exercise to boost energy and set positive tone.,original
Obesity,Exercise,Include flexibility exercises like stretching or yoga for overall fitness.,original
Obesity,Exercise,Set specific workout times in your calendar and treat them as appointments.,original
Obesity,Exercise,"Don't let all-or-nothing thinking stop you, some movement is always better than none.",original
Obesity,Exercise,Warm up before and cool down after exercise to prevent injury.,original
Obesity,Exercise,Stay hydrated during workouts to maintain performance and recovery.,original
Obesity,Exercise,"Wear comfortable, supportive shoes to prevent foot and joint pain.",original
Obesity,Exercise,Gradually increase intensity as your fitness improves over time.,original
Obesity,Exercise,Include activities of daily living like gardening or housework as exercise.,original
Obesity,Exercise,Try high-intensity interval training (HIIT) once you build base fitness.,original
Obesity,Exercise,Use resistance bands or body weight exercises at home if no gym access.,original
Obesity,Exercise,"Track your progress with measurements and photos, not just scale weight.",original
Obesity,Exercise,Rest adequately between workouts to allow muscles to recover and strengthen.,original
Obesity,Exercise,Exercise outdoors when possible for added mental health benefits.,original
Obesity,Exercise,Make movement part of social activities like walking with friends.,original
Obesity,Exercise,Stand up and move every hour if you have a sedentary job.,original
Obesity,Exercise,Start with chair exercises if mobility is very limited initially.,original
Obesity,Exercise,Consult your doctor before starting a new exercise program.,original
Obesity,Exercise,"Don't use exercise as punishment for eating, it should be self-care.",original
Obesity,Exercise,Include balance and coordination exercises to prevent falls.,original
Obesity,Exercise,Try dance classes which combine fun with effective calorie burning.,original
Obesity,Exercise,Use workout videos or apps if you prefer exercising at home.,original
Obesity,Exercise,Remember that building an exercise habit takes time and consistency.,original
Obesity,Exercise,Focus on non-scale victories like increased energy and better sleep.,original
Obesity,Exercise,"Modify exercises as needed, there's no shame in adjusting to your level.",original
Obesity,Exercise,Find an accountability partner to help you stay committed to goals.,original
Obesity,Exercise,Reward yourself for reaching exercise milestones with non-food treats.,original
Obesity,Exercise,"Be patient, fitness improvements come gradually with consistent effort.",original
Obesity,Exercise,Exercise reduces stress and improves mood beyond just weight loss.,original
Obesity,Exercise,Keep workout clothes and shoes ready to remove barriers to exercise.,original
Obesity,Exercise,Mix up your routine to challenge your body in different ways.,original
Obesity,Exercise,Remember that every workout is an investment in your health and future.,original
Obesity,Exercise,Celebrate the fact that you're moving your body and prioritizing health.,original
Obesity,Exercise,"Consistency beats intensity, regular moderate exercise wins long-term.",original
Obesity,Exercise,"Your body is capable of amazing things, be patient as it adapts.",original
Obesity,Awareness,"Obesity is a complex chronic disease influenced by genetics, environment, and behavior.",original
Obesity,Awareness,"Over 650 million adults worldwide have obesity, making it a global health concern.",original
Obesity,Awareness,"Obesity increases risk for heart disease, diabetes, and certain cancers significantly.",original
Obesity,Awareness,"BMI over 30 is classified as obesity, but body composition matters too.",original
Obesity,Awareness,"Childhood obesity rates have tripled in recent decades, affecting long-term health.",original
Obesity,Awareness,"Obesity is not simply about willpower or personal failure, it's a medical condition.",original
Obesity,Awareness,Environmental factors like food deserts contribute to obesity prevalence.,original
Obesity,Awareness,Sleep deprivation is linked to weight gain through hormone dysregulation.,original
Obesity,Awareness,Certain medications can cause weight gain as a side effect.,original
Obesity,Awareness,Stress eating and emotional eating contribute to obesity for many people.,original
Obesity,Awareness,"Genetics account for 40-70% of obesity risk, but lifestyle still matters.",original
Obesity,Awareness,"Obesity affects mental health, and mental health affects obesity, creating a cycle.",original
Obesity,Awareness,Weight stigma and discrimination harm health independent of weight itself.,original
Obesity,Awareness,Obesity increases risk of sleep apnea which further affects health.,original
Obesity,Awareness,Joint problems and osteoarthritis are more common in people with obesity.,original
Obesity,Awareness,Obesity affects fertility and pregnancy outcomes for both men and women.,original
Obesity,Awareness,Modest weight loss of 5-10% can significantly improve health markers.,original
Obesity,Awareness,"Prevention is easier than treatment, making early intervention important.",original
Obesity,Awareness,Obesity affects different ethnic groups at different rates due to various factors.,original
Obesity,Awareness,Access to healthy food and safe places to exercise affects obesity rates.,original
Obesity,Awareness,Socioeconomic factors play a significant role in obesity prevalence.,original
Obesity,Awareness,Obesity in parents increases obesity risk in children through genes and environment.,original
Obesity,Awareness,Hormonal imbalances like hypothyroidism can contribute to weight gain.,original
Obesity,Awareness,Obesity increases risk of developing certain mental health conditions.,original
Obesity,Awareness,Weight cycling (yo-yo dieting) can be harmful to health long-term.,original
Obesity,Awareness,Obesity affects the body's response to medications and anesthesia.,original
Obesity,Awareness,Early obesity interventions in childhood can prevent adult obesity.,original
Obesity,Awareness,Obesity increases healthcare costs for individuals and society overall.,original
Obesity,Awareness,Understanding obesity as a disease helps reduce stigma and improve treatment.,original
Obesity,Awareness,Portion sizes have increased dramatically over past decades contributing to obesity.,original
Obesity,Awareness,Sedentary lifestyles due to technology contribute to obesity epidemic.,original
Obesity,Awareness,Obesity affects quality of life beyond just physical health concerns.,original
Obesity,Awareness,Marketing of unhealthy foods especially to children contributes to obesity.,original
Obesity,Awareness,Obesity is associated with chronic inflammation affecting multiple body systems.,original
Obesity,Awareness,Weight bias in healthcare can prevent people from seeking needed care.,original
Obesity,Awareness,Community-level interventions can help address obesity at population level.,original
Obesity,Awareness,Obesity affects bone health and increases fracture risk despite higher weight.,original
Obesity,Awareness,Bariatric surgery is an effective treatment option for severe obesity.,original
Obesity,Awareness,Obesity increases risk of developing fatty liver disease and cirrhosis.,original
Obesity,Awareness,Regular health screenings are important for people with obesity.,original
Obesity,Awareness,Obesity affects the immune system and response to infections.,original
Obesity,Awareness,Policy changes can help create environments that support healthy weights.,original
Obesity,Awareness,Obesity treatment often requires multidisciplinary approach for success.,original
Obesity,Awareness,Weight loss medications can be helpful tools alongside lifestyle changes.,original
Obesity,Awareness,Obesity increases risk of developing gastroesophageal reflux disease.,original
Obesity,Awareness,Understanding personal triggers for overeating aids in obesity management.,original
Obesity,Awareness,Obesity is associated with vitamin D deficiency in many individuals.,original
Obesity,Awareness,Support systems are crucial for successful long-term weight management.,original
Obesity,Awareness,Education about nutrition and exercise is key to obesity prevention.,original
Obesity,Awareness,Everyone deserves compassionate healthcare regardless of their weight.,original
Obesity,MythVsFact,"Myth: Obesity is just about eating too much. Fact: Genetics, hormones, medications, sleep, stress, and environment all play significant roles in obesity development.",original
Obesity,MythVsFact,"Myth: People with obesity are lazy. Fact: Many people with obesity exercise regularly; it's a complex medical condition, not a character flaw or moral failing.",original
Obesity,MythVsFact,"Myth: Just eat less and move more solves obesity. Fact: The body adapts to defend against weight loss, making long-term management much more complex than simple math.",original
Obesity,MythVsFact,"Myth: All calories are equal. Fact: Different foods affect hormones, metabolism, and satiety differently; food quality matters as much as quantity for weight management.",original
Obesity,MythVsFact,Myth: Obesity is a choice. Fact: Multiple factors beyond personal control including genetics and socioeconomic status influence obesity development and maintenance.,original
Obesity,MythVsFact,"Myth: BMI tells the whole story. Fact: BMI doesn't distinguish muscle from fat or measure body composition; it's a screening tool, not a definitive diagnosis.",original
Obesity,MythVsFact,"Myth: Rapid weight loss is best. Fact: Slow, steady weight loss of 1-2 pounds weekly is more sustainable and healthier than crash dieting which often backfires.",original
Obesity,MythVsFact,Myth: Carbs make you fat. Fact: Excess calories from any source cause weight gain; whole food carbs are important for health and sustainable weight management.,original
Obesity,MythVsFact,"Myth: You can target fat loss. Fact: Spot reduction doesn't work; where your body loses fat is determined by genetics, not by exercising specific areas.",original
Obesity,MythVsFact,"Myth: Obesity is reversible through willpower alone. Fact: Biological, psychological, and environmental factors all influence weight, requiring comprehensive approaches for success.",original
Obesity,MythVsFact,Myth: Skipping meals helps lose weight. Fact: Meal skipping often leads to overeating later and can slow metabolism; regular balanced meals work better.,original
Obesity,MythVsFact,Myth: Diet foods and low-fat products aid weight loss. Fact: Many diet products contain added sugars and chemicals; whole foods are typically better choices.,original
Obesity,MythVsFact,"Myth: Exercise alone will lead to weight loss. Fact: Diet plays a larger role than exercise in weight loss, though both together provide best results.",original
Obesity,MythVsFact,Myth: Everyone can achieve their ideal weight. Fact: Set point theory suggests bodies defend certain weight ranges; health at various weights is possible.,original
Obesity,MythVsFact,"Myth: Obesity is the same as being overweight. Fact: These are different classifications with different health implications, though both deserve medical attention and support.",original
Obesity,MythVsFact,"Myth: You must be miserable to lose weight. Fact: Sustainable weight loss comes from enjoyable lifestyle changes, not punishment or deprivation approaches.",original
Obesity,MythVsFact,"Myth: Obesity is always unhealthy. Fact: Some people with obesity have normal metabolic health, though weight management may still benefit overall health long-term.",original
Obesity,MythVsFact,"Myth: Weight loss supplements work. Fact: Most supplements aren't regulated, lack evidence, and some are dangerous; lifestyle changes remain most effective.",original
Obesity,MythVsFact,Myth: You can out-exercise a bad diet. Fact: It's nearly impossible to burn enough calories to offset poor eating habits; diet is crucial for weight management.,original
Obesity,MythVsFact,Myth: Obesity only affects appearance. Fact: Obesity increases risk for numerous serious health conditions affecting quality and length of life significantly.,original
Obesity,MythVsFact,Myth: Cheat days don't affect progress. Fact: Consistent habits matter more than occasional perfection; regular excessive cheat days can undermine overall progress significantly.,original
Obesity,MythVsFact,"Myth: Metabolism is fixed. Fact: Metabolism can be influenced by muscle mass, activity level, sleep, stress, and eating patterns through lifestyle modifications.",original
Obesity,MythVsFact,Myth: Obesity means you've failed. Fact: Obesity is a medical condition influenced by factors beyond personal control; managing it shows strength and commitment.,original
Obesity,MythVsFact,Myth: All thin people are healthy. Fact: Health exists at various sizes; thin people can have metabolic problems while some larger people are metabolically healthy.,original
Obesity,MythVsFact,"Myth: Fasting is the best weight loss method. Fact: While effective for some, fasting isn't suitable for everyone and can trigger disordered eating in susceptible individuals.",original
Obesity,MythVsFact,Myth: You must give up all favorite foods. Fact: Moderation and balance allow inclusion of favorite foods in healthy eating patterns without derailing progress.,original
Obesity,MythVsFact,"Myth: Weight loss is linear. Fact: Weight fluctuates daily due to water, hormones, and digestion; focus on trends over time, not daily numbers.",original
Obesity,MythVsFact,"Myth: Only expensive programs work. Fact: Free resources like walking, home cooking, and library books can be just as effective as costly programs.",original
Obesity,MythVsFact,"Myth: Obesity is contagious. Fact: While social networks influence behaviors, obesity itself isn't infectious; shared environments and habits affect groups similarly.",original
Obesity,MythVsFact,Myth: Surgery is the easy way out. Fact: Bariatric surgery requires lifelong commitment to dietary changes and has risks; it's a serious medical intervention.,original
Obesity,MythVsFact,Myth: You must hit the gym daily. Fact: Consistency matters more than intensity; moderate daily activity and lifestyle movement are highly effective for weight management.,original
Obesity,MythVsFact,Myth: Eating fat makes you fat. Fact: Healthy fats are essential and satiating; excess calories from any macronutrient contribute to weight gain.,original
Obesity,MythVsFact,Myth: Plateau means you should give up. Fact: Weight plateaus are normal as the body adjusts; persistence through plateaus leads to continued success.,original
Obesity,MythVsFact,Myth: You can't be fit and fat. Fact: Fitness and fatness aren't mutually exclusive; physical fitness improves health independent of weight changes.,original
Obesity,MythVsFact,"Myth: Drinking water flushes fat. Fact: Water doesn't burn fat but supports metabolism, reduces hunger, and aids overall health during weight management.",original
Obesity,MythVsFact,"Myth: Childhood obesity always continues to adulthood. Fact: While risk is higher, many children with obesity achieve healthy weights with intervention and support.",original
Obesity,MythVsFact,"Myth: Stress doesn't affect weight. Fact: Chronic stress affects hormones, sleep, and behaviors in ways that promote weight gain and make loss difficult.",original
Obesity,MythVsFact,"Myth: You should weigh yourself daily. Fact: Frequency depends on individual; for some, daily weighing helps, while others do better with weekly or no weighing.",original
Obesity,MythVsFact,"Myth: Once you lose weight, you're done. Fact: Weight maintenance requires ongoing attention to lifestyle; it's a lifelong journey, not a destination.",original
Obesity,MythVsFact,"Myth: Genetics means you can't change weight. Fact: While genetics influence weight, lifestyle modifications significantly impact health and weight regardless of genes.",original
Obesity,MythVsFact,"Myth: Eating late at night causes obesity. Fact: Total daily calories matter more than timing, though late eating may indicate other problematic patterns.",original
Obesity,MythVsFact,Myth: You must reach ideal weight to be healthy. Fact: Modest weight loss significantly improves health markers even without reaching conventional ideal weight.,original
Obesity,MythVsFact,Myth: Obesity treatment is cosmetic. Fact: Obesity treatment addresses serious medical conditions and improves quality of life beyond appearance concerns.,original
Obesity,MythVsFact,"Myth: Everyone should try to lose weight. Fact: For some, weight maintenance or health-focused behaviors without weight loss may be more appropriate and beneficial.",original
Obesity,MythVsFact,Myth: Organic or natural foods prevent obesity. Fact: These foods still contain calories; portion control and overall diet quality matter more than organic labels.,original
Obesity,MythVsFact,"Myth: Obesity is modern problem only. Fact: While more prevalent now, obesity existed historically; however, modern environment makes it far more common today.",original
Obesity,MythVsFact,"Myth: You can't lose weight after certain age. Fact: Weight loss is possible at any age, though metabolism and hormones change requiring strategy adjustments.",original
Obesity,MythVsFact,"Myth: Muscle weighs more than fat. Fact: A pound is a pound; muscle is denser than fat, taking up less space per pound but weighing the same.",original
Obesity,MythVsFact,"Myth: Obesity is just about food addiction. Fact: While food can be addictive, obesity involves complex biological, psychological, and social factors beyond addiction.",original
Obesity,MythVsFact,"Myth: Everyone needs same calorie amount. Fact: Individual calorie needs vary based on age, gender, size, activity, metabolism, and genetics significantly.",original
Obesity,Motivation,Your worth is not determined by a number on the scale or clothing size.,original
Obesity,Motivation,Every healthy choice you make today is an investment in your future,original
Obesity,SelfCare,Don't skip meals or snacks when you want to enjoy healthy foods.,generated
Obesity,SelfCare,Avoid eating too much.,generated
Diabetes,SelfCare,"Try to avoid high blood pressure, heartburn or nausea.",generated
Heart Attack,SelfCare,Keep your heart healthy and active.,generated
Hypertension,SelfCare,Take care of your body to keep blood pressure and cholesterol levels stable.,generated
Liver Disease,SelfCare,Keep your diet low in fat and carbs to stay healthy.,generated
Obesity,SelfCare,Eat better and eat healthy.,generated
Renal Disease,SelfCare,Avoid stress and avoid physical activity during meals.,generated
Diabetes,SelfCare,Avoid self-loathing when you're sick.,generated
Heart Attack,SelfCare,Eat healthy and enjoy small portions to avoid unhealthy food choices.,generated
Hypertension,SelfCare,Take care of your diabetes symptoms and enjoy quality meals.,generated
Liver Disease,SelfCare,"Eat healthy, but not too much.",generated
Obesity,SelfCare,Include a small snack or dessert instead of too much.,generated
Renal Disease,SelfCare,"Keep your mind focused on the positive, not just negative.",generated
Diabetes,SelfCare,Check your diet regularly to ensure good quality.,generated
Heart Attack,SelfCare,Include health stories to help your mind feel better.,generated
Hypertension,SelfCare,Exercise and light activity are healthy for your heart.,generated
Liver Disease,SelfCare,"Avoid unnecessary stress, as diabetes can affect heart health and kidneys.",generated
Obesity,SelfCare,Do not give up. Stay focused and steady on your goals to help improve health every day.,generated
Renal Disease,SelfCare,Celebrate your progress in health and wellness.,generated
Migraine,Diet,Identify and avoid common migraine trigger foods like aged cheeses and processed meats.,original
Migraine,Diet,Stay hydrated by drinking plenty of water throughout the day to prevent dehydration-triggered migraines.,original
Migraine,Diet,Keep a regular meal schedule and avoid skipping meals to maintain stable blood sugar levels.,original
Migraine,Diet,Limit caffeine intake as both too much and withdrawal can trigger migraines.,original
Migraine,Diet,Avoid foods with MSG  artificial sweeteners  and nitrates which are common migraine triggers.,original
Migraine,Diet,Include magnesium-rich foods like spinach  almonds  and avocados in your diet.,original
Migraine,Diet,Eat small  frequent meals to maintain steady energy and prevent hunger-induced migraines.,original
Migraine,Diet,Keep a food diary to track potential migraine triggers and patterns.,original
Migraine,Diet,Choose fresh  whole foods over processed options to avoid preservatives that may trigger migraines.,original
Migraine,Diet,Stay consistent with your eating patterns  especially on weekends and holidays.,original
Migraine,Exercise,Engage in regular moderate exercise like walking or swimming to reduce migraine frequency.,original
Migraine,Exercise,Avoid intense workouts that may trigger exertion migraines; build intensity gradually.,original
Migraine,Exercise,Practice gentle yoga or stretching to relieve tension that can contribute to migraines.,original
Migraine,Exercise,Maintain good posture during exercise and daily activities to prevent neck strain.,original
Migraine,Exercise,Stay hydrated before  during  and after physical activity.,original
Migraine,Exercise,Choose low-impact activities like cycling or elliptical training if high-impact exercises trigger migraines.,original
Migraine,Exercise,Exercise in climate-controlled environments to avoid temperature-related triggers.,original
Migraine,Exercise,Include relaxation exercises like deep breathing after your workout.,original
Migraine,Exercise,Listen to your body and rest when you feel a migraine coming on.,original
Migraine,Exercise,Establish a consistent exercise routine rather than sporadic intense sessions.,original
Migraine,Awareness,Migraines are more than just headaches - they often include nausea  sensitivity to light and sound.,original
Migraine,Awareness,Recognize your migraine prodrome symptoms like yawning  food cravings  or mood changes.,original
Migraine,Awareness,Keep a migraine diary to track triggers  symptoms  and effective treatments.,original
Migraine,Awareness,Understand that migraine is a neurological condition  not just a bad headache.,original
Migraine,Awareness,Women are three times more likely to experience migraines than men.,original
Migraine,Awareness,Weather changes  especially barometric pressure shifts  can trigger migraines in some people.,original
Migraine,Awareness,Bright lights  loud noises  and strong smells are common migraine triggers.,original
Migraine,Awareness,Migraine attacks can last from 4 hours to 3 days if untreated.,original
Migraine,Awareness,Identify your specific aura symptoms if you experience them before migraines.,original
Migraine,Awareness,Stress is one of the most common migraine triggers - learn to manage it effectively.,original
Migraine,MythVsFact,Myth: Migraines are just bad headaches. Fact: Migraines are a complex neurological disorder with multiple symptoms.,original
Migraine,MythVsFact,"Myth: Drinking coffee helps all migraines. Fact: While caffeine can help some migraines, it can trigger others.",original
Migraine,MythVsFact,"Myth: Migraines are caused by stress or emotional problems. Fact: Migraines have biological causes, though stress can trigger them.",original
Migraine,MythVsFact,"Myth: Only women get migraines. Fact: While more common in women, men also experience migraines.",original
Migraine,MythVsFact,Myth: You should tough out a migraine without medication. Fact: Early treatment is most effective for migraine relief.,original
Migraine,MythVsFact,"Myth: Migraine medications always cause rebound headaches. Fact: When used as directed, most migraine medications are safe.",original
Migraine,MythVsFact,Myth: Children don't get migraines. Fact: Migraines can begin in childhood and often run in families.,original
Migraine,MythVsFact,Myth: Migraines are just an excuse to avoid work. Fact: Migraines are a legitimate medical condition that can be disabling.,original
Migraine,MythVsFact,Myth: You can't function during a migraine. Fact: Severity varies - some people can function with treatment.,original
Migraine,MythVsFact,Myth: There's no effective treatment for migraines. Fact: Many treatments are available including preventive and abortive options.,original
Migraine,Motivation,Remember that each migraine-free day is a victory worth celebrating.,original
Migraine,Motivation,You are stronger than your migraines - you've survived every one so far.,original
Migraine,Motivation,Be patient with yourself during recovery; healing takes time after an attack.,original
Migraine,Motivation,Your migraine management journey is unique to you - trust what works for your body.,original
Migraine,Motivation,Small consistent self-care habits can make big differences in migraine frequency.,original
Migraine,Motivation,You are not alone in this journey - millions understand what you're going through.,original
Migraine,Motivation,Focus on the days you feel good  not just the days you have migraines.,original
Migraine,Motivation,Every step you take to understand your triggers is progress toward better management.,original
Migraine,Motivation,Be kind to yourself on high-pain days - rest is productive too.,original
Migraine,Motivation,Your resilience in managing migraines shows incredible strength and determination.,original
Migraine,Checkup,See a neurologist or headache specialist for proper migraine diagnosis and treatment.,original
Migraine,Checkup,Keep regular follow-up appointments to adjust your treatment plan as needed.,original
Migraine,Checkup,Discuss all your symptoms with your doctor  not just head pain.,original
Migraine,Checkup,Bring your migraine diary to doctor appointments for better treatment decisions.,original
Migraine,Checkup,Review your medications regularly with your healthcare provider.,original
Migraine,Checkup,Ask about preventive medications if you have frequent migraines.,original
Migraine,Checkup,Get evaluated for other conditions that often accompany migraines like anxiety or sleep disorders.,original
Migraine,Checkup,Discuss non-medication approaches like biofeedback or acupuncture with your doctor.,original
Migraine,Checkup,Keep track of how well your abortive medications work and report back to your doctor.,original
Migraine,Checkup,Consider seeing specialists for related issues like physical therapy for neck pain.,original
Migraine,SelfCare,Create a dark  quiet rest space for when migraines strike.,original
Migraine,SelfCare,Practice stress-reduction techniques like meditation or deep breathing daily.,original
Migraine,SelfCare,Maintain consistent sleep patterns - both too much and too little sleep can trigger migraines.,original
Migraine,SelfCare,Stay hydrated throughout the day as dehydration is a common migraine trigger.,original
Migraine,SelfCare,Use cold or warm compresses on your head or neck for pain relief.,original
Migraine,SelfCare,Learn to recognize early warning signs and take medication promptly.,original
Migraine,SelfCare,Pace yourself and avoid overexertion that could trigger migraines.,original
Migraine,SelfCare,Take regular breaks from screens to prevent eye strain and tension.,original
Migraine,SelfCare,Keep your rescue medications with you at all times.,original
Migraine,SelfCare,Develop a migraine action plan so you're prepared when attacks occur.,original
Migraine,Diet,Consider an elimination diet under medical supervision to identify food triggers.,original
Migraine,Diet,Eat magnesium-rich foods like dark chocolate   pumpkin seeds  and black beans.,original
Migraine,Diet,Avoid alcohol  especially red wine and beer which are common migraine triggers.,original
Migraine,Diet,Include riboflavin (B2) sources like eggs  lean meats and green vegetables.,original
Migraine,Diet,Stay consistent with caffeine intake - don't suddenly increase or decrease.,original
Migraine,Diet,Choose fresh fruits over dried fruits which may contain sulfites.,original
Migraine,Diet,Keep healthy snacks available to prevent hunger-induced migraines.,original
Migraine,Exercise,Start with gentle warm-ups before increasing exercise intensity.,original
Migraine,Exercise,Swimming in warm water can be particularly soothing for migraine sufferers.,original
Migraine,Exercise,Practice neck and shoulder stretches to relieve tension that may trigger migraines.,original
Migraine,Exercise,Avoid exercising in extreme heat or humidity which can trigger migraines.,original
Migraine,Exercise,Use proper breathing techniques during exercise to maintain oxygen flow.,original
Migraine,Exercise,Stop immediately if you feel any migraine symptoms starting during exercise.,original
Migraine,Exercise,Wear sunglasses and a hat when exercising outdoors to reduce light sensitivity.,original
Migraine,Exercise,Stay consistent with your exercise routine rather than sporadic intense workouts.,original
Migraine,Exercise,Listen to your body and adjust intensity based on how you feel each day.,original
Migraine,Awareness,"Learn to recognize the postdrome phase - the ""migraine hangover"" after the pain subsides.",original
Migraine,Awareness,Hormonal changes during menstrual cycles can trigger migraines in many women.,original
Migraine,Awareness,Strong perfumes  cleaning products  and smoke can be potent migraine triggers.,original
Migraine,Awareness,Some people experience vestibular migraines with dizziness and balance issues.,original
Migraine,Awareness,Keep track of weather changes and barometric pressure in your migraine diary.,original
Migraine,Awareness,Understand that migraine frequency and patterns can change over time.,original
Migraine,Awareness,Screen time and blue light exposure can trigger or worsen migraines for some.,original
Migraine,Awareness,Travel and time zone changes can disrupt routines and trigger migraines.,original
Migraine,Awareness,Some medications including birth control and blood pressure drugs can affect migraines.,original
Migraine,Awareness,Dehydration is one of the most common and preventable migraine triggers.,original
Migraine,MythVsFact,"Myth: Migraines are all the same. Fact: There are multiple types including with aura, without aura, and chronic migraines.",original
Migraine,MythVsFact,Myth: You should wait to take medication until the pain is severe. Fact: Early treatment is most effective for migraine relief.,original
Migraine,MythVsFact,Myth: Migraines are just in your head. Fact: Migraines involve real physiological changes in the brain and nervous system.,original
Migraine,MythVsFact,Myth: Children don't get migraines. Fact: About 10% of school-aged children experience migraines.,original
Migraine,MythVsFact,"Myth: You can't work or function with migraines. Fact: With proper treatment, many people manage migraines while maintaining careers.",original
Migraine,MythVsFact,"Myth: Migraine medications are addictive. Fact: When used as prescribed, most migraine treatments are not addictive.",original
Migraine,MythVsFact,"Myth: You just need to relax to cure migraines. Fact: While stress management helps, migraines require comprehensive treatment.",original
Migraine,MythVsFact,"Myth: All head pain is migraine. Fact: There are many types of headaches including tension, cluster, and sinus headaches.",original
Migraine,MythVsFact,"Myth: Migraines get worse with age. Fact: Many people experience improvement, especially after menopause in women.",original
Migraine,MythVsFact,Myth: You have to accept migraines as part of life. Fact: Effective treatments and management strategies can significantly improve quality of life.,original
Migraine,Motivation,Every migraine-free day is an opportunity to live fully and joyfully.,original
Migraine,Motivation,Your strength in managing chronic pain is inspiring and admirable.,original
Migraine,Motivation,Small self-care practices add up to significant improvements over time.,original
Migraine,Motivation,You are your own best advocate in finding what works for your migraines.,original
Migraine,Motivation,Progress in migraine management is measured in better days not perfect days.,original
Migraine,Motivation,Your experience with migraines gives you unique empathy and understanding.,original
Migraine,Motivation,Each time you identify a new trigger  you gain more control over your health.,original
Migraine,Motivation,Resting during a migraine is not weakness - it's necessary self-care.,original
Migraine,Motivation,Your journey with migraines has taught you resilience and self-awareness.,original
Migraine,Motivation,Better days are ahead - keep working with your healthcare team for improvement.,original
Migraine,Checkup,Discuss new migraine treatments and prevention options with your neurologist.,original
Migraine,Checkup,Get regular eye exams as vision changes can sometimes trigger or worsen migraines.,original
Migraine,Checkup,Consider seeing a headache specialist for complex or treatment-resistant migraines.,original
Migraine,Checkup,Review your migraine action plan with your doctor every 6-12 months.,original
Migraine,Checkup,Ask about non-pharmacological approaches like biofeedback or nerve stimulation.,original
Migraine,Checkup,Keep your doctor informed about any changes in migraine frequency or symptoms.,original
Migraine,Checkup,Discuss the impact of migraines on your mental health and daily functioning.,original
Migraine,Checkup,Consider comprehensive blood work to check for nutritional deficiencies.,original
Migraine,Checkup,Ask about physical therapy if neck tension contributes to your migraines.,original
Migraine,Checkup,Regular dental checkups are important as TMJ issues can trigger migraines.,original
Migraine,SelfCare,Create a migraine emergency kit with medications eye mask  and comfort items.,original
Migraine,SelfCare,Practice progressive muscle relaxation to reduce overall body tension.,original
Migraine,SelfCare,Use blue light filters on digital devices to reduce eye strain.,original
Migraine,SelfCare,Keep your sleep environment dark  quiet  and comfortable.,original
Migraine,SelfCare,Learn acupressure points that may help relieve migraine pain.,original
Migraine,SelfCare,Stay hydrated by carrying a water bottle with you throughout the day.,original
Migraine,SelfCare,Plan rest periods during busy days to prevent overexertion.,original
Migraine,SelfCare,Use scent-free products to avoid fragrance triggers.,original
Migraine,SelfCare,Keep emergency contacts and medical information easily accessible.,original
Migraine,SelfCare,Be patient with yourself during recovery - healing takes time.,original
Migraine,Diet,Eat regular meals to keep your blood sugar stable throughout the day.,original
Migraine,Diet,Drink plenty of water to stay hydrated and prevent headache triggers.,original
Migraine,Diet,Avoid aged cheeses and processed meats that may cause migraines.,original
Migraine,Diet,Choose fresh foods over packaged items with preservatives.,original
Migraine,Diet,Keep a food diary to track what you eat and how you feel.,original
Migraine,Diet,Include magnesium-rich foods like nuts and leafy greens.,original
Migraine,Diet,Limit your caffeine intake to one serving each day.,original
Migraine,Diet,Avoid alcohol especially red wine and beer.,original
Migraine,Diet,Eat small meals more often instead of three large ones.,original
Migraine,Diet,Choose whole grains for steady energy release.,original
Migraine,Exercise,Walk daily for gentle cardiovascular activity.,original
Migraine,Exercise,Stretch your neck and shoulders every morning.,original
Migraine,Exercise,Swim laps in a warm pool for low-impact exercise.,original
Migraine,Exercise,Practice yoga poses that relieve tension headaches.,original
Migraine,Exercise,Take breaks from sitting every thirty minutes.,original
Migraine,Exercise,Breathe deeply during workouts for better oxygen flow.,original
Migraine,Exercise,Stop exercising if you feel a migraine starting.,original
Migraine,Exercise,Wear comfortable shoes for walking and standing.,original
Migraine,Exercise,Stay cool during exercise to avoid overheating.,original
Migraine,Exercise,Listen to your body and rest when needed.,original
Migraine,Awareness,Recognize your personal migraine warning signs early.,original
Migraine,Awareness,Keep track of weather changes in your headache diary.,original
Migraine,Awareness,Understand that stress can trigger migraine attacks.,original
Migraine,Awareness,Learn about different migraine phases and symptoms.,original
Migraine,Awareness,Identify your specific light and sound sensitivities.,original
Migraine,Awareness,Know that hormonal changes affect migraine patterns.,original
Migraine,Awareness,Recognize food triggers through careful observation.,original
Migraine,Awareness,Understand that sleep changes can cause migraines.,original
Migraine,Awareness,Learn about migraine treatments that work for you.,original
Migraine,Awareness,Know when to seek emergency medical care.,original
Migraine,MythVsFact,Myth Migraines are just bad headaches Fact Migraines are neurological events.,original
Migraine,MythVsFact,Myth Pain medication always helps Fact Some medications make migraines worse.,original
Migraine,MythVsFact,Myth You should tough it out Fact Early treatment works best.,original
Migraine,MythVsFact,Myth Only women get migraines Fact Men get migraines too.,original
Migraine,MythVsFact,Myth Migraines are not serious Fact They can be disabling.,original
Migraine,MythVsFact,Myth Children cannot get migraines Fact Many children suffer from migraines.,original
Migraine,MythVsFact,Myth You can work through a migraine Fact Rest is often necessary.,original
Migraine,MythVsFact,Myth Migraines have one cause Fact Multiple factors trigger migraines.,original
Migraine,MythVsFact,Myth Medication is the only solution Fact Lifestyle changes help too.,original
Migraine,MythVsFact,Myth Migraines last an hour Fact They can last for days.,original
Migraine,Motivation,You are stronger than your migraines.,original
Migraine,Motivation,Each good day is a victory worth celebrating.,original
Migraine,Motivation,Your pain does not define your strength.,original
Migraine,Motivation,Small steps lead to big improvements.,original
Migraine,Motivation,You know your body better than anyone.,original
Migraine,Motivation,Rest is productive self-care.,original
Migraine,Motivation,You have survived every migraine so far.,original
Migraine,Motivation,Your journey helps others feel less alone.,original
Migraine,Motivation,Better days are always ahead.,original
Migraine,Motivation,You are your own best health advocate.,original
Migraine,Checkup,See your doctor every six months.,original
Migraine,Checkup,Bring your headache diary to appointments.,original
Migraine,Checkup,Discuss new symptoms with your neurologist.,original
Migraine,Checkup,Review your medication plan regularly.,original
Migraine,Checkup,Ask about preventive treatment options.,original
Migraine,Checkup,Get your blood pressure checked often.,original
Migraine,Checkup,Consider seeing a headache specialist.,original
Migraine,Checkup,Keep track of medication side effects.,original
Migraine,Checkup,Discuss lifestyle changes that help.,original
Migraine,Checkup,Update your treatment plan as needed.,original
Migraine,SelfCare,Rest in a dark quiet room during attacks.,original
Migraine,SelfCare,Use a cold compress on your forehead.,original
Migraine,SelfCare,Practice deep breathing exercises daily.,original
Migraine,SelfCare,Maintain a regular sleep schedule.,original
Migraine,SelfCare,Stay hydrated with water all day.,original
Migraine,SelfCare,Take breaks from screen time often.,original
Migraine,SelfCare,Manage stress through meditation.,original
Migraine,SelfCare,Keep your rescue medications handy.,original
Migraine,SelfCare,Avoid strong smells and perfumes.,original
Migraine,SelfCare,Be kind to yourself on hard days.,original
Migraine,Diet,Eat breakfast within one hour of waking.,original
Migraine,Diet,Choose organic foods when possible.,original
Migraine,Diet,Drink herbal tea instead of coffee.,original
Migraine,Diet,Avoid skipping any meals.,original
Migraine,Diet,Chew your food slowly and mindfully.,original
Migraine,Exercise,Walk outdoors in fresh air.,original
Migraine,Exercise,Stretch before getting out of bed.,original
Migraine,Exercise,Swim for joint-friendly exercise.,original
Migraine,Exercise,Practice balance exercises safely.,original
Migraine,Exercise,Dance to music you enjoy.,original
Migraine,Awareness,Learn your aura symptoms.,original
Migraine,Awareness,Track your headache patterns.,original
Migraine,Awareness,Know your medication timing.,original
Migraine,Awareness,Understand your triggers well.,original
Migraine,Awareness,Recognize early warning signs.,original
Migraine,MythVsFact,Myth Weather does not affect migraines Fact Pressure changes trigger many people.,original
Migraine,MythVsFact,Myth You can cure migraines Fact You can manage them effectively.,original
Migraine,MythVsFact,Myth Migraines are imaginary Fact They have physical causes.,original
Migraine,MythVsFact,Myth Exercise causes migraines Fact Gentle exercise helps prevention.,original
Migraine,MythVsFact,Myth You outgrow migraines Fact Patterns change over time.,original
Migraine,Motivation,Every day is a new beginning.,original
Migraine,Motivation,You handle challenges with grace.,original
Migraine,Motivation,Your courage inspires others.,original
Migraine,Motivation,Small wins matter most.,original
Migraine,Motivation,You deserve good health.,original
Migraine,Checkup,Get regular eye exams.,original
Migraine,Checkup,Monitor your progress closely.,original
Migraine,Checkup,Share concerns with your doctor.,original
Migraine,Checkup,Keep all medical appointments.,original
Migraine,Checkup,Ask questions about treatments.,original
Migraine,SelfCare,Create a calm bedroom space.,original
Migraine,SelfCare,Use dim lighting at night.,original
Migraine,SelfCare,Take warm baths for relaxation.,original
Migraine,SelfCare,Listen to soothing music.,original
Migraine,SelfCare,Practice gratitude daily.,original
Migraine,Diet,Choose water over sugary drinks.,original
Migraine,Diet,Eat more vegetables and fruits.,original
Migraine,Diet,Avoid processed snack foods.,original
Migraine,Diet,Plan your meals ahead.,original
Migraine,Diet,Cook with fresh ingredients.,original
Migraine,Exercise,Move your body gently.,original
Migraine,Exercise,Stand up and stretch often.,original
Migraine,Exercise,Walk after meals.,original
Migraine,Exercise,Breathe fresh air outside.,original
Migraine,Exercise,Rest after activity.,original
Migraine,Awareness,Know your body signals.,original
Migraine,Awareness,Learn prevention strategies.,original
Migraine,Awareness,Understand treatment options.,original
Migraine,Awareness,Recognize progress patterns.,original
Migraine,Awareness,Share experiences with others.,original
Diabetes,SelfCare,Keep your daily meal in mind when eating.,generated
Heart Attack,SelfCare,Avoid distractions during stressful periods to support healthy mood and focus.,generated
Hypertension,SelfCare,Always keep a healthy diet balanced and mindful.,generated
Liver Disease,SelfCare,Get a daily meal plan to manage your intake and stress.,generated
Migraine,SelfCare,Keep your body healthy and consistent.,generated
Obesity,SelfCare,Avoid stress and slow down if you feel anxious.,generated
Renal Disease,SelfCare,Include healthy choices for your lifestyle to protect the heart.,generated
Diabetes,SelfCare,Plan your meals to include snacks and water.,generated
Heart Attack,SelfCare,Keep your smile positive and keep track of how you feel.,generated
Hypertension,SelfCare,Do not forget your health when you are healthy.,generated
Liver Disease,SelfCare,Keep your mind calm and focused.,generated
Migraine,SelfCare,"Keep your stress levels low, keep consistent and mindful.",generated
Obesity,SelfCare,Keep track of your daily habits and adjust them to fit new needs.,generated
Renal Disease,SelfCare,Take care of your health every day.,generated
Diabetes,SelfCare,Keep your medication consistent and mindful.,generated
Heart Attack,SelfCare,Keep your heart strong.,generated
Hypertension,SelfCare,Avoid excessive stress and unhealthy foods.,generated
Liver Disease,SelfCare,Keep your intake balanced and consistent.,generated
Migraine,SelfCare,Take care of your self with a healthy meal and snacks.,generated
Obesity,SelfCare,Celebrate your progress and grow.,generated
Renal Disease,SelfCare,Keep your heart healthy and maintain a balanced diet.,generated
Diabetes,SelfCare,Take control of your health through lifestyle changes.,generated
Heart Attack,Diet,Avoid processed foods like fried or sweetened snacks.,generated
Hypertension,Exercise,Diet is key to healthy health.,generated
Liver Disease,Awareness,Avoid eating too much processed food in moderation.,generated
Migraine,MythVsFact,Self-care is not about self-esteem but how you feel.,generated
Obesity,Motivation,Always stay motivated. Focus on your health and not a lack of progress - you're making important strides forward!,generated
Renal Disease,Checkup,Avoid excessive caffeine consumption.,generated
Diabetes,SelfCare,"Use glucose-lowering medication to control blood sugar, increase physical activity and improve mood.",generated
Heart Attack,Diet,Include fruits and vegetables in your daily meals.,generated
Hypertension,Exercise,Keep your blood sugar stable and maintain steady.,generated
Liver Disease,Awareness,Avoid unhealthy snacks and drinks like snack bars.,generated
Migraine,MythVsFact,"Fact: If you smoke, your heart does not stop functioning.",generated
Obesity,Motivation,Keep your body strong and motivated.,generated
Renal Disease,Checkup,Avoid caffeine and sugary beverages like water or tea.,generated
Diabetes,Diet,"Include fruits, vegetables and whole grains to improve digestion.",generated
Heart Attack,Exercise,Choose a fun activity that works for you and your health.,generated
Hypertension,Awareness,"Healthy, high-fiber diets reduce the risk of heart disease.",generated
Liver Disease,MythVsFact,Fact: A liver is not a natural part of your body. It needs regular maintenance and proper care to function properly.,generated
Migraine,Motivation,"You are living the life of a proud, self-reliant person who does not feel alone or afraid.",generated
Obesity,Checkup,Keep your heart healthy and avoid any unhealthy foods.,generated
Renal Disease,SelfCare,"Take your medication every 30 minutes, and check it regularly to make sure that medications are properly absorbed.",generated
Diabetes,Diet,A balanced diet should include fruits and vegetables in moderation.,generated
Heart Attack,Exercise,Include snacks or beverages to boost energy and reduce stress.,generated
Hypertension,Awareness,Check your cholesterol levels regularly.,generated
Liver Disease,MythVsFact,"Facts about heart disease are not always consistent. Fact checkers can confirm them with real-world data and patient care, too.",generated
Migraine,Motivation,Try not to feel bad or overwhelmed; you can build a positive energy.,generated
Obesity,Checkup,Avoid overeating and take time to feel better.,generated
Renal Disease,SelfCare,Keep your diet balanced and consistent.,generated
Diabetes,Diet,"High-fat foods contain unhealthy fats and sugar. Avoid refined grains, particularly processed ones such as quinoa or rice.",generated
Heart Attack,Exercise,Avoid extreme stress and slow your heart rate down.,generated
Hypertension,Awareness,Keep a journal of your progress.,generated
Liver Disease,MythVsFact,Fact: Only about one-third of Americans have liver disease.,generated
Migraine,Motivation,A small victory means a larger one.,generated
Obesity,Checkup,Include lifestyle changes to maintain a healthy weight and sleep.,generated
Renal Disease,SelfCare,"Include healthy eating choices, like fresh fruits and vegetables.",generated
Diabetes,Diet,Avoid processed foods and sweets.,generated
Heart Attack,Exercise,Make sure your heart is active throughout every day to stay motivated.,generated
Hypertension,Awareness,Checkup is always done ahead of time to ensure proper monitoring.,generated
Liver Disease,MythVsFact,Facts are the key to healthy liver health.,generated
Migraine,Motivation,Try new things daily to stay consistent.,generated
Obesity,Checkup,Keep your stress levels stable for longer periods of time.,generated
Renal Disease,SelfCare,"Take pride in your health, not the quantity of it.",generated
Diabetes,Diet,"Limit sodium, fruits, and vegetables.",generated
Heart Attack,Exercise,Practice heart-healthy breathing exercises to support better blood circulation.,generated
Hypertension,Awareness,Avoid stress by maintaining regular blood pressure and glucose control.,generated
Liver Disease,MythVsFact,Facts vary widely. FactChecking your doctor can help you better protect yourself and others from the harmful effects of diet or supplements.,generated
Migraine,Motivation,Self-care is a powerful way to get stronger and more selfless.,generated
Obesity,Checkup,Use a medical checkup for diabetes; avoid unnecessary complications.,generated
Renal Disease,SelfCare,Try to keep your meal fresh every 30 minutes or so.,generated
Diabetes,Diet,"Eat lower-fat dairy products for energy, fiber and protein.",generated
Heart Attack,Exercise,Wear smart clothing to protect your heart and reduce stress.,generated
Hypertension,Awareness,"Avoid unhealthy foods like processed, sugary and sweet snacks.",generated
Liver Disease,MythVsFact,Fact: Avoid excessive alcohol consumption during pregnancy.,generated
Migraine,Motivation,"Take control of your body, heart and spirit through positive energy.",generated
Obesity,Checkup,Always follow your doctor's advice on weight management.,generated
Renal Disease,SelfCare,"Keep your diet balanced, with no added sugars.",generated
Diabetes,Diet,Eat at least two servings of fruits every day to support heart health.,generated
Heart Attack,Exercise,Keep track of your progress.,generated
Hypertension,Awareness,"Eat well, reduce stress and avoid unhealthy food choices.",generated
Liver Disease,MythVsFact,Fact: Chronic liver disease is a medical emergency.,generated
Migraine,Motivation,Stay positive and focused.,generated
Obesity,Checkup,Keep track of your health and lifestyle.,generated
Renal Disease,SelfCare,"Avoid eating unhealthy foods, especially processed and packaged ones.",generated
