question,answer,focus_area
What is (are) Diabetes ?,"Too Much Glucose in the Blood Diabetes means your blood glucose (often called blood sugar) is too high. Your blood always has some glucose in it because your body needs glucose for energy to keep you going. But too much glucose in the blood isn't good for your health. Glucose comes from the food you eat and is also made in your liver and muscles. Your blood carries the glucose to all of the cells in your body. Insulin is a chemical (a hormone) made by the pancreas. The pancreas releases insulin into the blood. Insulin helps the glucose from food get into your cells. If your body does not make enough insulin or if the insulin doesn't work the way it should, glucose can't get into your cells. It stays in your blood instead. Your blood glucose level then gets too high, causing pre-diabetes or diabetes. Types of Diabetes There are three main kinds of diabetes: type 1, type 2, and gestational diabetes. The result of type 1 and type 2 diabetes is the same: glucose builds up in the blood, while the cells are starved of energy. Over the years, high blood glucose damages nerves and blood vessels, oftentimes leading to complications such as heart disease, stroke, blindness, kidney disease, nerve problems, gum infections, and amputation. Type 1 Diabetes Type 1 diabetes, which used to be called called juvenile diabetes or insulin-dependent diabetes, develops most often in young people. However, type 1 diabetes can also develop in adults. With this form of diabetes, your body no longer makes insulin or doesnt make enough insulin because your immune system has attacked and destroyed the insulin-producing cells. About 5 to 10 percent of people with diabetes have type 1 diabetes. To survive, people with type 1 diabetes must have insulin delivered by injection or a pump. Learn more about type 1 diabetes here. Type 2 Diabetes Type 2 diabetes, which used to be called adult-onset diabetes or non insulin-dependent diabetes, is the most common form of diabetes. Although people can develop type 2 diabetes at any age -- even during childhood -- type 2 diabetes develops most often in middle-aged and older people. Type 2 diabetes usually begins with insulin resistancea condition that occurs when fat, muscle, and liver cells do not use insulin to carry glucose into the bodys cells to use for energy. As a result, the body needs more insulin to help glucose enter cells. At first, the pancreas keeps up with the added demand by making more insulin. Over time, the pancreas doesnt make enough insulin when blood sugar levels increase, such as after meals. If your pancreas can no longer make enough insulin, you will need to treat your type 2 diabetes. Learn more about type 2 diabetes here. Gestational Diabetes Some women develop gestational diabetes during the late stages of pregnancy. Gestational diabetes is caused by the hormones of pregnancy or a shortage of insulin. Although this form of diabetes usually goes away after the baby is born, a woman who has had it and her child are more likely to develop diabetes later in life. Prediabetes Prediabetes means your blood glucose levels are higher than normal but not high enough for a diagnosis of diabetes. People with prediabetes are at an increased risk for developing type 2 diabetes and for heart disease and stroke. The good news is that if you have prediabetes, you can reduce your risk of getting type 2 diabetes. With modest weight loss and moderate physical activity, you can delay or prevent type 2 diabetes. Learn more about prediabetes here. Signs of Diabetes Many people with diabetes experience one or more symptoms, including extreme thirst or hunger, a frequent need to urinate and/or fatigue. Some lose weight without trying. Additional signs include sores that heal slowly, dry, itchy skin, loss of feeling or tingling in the feet and blurry eyesight. Some people with diabetes, however, have no symptoms at all. How Many Have Diabetes? Nearly 29 million Americans age 20 or older (12.3 percent of all people in this age group) have diabetes, according to 2014 estimates from the Centers for Disease Control and Prevention (CDC). About 1.9 million people aged 20 years or older were newly diagnosed with diabetes in 2010 alone. People can get diabetes at any age, but the risk increases as we get older. In 2014, over 11 million older adults living in the U.S -- nearly 26 percent of people 65 or older -- had diabetes. See more statistics about diabetes from the National Diabetes Statistics Report 2014. (Centers for Disease Control and Prevention.) If Diabetes is Not Managed Diabetes is a very serious disease. Over time, diabetes that is not well managed causes serious damage to the eyes, kidneys, nerves, heart, gums and teeth. If you have diabetes, you are more likely than people without diabetes to have heart disease or a stroke. People with diabetes also tend to develop heart disease or stroke at an earlier age than others. The best way to protect yourself from the serious complications of diabetes is to manage your blood glucose, blood pressure and cholesterol and to avoid smoking. It is not always easy, but people who make an ongoing effort to manage their diabetes can greatly improve their overall health.",Diabetes
Who is at risk for Diabetes? ?,"Diabetes is a serious, life-long disease. It can lead to problems such as heart disease, stroke, vision loss, kidney disease, and nerve damage. More than 8 million people in the United States have type 2 diabetes and dont know it. Many people dont find out they have diabetes until they are faced with problems such as blurry vision or heart trouble. Certain factors can increase your risk for diabetes, and its important to know what they are. Type 1 Diabetes Type 1 diabetes is an autoimmune disease. In an autoimmune reaction, antibodies, or immune cells, attach to the bodys own healthy tissues by mistake, signaling the body to attack them. At present, scientists do not know exactly what causes the body's immune system to attack the cells, but many believe that both genetic factors and environmental factors, such as viruses, are involved. Studies are now underway to identify these factors and prevent type 1 diabetes in people at risk. Learn more about the causes of type 1 diabetes. Type 2 Diabetes Type 2 diabetes -- the most common form -- is linked closely to overweight and obesity, high blood pressure, and abnormal cholesterol levels. Many people with type 2 diabetes are overweight. Being overweight can keep your body from using insulin properly. Genes also play an important role in a person's risk for type 2 diabetes. Having certain genes or combinations of genes may increase or decrease a persons risk for developing the disease. Here are the risk factors for type 2 diabetes. - being over 45 years of age - being overweight or obese - having a first-degree relative -- a parent, brother, or sister -- with diabetes - being African American, American Indian or Alaska Native, Asian American or Pacific Islander, or Hispanic American/Latino. (Watch the video to learn more about native Americans and diabetes risk. To enlarge the video, click the brackets in the lower right-hand corner. To reduce the video, press the Escape (Esc) button on your keyboard.) being over 45 years of age being overweight or obese having a first-degree relative -- a parent, brother, or sister -- with diabetes being African American, American Indian or Alaska Native, Asian American or Pacific Islander, or Hispanic American/Latino. (Watch the video to learn more about native Americans and diabetes risk. To enlarge the video, click the brackets in the lower right-hand corner. To reduce the video, press the Escape (Esc) button on your keyboard.) - having gestational diabetes, or giving birth to at least one baby weighing more than 9 pounds - having blood pressure of 140/90 or higher, or having been told that you have high blood pressure. - having abnormal cholesterol levels -- an HDL cholesterol level of 35 or lower, or a triglyceride level of 250 or higher - being inactive or exercising fewer than three times a week. - having polycystic ovary syndrome, also called PCOS (women only) - on previous testing, having prediabetes (an A1C level of 5.7 to 6.4 percent), impaired glucose tolerance (IGT) or impaired fasting glucose (IFG) - history of cardiovascular disease (disease affecting the heart and blood vessels). having gestational diabetes, or giving birth to at least one baby weighing more than 9 pounds having blood pressure of 140/90 or higher, or having been told that you have high blood pressure. having abnormal cholesterol levels -- an HDL cholesterol level of 35 or lower, or a triglyceride level of 250 or higher being inactive or exercising fewer than three times a week. having polycystic ovary syndrome, also called PCOS (women only) on previous testing, having prediabetes (an A1C level of 5.7 to 6.4 percent), impaired glucose tolerance (IGT) or impaired fasting glucose (IFG) history of cardiovascular disease (disease affecting the heart and blood vessels). Learn more about the causes of type 2 diabetes. Prediabetes and Type 2 Diabetes Before people develop type 2 diabetes, they usually have prediabetes -- a condition in which blood glucose levels are higher than normal, but not high enough for a diagnosis of diabetes. People with prediabetes are more likely to develop diabetes within 10 years and also are more likely to have a heart attack or stroke. Prediabetes is increasingly common in the U.S. adult population. In 2012, about 86 million people in the U.S. had pre-diabetes, and 51% of those 65 or older had prediabetes. Learn more about prediabetes. Gestational Diabetes Some women develop diabetes during the late stages of pregnancy. This is called gestational diabetes. Although this form of diabetes usually goes away after the baby is born, a woman who has had it has a lifelong risk for developing diabetes, mostly type 2.",Diabetes
How to prevent Diabetes ?,"The two most common forms of diabetes are type 1 and type 2. Currently, there is no way to delay or prevent type 1 diabetes. However, research has shown that type 2 diabetes can be prevented or delayed in people at risk for the disease. Preventing type 2 diabetes can mean a healthier and longer life without serious complications from the disease such as heart disease, stroke, blindness, kidney failure, and amputations. Preventing Type 2 Diabetes Before people develop type 2 diabetes, they usually have prediabetes -- a condition in which blood glucose levels are higher than normal, but not yet high enough for a diagnosis of diabetes. The good news is that if you have prediabetes, there are ways to reduce your risk of getting type 2 diabetes. With modest weight loss and moderate physical activity, you can delay or prevent type 2 diabetes Benefits of Weight Loss and Exercise The Diabetes Prevention Program (DPP) is a landmark study by the National Institute of Diabetes and Digestive and Kidney Diseases. DPP researchers found that adults at high risk for type 2 diabetes were able to cut their risk in half by losing a modest amount of weight and being active almost every day. This means losing 5 to 7 percent of body weight (that's 10 pounds if you weigh 200 pounds) and getting 150 minutes of physical activity a week. The drug metformin reduced the risk of type 2 diabetes by 34 percent but was more effective in younger and heavier adults. (Watch the video to learn more about preventing type 2 diabetes. To enlarge the video, click the brackets in the lower right-hand corner. To reduce the video, press the Escape (Esc) button on your keyboard.) The benefits of weight loss and regular exercise have long-lasting value. In a DPP follow-up trial known as the Diabetes Prevention Program Outcome Study (DPPOS), people at risk of type 2 diabetes who kept off the weight they had lost and who continued to exercise regularly delayed the onset of type 2 diabetes by about 4 years. The DPP study also showed that modest weight loss (achieved by following a low calorie, low-fat diet) and moderate physical activity were especially effective in preventing or delaying the development of diabetes in older people. In fact, people over the age of 60 were able to reduce their risk for developing type 2 diabetes by 71 percent. How to Lower Your Risk Making modest lifestyle changes can help prevent or delay type 2 diabetes in people who are at risk. Here are some tips. Reach and Maintain a Reasonable Body Weight Your weight affects your health in many ways. Being overweight can keep your body from making and using insulin properly. It can also cause high blood pressure. The Body Mass Index chart (seen here) can be used to find out whether someone is normal weight, overweight, or obese. Body mass index is a measurement of body weight relative to height for adults age 20 or older. To use the chart - find the person's height in the left-hand column - move across the row to find the number closest to the person's weight - find the number at the top of that column - The number at the top of the column is the persons BMI. find the person's height in the left-hand column move across the row to find the number closest to the person's weight find the number at the top of that column The number at the top of the column is the persons BMI. The words above the BMI number indicate whether the person is normal weight, overweight, or obese. People who are overweight or obese should consider talking with a health care provider about ways to lose weight and reduce the risk of diabetes. The BMI has certain limitations. The BMI may overestimate body fat in athletes and others who have a muscular build and underestimate body fat in older adults and others who have lost muscle. Waist Measurement. In addition to weight, the location of excess fat on the body can be important. A waist measurement of 40 inches or more for men and 35 inches or more for women is linked to insulin resistance and increases a persons risk for type 2 diabetes. This is true even if a persons body mass index (BMI) falls within the normal range. To measure the waist, a person should - place a tape measure around the bare abdomen just above the hip bone - make sure the tape is snug but isnt digging into the skin and is parallel to the floor - relax, exhale, and measure. place a tape measure around the bare abdomen just above the hip bone make sure the tape is snug but isnt digging into the skin and is parallel to the floor relax, exhale, and measure. Make Healthy Food Choices What you eat has a big impact on your weight and overall health. By developing healthy eating habits, you can help manage your body weight, blood pressure, and cholesterol. Reducing portion size, increasing the amount of fiber you consume (by eating more fruits and vegetables) and limiting fatty and salty foods are key to a healthy diet. Here are more tips for eating well with diabetes. - Make a diabetes meal plan with help from your health care team. - Choose foods that are lower in calories, saturated fat, trans fat, sugar, and salt. - Eat foods with more fiber, such as whole grain cereals, breads, crackers, rice, or pasta. - Choose foods such as fruits, vegetables, whole grains, bread and cereals, and low-fat or skim milk and cheese. - Drink water instead of juice and regular soda. - When eating a meal, fill half of your plate with fruits and vegetables, one quarter with a lean protein, such as beans, or chicken or turkey without the skin, and one quarter with a whole grain, such as brown rice or whole wheat pasta. Make a diabetes meal plan with help from your health care team. Choose foods that are lower in calories, saturated fat, trans fat, sugar, and salt. Eat foods with more fiber, such as whole grain cereals, breads, crackers, rice, or pasta. Choose foods such as fruits, vegetables, whole grains, bread and cereals, and low-fat or skim milk and cheese. Drink water instead of juice and regular soda. When eating a meal, fill half of your plate with fruits and vegetables, one quarter with a lean protein, such as beans, or chicken or turkey without the skin, and one quarter with a whole grain, such as brown rice or whole wheat pasta. For more about healthy eating and older adults see ""Eating Well as You Get Older."" Be Physically Active Get at least 30 minutes of exercise at least five days a week. Regular exercise reduces diabetes risk in several ways. It - helps you lose weight - controls your cholesterol and blood pressure - improves your body's use of insulin. helps you lose weight controls your cholesterol and blood pressure improves your body's use of insulin. Many people make walking part of their daily routine because its easy, fun and convenient. But you can choose any activity that gets you moving. Its fine to break up your 30 minutes of exercise into smaller increments, such as three 10-minute periods. Check with your doctor before beginning any exercise program. Many people make walking part of their daily routine because its easy, fun and convenient. But you can choose any activity that gets you moving. Its fine to break up your 30 minutes of exercise into smaller increments, such as three 10-minute periods. Check with your doctor before beginning any exercise program. For more information on exercise and older adults, see Exercises to Try or visit Go4Life, the exercise and physical activity campaign for older adults from the National Institute on Aging.",Diabetes
What are the symptoms of Diabetes ?,"Diabetes is often called a ""silent"" disease because it can cause serious complications even before you have symptoms. Symptoms can also be so mild that you dont notice them. An estimated 8 million people in the United States have type 2 diabetes and dont know it, according to 2012 estimates by the Centers for Disease Control and Prevention (CDC). Common Signs Some common symptoms of diabetes are: - being very thirsty - frequent urination - feeling very hungry or tired - losing weight without trying - having sores that heal slowly - having dry, itchy skin - loss of feeling or tingling in the feet - having blurry eyesight. being very thirsty frequent urination feeling very hungry or tired losing weight without trying having sores that heal slowly having dry, itchy skin loss of feeling or tingling in the feet having blurry eyesight. Signs of type 1 diabetes usually develop over a short period of time. The signs for type 2 diabetes develop more gradually. Tests for Diabetes The following tests are used to diagnose diabetes or prediabetes. - An A1C test measures your average blood glucose levels over the past 3 months. It can be used to diagnose type 2 diabetes and prediabetes. It does not require fasting and blood can be drawn for the test any time of the day. An A1C test measures your average blood glucose levels over the past 3 months. It can be used to diagnose type 2 diabetes and prediabetes. It does not require fasting and blood can be drawn for the test any time of the day. - A fasting plasma glucose, or FPG test, measures your blood glucose after you have gone at least 8 hours without eating. Doctors use this test to detect diabetes or prediabetes. A fasting plasma glucose, or FPG test, measures your blood glucose after you have gone at least 8 hours without eating. Doctors use this test to detect diabetes or prediabetes. - In a random plasma glucose test, your doctor checks your blood glucose without regard to when you ate your last meal. This test, along with an assessment of symptoms, is used to diagnose diabetes but not prediabetes. In a random plasma glucose test, your doctor checks your blood glucose without regard to when you ate your last meal. This test, along with an assessment of symptoms, is used to diagnose diabetes but not prediabetes. - An oral glucose tolerance test, or OGTT, measures your blood glucose after you have gone at least 8 hours without eating and 2 hours after you drink a sweet beverage. Doctors also use the oral glucose tolerance test to diagnose gestational diabetes in pregnant women. An oral glucose tolerance test, or OGTT, measures your blood glucose after you have gone at least 8 hours without eating and 2 hours after you drink a sweet beverage. Doctors also use the oral glucose tolerance test to diagnose gestational diabetes in pregnant women. If any of these tests show that you might have diabetes, your doctor will need to repeat the test with a second measurement unless there are clear symptoms of diabetes. Get more details about tests for diabetes. Who Should Get Tested? Because type 2 diabetes is more common in older people, anyone who is 45 or older should consider getting tested. If you are 45 or older and overweight, getting tested is strongly recommended. If you are younger than 45, overweight, and have one or more risk factors, you also should talk with your doctor about being tested. See risk factors for type 2 diabetes. Why Early Detection is Important Diabetes is a serious disease that can lead to a number of health problems such as heart disease, stroke, vision problems, kidney disease and even death. Sometimes people have symptoms but do not suspect diabetes. They delay scheduling a checkup because they do not feel sick. Many people do not find out they have the disease until they have diabetes complications, such as a heart attack or stroke. Finding out early if you have diabetes is important because treatment can prevent or delay the complications of the disease.",Diabetes
What are the treatments for Diabetes ?,"Diabetes cannot be cured, but it can be managed. Managing blood glucose (blood sugar) as well as blood pressure and cholesterol is the best defense against the serious complications of diabetes. Know What To Do Every Day To manage your diabetes, here are things to do every day. - Take your medicines. - Keep track of your blood glucose (blood sugar). - Check your blood pressure if your doctor advises. - Check your feet. - Brush your teeth and floss. - Stop smoking. - Eat well. - Be active. Take your medicines. Keep track of your blood glucose (blood sugar). Check your blood pressure if your doctor advises. Check your feet. Brush your teeth and floss. Stop smoking. Eat well. Be active. (Watch the video to learn more about what one woman does to manage her diabetes every day. To enlarge the video, click the brackets in the lower right-hand corner. To reduce the video, press the Escape (Esc) button on your keyboard.) Take Your Diabetes Medicines People with type 1 diabetes control their blood sugar with insulin -- delivered either by injection or with a pump. Many people with type 2 diabetes can control blood glucose levels with diet and exercise alone. Others require oral medications or insulin, and some may need both, as well as lifestyle modification. Ask your doctor if you need to take aspirin every day to prevent a heart attack or stroke. Keep Track of Your Blood Glucose One of the best ways to find out how well you are taking care of your diabetes is to check your blood to see how much glucose is in it. If your blood has too much or too little glucose, you may need a change in your meal plan, exercise plan, or medication. Ask your doctor how often you should check your blood glucose. Some people check their blood glucose once a day. Others do it three a day or even more. You may be told to check before eating, before bed, and sometimes in the middle of the night. Your doctor or diabetes educator will show you how to check your blood using a blood glucose meter. Your health insurance or Medicare may pay for some of the supplies and equipment you need to check your glucose levels. See what diabetes supplies and services Medicare covers. Check Your Blood Pressure Check your blood pressure if your doctor advises and keep a record of it. You can check your pressure at home with a home blood pressure measurement device or monitor. Blood pressure monitors can be bought at discount chain stores and drug stores. When you are taking your blood pressure at home, sit with your back supported and your feet flat on the floor. Rest your arm on a table at the level of your heart. Check with your health care provider to make sure you are using the monitor correctly. Check Your Feet Foot care is very important for people with diabetes. High blood glucose levels and a reduced blood supply to the limbs cause nerve damage that reduces feeling in the feet. Someone with nerve damage may not feel a pebble inside his or her sock that is causing a sore. Or a blister caused by poorly fitting shoes may go unnoticed. Foot injuries such as these can cause ulcers, which may, if not cared for, ultimately lead to the need for amputation. If you have diabetes, - check your feet every day and watch for any cuts, sores, red spots, swelling, and infected toenails. - report sores, blisters, breaks in the skin, infections, or buildup of calluses to a podiatrist or a family doctor. - never walk barefoot. - have your feet checked at every doctor visit. - take your shoes and socks off when you go into the examining room. This will remind the doctor to check your feet. check your feet every day and watch for any cuts, sores, red spots, swelling, and infected toenails. report sores, blisters, breaks in the skin, infections, or buildup of calluses to a podiatrist or a family doctor. never walk barefoot. have your feet checked at every doctor visit. take your shoes and socks off when you go into the examining room. This will remind the doctor to check your feet. Learn more about taking care of your feet. Brush Your Teeth and Floss People with diabetes can have tooth and gum problems more often if their blood glucose stays high. High blood glucose also can make tooth and gum problems worse. You can even lose your teeth. Here are ways to protect your teeth and gums. - Keep your blood glucose as close to normal as possible. - Use dental floss at least once a day. Flossing helps prevent the buildup of plaque on your teeth. Plaque can harden and grow under your gums and cause problems. Using a sawing motion, gently bring the floss between the teeth, scraping from bottom to top several times. - Brush your teeth after each meal and snack. Use a soft toothbrush. Turn the bristles against the gum line and brush gently. Use small, circular motions. Brush the front, back, and top of each tooth. - If you wear false teeth, keep them clean. - Call your dentist right away if you have problems with your teeth and gums. Keep your blood glucose as close to normal as possible. Use dental floss at least once a day. Flossing helps prevent the buildup of plaque on your teeth. Plaque can harden and grow under your gums and cause problems. Using a sawing motion, gently bring the floss between the teeth, scraping from bottom to top several times. Brush your teeth after each meal and snack. Use a soft toothbrush. Turn the bristles against the gum line and brush gently. Use small, circular motions. Brush the front, back, and top of each tooth. If you wear false teeth, keep them clean. Call your dentist right away if you have problems with your teeth and gums. Learn more about how diabetes can affect your mouth and teeth. Stop Smoking If you smoke, stop. Smoking raises your risk for many diabetes problems, including heart attack and stroke. Ask for help to quit. Call 1-800 QUITNOW (1-800-784-8669). For more information on smoking and older adults, see Quitting Smoking for Older Adults. Eat Well People with diabetes don't need to buy or prepare special foods. The foods that are best for someone with diabetes are excellent choices for everyone: foods that are low in fat, salt, and sugar, and high in fiber, such as beans, fruits, vegetables, and whole grains. These foods help you reach and stay at a weight that's good for your body, keep your blood pressure, glucose and cholesterol in a desirable range, and prevent or delay heart and blood vessel disease. For more on healthy eating, see Small Steps for Eating Healthy Foods. Be Active Try to exercise almost every day for a total of about 30 to 60 minutes. If you haven't exercised lately, begin slowly. Start with 5 to 10 minutes, and then add more time. Or exercise for 10 minutes, three times a day. (Tip: you dont need to get your exercise in all at one time.) For more information on exercise and older adults, see Exercise: How to Get Started or visit Go4Life, the exercise and physical activity campaign for older adults from the National Institute on Aging. Be sure to check with your doctor before starting an exercise program. Other Areas To Manage Here are other areas to manage if you have diabetes. - Take care of your eyes. - Protect your kidneys. - Protect your skin. - Learn how to cope with stress. Take care of your eyes. Protect your kidneys. Protect your skin. Learn how to cope with stress. Take Care of Your Eyes High blood glucose and high blood pressure from diabetes can hurt your eyes. It can even cause blindness, or other painful eye problems. Here are ways to prevent diabetes eye problems. - Keep your blood glucose and blood pressure as close to normal as you can. - Have an eye care professional examine your eyes once a year. Have this exam even if your vision is okay. Keep your blood glucose and blood pressure as close to normal as you can. Have an eye care professional examine your eyes once a year. Have this exam even if your vision is okay. Learn more about eye disease and diabetes. Protect Your Kidneys High blood glucose and high blood pressure may damage the kidneys. Damaged kidneys do not do a good job of filtering out wastes and extra fluid. Here are ways to prevent diabetes kidney problems. - Keep your blood glucose and blood pressure as close to your target goal as you can. - Get tested at least once a year for kidney disease. Ask your doctor if you should be tested. - Follow the healthy eating plan you work out with your doctor or dietitian. If you already have kidney problems, your dietitian may suggest you cut back on protein. Keep your blood glucose and blood pressure as close to your target goal as you can. Get tested at least once a year for kidney disease. Ask your doctor if you should be tested. Follow the healthy eating plan you work out with your doctor or dietitian. If you already have kidney problems, your dietitian may suggest you cut back on protein. Learn more about keeping your kidneys healthy. Protect Your Skin Skin care is very important, too. Because people with diabetes may have more injuries and infections, they should protect their skin by keeping it clean and taking care of minor cuts and bruises. Learn How To Cope With Stress Stress can raise your blood glucose (blood sugar). While it is hard to remove stress from your life, you can learn to handle it. Try deep breathing, gardening, taking a walk, meditating, working on your hobby, or listening to your favorite music.",Diabetes
What is (are) Diabetes ?,"Diabetes means your blood glucose (often called blood sugar) is too high. Your blood always has some glucose in it because your body needs glucose for energy to keep you going. But too much glucose in the blood isn't good for your health. Glucose comes from the food you eat and is also made in your liver and muscles. Your blood carries the glucose to all of the cells in your body. Insulin is a chemical (a hormone) made by the pancreas. The pancreas releases insulin into the blood. Insulin helps the glucose from food get into your cells. If your body does not make enough insulin or if the insulin doesn't work the way it should, glucose can't get into your cells. It stays in your blood instead. Your blood glucose level then gets too high, causing pre-diabetes or diabetes.",Diabetes
What is (are) Diabetes ?,"Type 1 diabetes, which used to be called called juvenile diabetes or insulin-dependent diabetes, develops most often in young people. However, type 1 diabetes can also develop in adults. With this form of diabetes, your body no longer makes insulin or doesnt make enough insulin because your immune system has attacked and destroyed the insulin-producing cells. About 5 to 10 percent of people with diabetes have type 1 diabetes. To survive, people with type 1 diabetes must have insulin delivered by injection or a pump. Learn more about type 1 diabetes here. Learn more about type 1 diabetes here. Type 2 diabetes, which used to be called adult-onset diabetes or non insulin-dependent diabetes, is the most common form of diabetes. Although people can develop type 2 diabetes at any age -- even during childhood -- type 2 diabetes develops most often in middle-aged and older people. Type 2 diabetes usually begins with insulin resistancea condition that occurs when fat, muscle, and liver cells do not use insulin to carry glucose into the bodys cells to use for energy. As a result, the body needs more insulin to help glucose enter cells. At first, the pancreas keeps up with the added demand by making more insulin. Over time, the pancreas doesnt make enough insulin when blood sugar levels increase, such as after meals. If your pancreas can no longer make enough insulin, you will need to treat your type 2 diabetes. Learn more about type 2 diabetes here.",Diabetes
What is (are) Diabetes ?,"Prediabetes means your blood glucose levels are higher than normal but not high enough for a diagnosis of diabetes. In 2012, about 86 million people in the U.S. had prediabetes, and 51% of those 65 or older had prediabetes. People with prediabetes are at an increased risk for developing type 2 diabetes and for heart disease and stroke. The good news is that if you have prediabetes, you can reduce your risk of getting type 2 diabetes. With modest weight loss and moderate physical activity, you can delay or prevent type 2 diabetes. Learn more about prediabetes here.",Diabetes
What is (are) Diabetes ?,"Studies have shown that most people with prediabetes develop type 2 diabetes within a few years, unless they change their lifestyle. Most people with prediabetes dont have any symptoms. Your doctor can test your blood to find out if your blood glucose levels are higher than normal. Losing weightat least 5 to 10 percent of your starting weightcan prevent or delay diabetes or even reverse prediabetes. Thats 10 to 20 pounds for someone who weighs 200 pounds. You can lose weight by cutting the amount of calories and fat you consume and by being physically active at least 30 to 60 minutes every day. Physical activity also helps your body use the hormone insulin properly. Your body needs insulin to use glucose for energy. Medicine can help control the amount of glucose in your blood. Ask your doctor if medicine to control glucose is right for you. Learn more about prediabetes here.",Diabetes
What are the symptoms of Diabetes ?,"Many people with diabetes experience one or more symptoms, including extreme thirst or hunger, a frequent need to urinate and/or fatigue. Some lose weight without trying. Additional signs include sores that heal slowly, dry, itchy skin, loss of feeling or tingling in the feet and blurry eyesight. Some people with diabetes, however, have no symptoms at all.",Diabetes
What causes Diabetes ?,"Type 1 diabetes is an autoimmune disease. In an autoimmune reaction, antibodies, or immune cells, attach to the body's own healthy tissues by mistake, signaling the body to attack them. At present, scientists do not know exactly what causes the body's immune system to attack the insulin-producing cells in the pancreas in people with type 1 diabetes. However, many believe that both genetic factors and environmental factors are involved. Studies now are underway to identify these factors and prevent type 1 diabetes in people at risk. Type 2 diabetesthe most common form of diabetesis caused by a combination of factors, including insulin resistance, a condition in which the bodys muscle, fat, and liver cells do not use insulin effectively. Type 2 diabetes develops when the body can no longer produce enough insulin to compensate for the impaired ability to use insulin. Get more details about who should be tested for diabetes.",Diabetes
What are the treatments for Diabetes ?,"Diabetes is a very serious disease. Over time, diabetes that is not well managed causes serious damage to the eyes, kidneys, nerves, and heart, gums and teeth. If you have diabetes, you are more likely than someone who does not have diabetes to have heart disease or a stroke. People with diabetes also tend to develop heart disease or stroke at an earlier age than others. The best way to protect yourself from the serious complications of diabetes is to manage your blood glucose, blood pressure, and cholesterol and avoid smoking. It is not always easy, but people who make an ongoing effort to manage their diabetes can greatly improve their overall health.",Diabetes
Who is at risk for Diabetes? ?,"Here are the risk factors for type 2 diabetes. - being over 45 years of age - being overweight or obese - having a first-degree relative -- a parent, brother, or sister -- with diabetes - being African American, American Indian or Alaska Native, Asian American or Pacific Islander, or Hispanic American/Latino. (Watch the video to learn more about native Americans and diabetes risk. To enlarge the video, click the brackets in the lower right-hand corner. To reduce the video, press the Escape (Esc) button on your keyboard.) - having gestational diabetes, or giving birth to at least one baby weighing more than 9 pounds - having blood pressure of 140/90 or higher, or having been told that you have high blood pressure. - having abnormal cholesterol levels -- an HDL cholesterol level of 35 or lower, or a triglyceride level of 250 or higher - being inactive or exercising fewer than three times a week. - having polycystic ovary syndrome, also called PCOS (women only) - on previous testing, having prediabetes (an A1C level of 5.7 to 6.4 percent), impaired glucose tolerance (IGT) or impaired fasting glucose (IFG) - history of cardiovascular disease (disease affecting the heart and blood vessels). being over 45 years of age being overweight or obese having a first-degree relative -- a parent, brother, or sister -- with diabetes being African American, American Indian or Alaska Native, Asian American or Pacific Islander, or Hispanic American/Latino. (Watch the video to learn more about native Americans and diabetes risk. To enlarge the video, click the brackets in the lower right-hand corner. To reduce the video, press the Escape (Esc) button on your keyboard.) having gestational diabetes, or giving birth to at least one baby weighing more than 9 pounds having blood pressure of 140/90 or higher, or having been told that you have high blood pressure. having abnormal cholesterol levels -- an HDL cholesterol level of 35 or lower, or a triglyceride level of 250 or higher being inactive or exercising fewer than three times a week. having polycystic ovary syndrome, also called PCOS (women only) on previous testing, having prediabetes (an A1C level of 5.7 to 6.4 percent), impaired glucose tolerance (IGT) or impaired fasting glucose (IFG) history of cardiovascular disease (disease affecting the heart and blood vessels).",Diabetes
How to prevent Diabetes ?,"The two most common forms of diabetes are type 1 and type 2. Currently, there is no way to delay or prevent type 1 diabetes. However, research has shown that making modest lifestyle changes can prevent or delay type 2 diabetes in people at risk for the disease. In the Diabetes Prevention Program (DPP), a landmark study by the National Institute of Diabetes and Digestive and Kidney Diseases, researchers found that adults at high risk for type 2 diabetes were able to cut their risk in half by losing a modest amount of weight and being active almost every day. This means losing 5 to 7 percent of body weight (that's 10 pounds if you weigh 200 pounds) and getting 150 minutes of physical activity a week. The DPP study also showed that modest weight loss (achieved by following a low calorie, low-fat diet) and moderate physical activity were especially effective in preventing or delaying the development of diabetes in older people. In fact, people over the age of 60 were able to reduce their risk for developing type 2 diabetes by 71 percent. (Watch the video to learn more about preventing type 2 diabetes. To enlarge the video, click the brackets in the lower right-hand corner. To reduce the video, press the Escape (Esc) button on your keyboard.)",Diabetes
What are the treatments for Diabetes ?,"People with type 1 diabetes control their blood sugar with insulin -- either with shots or an insulin pen. Many people with type 2 diabetes can control blood glucose levels with diet and exercise alone. Others require oral medications or insulin, and some people may need to take both, along with lifestyle modification. (Watch the video to learn how one woman manages her type 2 diabetes. To enlarge the video, click the brackets in the lower right-hand corner. To reduce the video, press the Escape (Esc) button on your keyboard.) To manage your diabetes, here are things to do every day. - Take your medicines for diabetes and for any other health problems, even when you feel good. Take your medicines for diabetes and for any other health problems, even when you feel good. - Keep track of your blood glucose (blood sugar). You may want to check it one or more times a day. Be sure to talk about it with your health care team. Keep track of your blood glucose (blood sugar). You may want to check it one or more times a day. Be sure to talk about it with your health care team. - Check your blood pressure if your doctor advises and keep a record of it. Check your blood pressure if your doctor advises and keep a record of it. - Check your feet every day for cuts, blisters, red spots and swelling. Call your health care team right away about any sores that do not go away. Check your feet every day for cuts, blisters, red spots and swelling. Call your health care team right away about any sores that do not go away. - Brush your teeth and floss every day to keep your mouth, teeth and gums healthy. Brush your teeth and floss every day to keep your mouth, teeth and gums healthy. - Stop smoking. Ask for help to quit. Call 1-800 QUIT NOW ( 1-800-784-8669) Stop smoking. Ask for help to quit. Call 1-800 QUIT NOW ( 1-800-784-8669) - Eat well. Ask your doctor to give you the name of someone trained to help you create a healthy eating plan, such as a dietitian. See small steps for eating healthy foods. Eat well. Ask your doctor to give you the name of someone trained to help you create a healthy eating plan, such as a dietitian. See small steps for eating healthy foods. - Be active. Try to exercise almost every day for a total of about 30 minutes. If you haven't exercised lately, begin slowly. To learn more, see Exercise: How To Get Started, or visit Go4Life, the exercise and physical activity campaign for older adults from the National Institute on Aging. Be active. Try to exercise almost every day for a total of about 30 minutes. If you haven't exercised lately, begin slowly. To learn more, see Exercise: How To Get Started, or visit Go4Life, the exercise and physical activity campaign for older adults from the National Institute on Aging.",Diabetes
What is (are) Diabetes ?,"Heart disease and stroke are the leading causes of death for people with diabetes. Controlling the ABCs of diabetes -- your blood glucose, your blood pressure, and your cholesterol, as well as stopping smoking -- can help prevent these and other complications from diabetes. - A is for the A1C test - B is for Blood pressure - C is for Cholesterol. A is for the A1C test B is for Blood pressure C is for Cholesterol. - The A1C test (A-one-C) shows you what your blood glucose has been over the last three months. Your health care provider does this test to see what your blood glucose level is most of the time. This test should be done at least twice a year for all people with diabetes and for some people more often as needed. For many people with diabetes, an A1C test result of under 7 percent usually means that their diabetes treatment is working well and their blood glucose is under control. The A1C test (A-one-C) shows you what your blood glucose has been over the last three months. Your health care provider does this test to see what your blood glucose level is most of the time. This test should be done at least twice a year for all people with diabetes and for some people more often as needed. For many people with diabetes, an A1C test result of under 7 percent usually means that their diabetes treatment is working well and their blood glucose is under control. - B is for Blood pressure. The goal for most people is 140/90 but may be different for you. High blood pressure makes your heart work too hard. It can cause heart attack, stroke, and kidney disease. Your blood pressure should be checked at every doctor visit. Talk with your health care provider about your blood pressure goal. B is for Blood pressure. The goal for most people is 140/90 but may be different for you. High blood pressure makes your heart work too hard. It can cause heart attack, stroke, and kidney disease. Your blood pressure should be checked at every doctor visit. Talk with your health care provider about your blood pressure goal. - C is for Cholesterol (ko-LES-ter-ol). The LDL goal for most people is less than 100. Low density lipoprotein, or LDL-cholesterol, is the bad cholesterol that builds up in your blood vessels. It causes the vessels to narrow and harden, which can lead to a heart attack. Your doctor should check your LDL at least once a year. Talk with your health care provider about your cholesterol goal. C is for Cholesterol (ko-LES-ter-ol). The LDL goal for most people is less than 100. Low density lipoprotein, or LDL-cholesterol, is the bad cholesterol that builds up in your blood vessels. It causes the vessels to narrow and harden, which can lead to a heart attack. Your doctor should check your LDL at least once a year. Talk with your health care provider about your cholesterol goal. Ask your health care team - what your A1C, blood pressure, and cholesterol numbers are. - what your ABCs should be. - what you can do to reach your target. what your A1C, blood pressure, and cholesterol numbers are. what your ABCs should be. what you can do to reach your target.",Diabetes
What are the treatments for Diabetes ?,"See your health care team at least twice a year to find and treat any problems early. Ask what steps you can take to reach your goals. If you have diabetes, take these steps. At each visit, be sure you have a - blood pressure check - foot check - weight check - review of your self-care plan. blood pressure check foot check weight check review of your self-care plan. Two times each year, get - an A1C test. It may be checked more often if it is over 7. an A1C test. It may be checked more often if it is over 7. Once each year, be sure you have a - cholesterol test - triglyceride (try-GLISS-er-ide) test - a type of blood fat - complete foot exam - dental exam to check teeth and gums. Tell your dentist you have diabetes. - dilated eye exam to check for eye problems - flu shot - urine and a blood test to check for kidney problems. cholesterol test triglyceride (try-GLISS-er-ide) test - a type of blood fat complete foot exam dental exam to check teeth and gums. Tell your dentist you have diabetes. dilated eye exam to check for eye problems flu shot urine and a blood test to check for kidney problems. At least once, get a - pneumonia (nu-MOH-nya) shot. pneumonia (nu-MOH-nya) shot. If you have Medicare, ask your health care team if Medicare will cover some of the costs for - learning about healthy eating and diabetes self-care - special shoes, if you need them - medical supplies - diabetes medicines. learning about healthy eating and diabetes self-care special shoes, if you need them medical supplies diabetes medicines. (Watch the video for important things to remember when visiting your health care team. To enlarge the video, click the brackets in the lower right-hand corner. To reduce the video, press the Escape (Esc) button on your keyboard.)",Diabetes
What is (are) Diabetes ?,"People with diabetes should - do aerobic activities, such as brisk walking, which use the bodys large muscles to make the heart beat faster. The large muscles are those of the upper and lower arms and legs and those that control head, shoulder, and hip movements. - do activities to strengthen muscles and bone, such as sit-ups or lifting weights. Aim for two times a week. - stretch to increase flexibility, lower stress, and help prevent muscle soreness after physical activity. do aerobic activities, such as brisk walking, which use the bodys large muscles to make the heart beat faster. The large muscles are those of the upper and lower arms and legs and those that control head, shoulder, and hip movements. do activities to strengthen muscles and bone, such as sit-ups or lifting weights. Aim for two times a week. stretch to increase flexibility, lower stress, and help prevent muscle soreness after physical activity. Try to exercise almost every day for a total of about 30 minutes. If you haven't exercised lately, begin slowly. Start with 5 to 10 minutes, and then add more time. Or exercise for 10 minutes, three times a day. (Tip: you dont need to get your exercise in all at one time.) For more information on exercise and older adults, see Exercises To Try or visit Go4Life, the exercise and physical activity campaign from the National Institute on Aging. Always talk with a doctor before starting a new physical activity program.",Diabetes
How to prevent Diabetes ?,"Your weight affects your health in many ways. Being overweight can keep your body from making and using insulin properly. It can also cause high blood pressure. If you are overweight or obese, choose sensible ways to reach and maintain a reasonable body weight. - Make healthy food choices. What you eat has a big impact on your weight and overall health. By developing healthy eating habits you can help control your body weight, blood pressure, and cholesterol. Reducing portion size, increasing the amount of fiber you consume (by eating more fruits and vegetables) and limiting fatty and salty foods are key to a healthy diet. Make healthy food choices. What you eat has a big impact on your weight and overall health. By developing healthy eating habits you can help control your body weight, blood pressure, and cholesterol. Reducing portion size, increasing the amount of fiber you consume (by eating more fruits and vegetables) and limiting fatty and salty foods are key to a healthy diet. - Get at least 30 minutes of exercise at least five days a week. Regular exercise reduces diabetes risk in several ways: it helps you lose weight, controls your cholesterol and blood pressure, and improves your body's use of insulin. Many people make walking part of their daily routine because it's easy, fun and convenient. But you can choose any activity that gets you moving. It's fine to break up your 30 minutes of exercise into smaller increments, such as three 10-minute periods. Check with your doctor before beginning any exercise program. Get at least 30 minutes of exercise at least five days a week. Regular exercise reduces diabetes risk in several ways: it helps you lose weight, controls your cholesterol and blood pressure, and improves your body's use of insulin. Many people make walking part of their daily routine because it's easy, fun and convenient. But you can choose any activity that gets you moving. It's fine to break up your 30 minutes of exercise into smaller increments, such as three 10-minute periods. Check with your doctor before beginning any exercise program.",Diabetes
What is (are) Diabetic Retinopathy ?,"Can Cause Vision Loss, Blindness Diabetic retinopathy is a complication of diabetes and a leading cause of blindness. It occurs when diabetes damages the tiny blood vessels inside the retina in the back of the eye. A healthy retina is necessary for good vision. If you have diabetic retinopathy, at first you may notice no changes to your vision. But over time, diabetic retinopathy can get worse and cause vision loss. Diabetic retinopathy usually affects both eyes. Four Stages The four stages of diabetic retinopathy are - mild nonproliferative retinopathy - moderate nonproliferative retinopathy - severe nonproliferative retinopathy - proliferative retinopathy. mild nonproliferative retinopathy moderate nonproliferative retinopathy severe nonproliferative retinopathy proliferative retinopathy. The first stage is mild nonproliferative retinopathy. At this earliest stage, there are small areas of balloon-like swelling in the retina's tiny blood vessels. The second stage is moderate nonproliferative retinopathy. As the disease progresses, some blood vessels that nourish the retina are blocked. The third stage is severe nonproliferative retinopathy. Many more blood vessels are blocked, depriving several areas of the retina of their blood supply. These areas send signals to the body to grow new blood vessels for nourishment. The fourth stage is proliferative retinopathy. At this advanced stage, the signals sent by the retina for nourishment cause the growth of new blood vessels. These new blood vessels are abnormal and fragile. The new blood vessels grow along the retina and along the surface of the clear, vitreous gel that fills the inside of the eye. By themselves, these blood vessels do not cause symptoms or vision loss. However, they have thin, fragile walls. If they leak blood, severe vision loss and even blindness can result. Other Diabetic Eye Diseases In addition to diabetic retinopathy, other diabetic eye diseases that people with diabetes may face are cataract and glaucoma. See this graphic for a quick overview of diabetic eye disease, including how many people it affects, whos at risk, what to do if you have it, and how to learn more.",Diabetic Retinopathy
What causes Diabetic Retinopathy ?,"Who Is at Risk? All people with diabetes -- both type 1 and type 2 -- are at risk for diabetic retinopathy. People with diabetes are also at increased risk for cataract and glaucoma. That's why everyone with diabetes should get a comprehensive dilated eye exam at least once a year. Between 40 to 45 percent of Americans diagnosed with diabetes have some stage of diabetic retinopathy. If you have diabetic retinopathy, your doctor can recommend treatment to help prevent its progression. How Vision Loss Occurs Blood vessels damaged from diabetic retinopathy can cause vision loss in two ways. Fragile, abnormal blood vessels can develop and leak blood into the center of the eye, blurring vision. This is proliferative retinopathy and is the fourth and most advanced stage of the disease. Fluid can leak into the center of the macula, the part of the eye where sharp, straight-ahead vision occurs. The fluid makes the macula swell, blurring vision. This condition is called macular edema. Macular edema can occur at any stage of diabetic retinopathy, although it is more likely to occur as the disease progresses. About half of the people with proliferative retinopathy also have macular edema. Macular edema can occur at any stage of diabetic retinopathy, although it is more likely to occur as the disease progresses. About half of the people with proliferative retinopathy also have macular edema. Have Dilated Eye Exams The National Eye Institute (NEI) urges everyone with diabetes to have a comprehensive dilated eye exam at least once a year. If you have diabetic retinopathy, you may need an eye exam more often. People with proliferative retinopathy can reduce their risk of blindness by 95 percent with timely treatment and appropriate follow-up care. Watch an animation to see what a comprehensive dilated eye exam includes.",Diabetic Retinopathy
What are the symptoms of Diabetic Retinopathy ?,"Diabetic retinopathy often has no early warning signs. Don't wait for symptoms. Be sure to have a comprehensive dilated eye exam at least once a year to detect the disease before it causes damage to your vision. Vision Changes May Indicate Bleeding In the early stages of diabetic retinopathy, you may not notice any changes in your vision. But if diabetic retinopathy reaches its final stage, proliferative retinopathy, bleeding can occur. If this happens, at first, you will see a few specks of blood, or spots, floating in your vision. If spots occur, see your eye care professional as soon as possible. Early Treatment is Important You may need treatment before more serious bleeding or hemorrhages occur causing vision loss or possibly blindness. Hemorrhages tend to happen more than once, often during sleep. See how to find an eye care professional. Here is a list of questions to ask your eye care professional. Sometimes the spots clear without treatment, and you will see better. However, bleeding can reoccur and cause severely blurred vision. You need to be examined by your eye care professional at the first sign of blurred vision, before more bleeding occurs. If left untreated, proliferative retinopathy can cause severe vision loss and even blindness. Also, the earlier you receive treatment, the more likely treatment will be successful. Detection Diabetic retinopathy and macular edema are detected during a comprehensive eye exam that includes a visual acuity test, dilated eye exam, and tonometry. A visual acuity test is an eye chart test that measures how well you see at various distances. During the dilated eye exam, your eye care professional checks your retina for early signs of the disease, including - leaking blood vessels - retinal swelling such as macular edema - pale, fatty deposits on the retina -- signs of leaking blood vessels - damaged nerve tissue leaking blood vessels retinal swelling such as macular edema pale, fatty deposits on the retina -- signs of leaking blood vessels damaged nerve tissue Watch an animation showing what a comprehensive dilated eye exam involves. With tonometry, an instrument measures the pressure inside the eye. Numbing drops may be applied to your eye for this test. If your eye care professional believes you need treatment for macular edema, he or she may suggest a fluorescein angiogram. In this test, a special dye is injected into your arm. Pictures are taken as the dye passes through the blood vessels in your retina. The test allows your eye care professional to identify any leaking blood vessels and recommend treatment.",Diabetic Retinopathy
What are the treatments for Diabetic Retinopathy ?,"Preventing Disease Progression During the first three stages of diabetic retinopathy, no treatment is needed, unless you have macular edema. To prevent progression of diabetic retinopathy, people with diabetes should control their levels of blood sugar, blood pressure, and blood cholesterol. Treatment for Macular Edema Research found that that prompt treatment of macular edema with anti-VEGF drugs, with or without laser treatment, resulted in better vision than laser treatment alone or steroid injections. When injected into the eye, these drugs reduce fluid leakage and interfere with the growth of new blood vessels in the retina. In some cases, focal laser treatment is used along with the eye injections. Your doctor places up to several hundred small laser burns in the areas of the retina around the macula that are leaking. These burns slow the leakage of fluid and reduce the amount of fluid in the retina. The surgery is usually completed in one session. Further treatment may be needed. Treatment for Diabetic Retinopathy Proliferative retinopathy is treated with laser surgery. This procedure is called scatter laser treatment. Scatter laser treatment helps to shrink the abnormal blood vessels. Your doctor places 1,000 to 2,000 laser burns in the areas of the retina away from the macula, causing the abnormal blood vessels to shrink. Because a high number of laser burns are necessary, two or more sessions usually are required to complete treatment. Although you may notice some loss of your side vision, scatter laser treatment can save the rest of your sight. Scatter laser treatment may slightly reduce your color vision and night vision. Scatter laser treatment works better before the fragile, new blood vessels have started to bleed. That is why it is important to have regular, comprehensive dilated eye exams. Even if bleeding has started, scatter laser treatment may still be possible, depending on the amount of bleeding. Learn more about laser treatment. Vitrectomy If the bleeding is severe, you may need a surgical procedure called a vitrectomy. During a vitrectomy, blood is removed from the center of your eye. Scatter laser treatment and vitrectomy are effective in treating proliferative retinopathy and in reducing vision loss. Once you have proliferative retinopathy, you always will be at risk for new bleeding. You may need treatment more than once to protect your sight. Learn more about a vitrectomy. Have Dilated Eye Exams The National Eye Institute (NEI) urges everyone with diabetes to have a comprehensive dilated eye exam at least once a year. If you have diabetic retinopathy, you may need an exam more often. People with proliferative retinopathy can reduce their risk of blindness by 95 percent with timely treatment and appropriate follow-up care. Watch an animation to see what a comprehensive dilated eye exam includes. Research The National Eye Institute, or NEI, is conducting and supporting research that seeks better ways to detect, treat, and prevent vision loss in people with diabetes. This research is conducted through studies in the laboratory and with patients. For example, researchers are studying drugs for the treatment of proliferative retinopathy that may reduce the need for laser surgery. A major study has shown that better control of blood sugar levels slows the onset and progression of retinopathy. The people with diabetes who kept their blood sugar levels as close to normal as possible also had much less kidney and nerve disease. Better control also reduces the need for sight-saving laser surgery.",Diabetic Retinopathy
What is (are) Diabetic Retinopathy ?,"Diabetic retinopathy is a complication of diabetes and a leading cause of blindness. It occurs when diabetes damages the tiny blood vessels inside the retina, the light-sensitive tissue at the back of the eye. A healthy retina is necessary for good vision. If you have diabetic retinopathy, at first you may notice no changes to your vision. But over time, diabetic retinopathy can get worse and cause vision loss. Diabetic retinopathy usually affects both eyes. See this graphic for a quick overview of diabetic eye disease, including how many people it affects, whos at risk, what to do if you have it, and how to learn more.",Diabetic Retinopathy
What is (are) Diabetic Retinopathy ?,"The four stages of diabetic retinopathy are - mild nonproliferative retinopathy - moderate nonproliferative retinopathy - severe nonproliferative retinopathy - proliferative retinopathy mild nonproliferative retinopathy moderate nonproliferative retinopathy severe nonproliferative retinopathy proliferative retinopathy Nonproliferative retinopathy. At this earliest stage, microaneurysms occur. They are small areas of balloon-like swelling in the retina's tiny blood vessels. Moderate nonproliferative retinopathy. As the disease progresses, some blood vessels that nourish the retina are blocked. Severe nonproliferative retinopathy. Many more blood vessels are blocked, depriving several areas of the retina of their blood supply. These areas of the retina send signals to the body to grow new blood vessels for nourishment. Proliferative retinopathy. At this advanced stage, the signals sent by the retina for nourishment trigger the growth of new blood vessels. These new blood vessels are abnormal and fragile. They grow along the retina and along the surface of the clear, vitreous gel that fills the inside of the eye.",Diabetic Retinopathy
Who is at risk for Diabetic Retinopathy? ?,"All people with diabetes -- both type 1 and type 2 -- are at risk for diabetic retinopathy. People with diabetes are also at increased risk for cataract and glaucoma. That's why everyone with diabetes should get a comprehensive dilated eye exam at least once a year. Between 40 to 45 percent of Americans diagnosed with diabetes have some stage of diabetic retinopathy. If you have diabetic retinopathy, your doctor can recommend treatment to help prevent its progression. See how to find an eye care professional.",Diabetic Retinopathy
What causes Diabetic Retinopathy ?,"Blood vessels damaged from diabetic retinopathy can cause vision loss in two ways. Fragile, abnormal blood vessels can develop and leak blood into the center of the eye, blurring vision. This is proliferative retinopathy and is the fourth and most advanced stage of the disease. Fluid can leak into the center of the macula, the part of the eye where sharp, straight-ahead vision occurs. The fluid makes the macula swell, blurring vision. This condition is called macular edema. It can occur at any stage of diabetic retinopathy, although it is more likely to occur as the disease progresses. About half of the people with proliferative retinopathy also have macular edema.",Diabetic Retinopathy
What are the symptoms of Diabetic Retinopathy ?,Diabetic retinopathy often has no early warning signs. Don't wait for symptoms. Be sure to have a comprehensive dilated eye exam at least once a year. Learn more about a comprehensive dilated eye exam.,Diabetic Retinopathy
What are the symptoms of Diabetic Retinopathy ?,"At first, you will see a few specks of blood, or spots, ""floating"" in your vision. If spots occur, see your eye care professional as soon as possible. You may need treatment before more serious bleeding or hemorrhaging occurs. Hemorrhages tend to happen more than once, often during sleep. Sometimes, the spots clear without treatment, and you will see better. However, bleeding can reoccur and cause severely blurred vision. You need to be examined by your eye care professional at the first sign of blurred vision, before more bleeding occurs. If left untreated, proliferative retinopathy can cause severe vision loss and even blindness. Also, the earlier you receive treatment, the more likely treatment will be effective.",Diabetic Retinopathy
What is (are) Diabetic Retinopathy ?,"In this test, a special dye is injected into your arm. Pictures are taken as the dye passes through the blood vessels in your retina. The test allows your eye care professional to identify any leaking blood vessels and recommend treatment.",Diabetic Retinopathy
What are the treatments for Diabetic Retinopathy ?,"Research found that that prompt treatment of macular edema with anti-VEGF drugs, with or without laser treatment, resulted in better vision than laser treatment alone or steroid injections. When injected into the eye, these drugs reduce fluid leakage and interfere with the growth of new blood vessels in the retina. In some cases, focal laser treatment is used along with the eye injections. Your doctor places up to several hundred small laser burns in the areas of the retina around the macula that are leaking. These burns slow the leakage of fluid and reduce the amount of fluid in the retina. The surgery is usually completed in one session. Further treatment may be needed.",Diabetic Retinopathy
What are the treatments for Diabetic Retinopathy ?,"During the first three stages of diabetic retinopathy, no treatment is needed, unless you have macular edema. To prevent progression of diabetic retinopathy, people with diabetes should control their levels of blood sugar, blood pressure, and blood cholesterol. Proliferative retinopathy is treated with laser surgery. This procedure is called scatter laser treatment. Scatter laser treatment helps to shrink the abnormal blood vessels. Your doctor places 1,000 to 2,000 laser burns in the areas of the retina away from the macula, causing the abnormal blood vessels to shrink. Because a high number of laser burns are necessary, two or more sessions usually are required to complete treatment. Although you may notice some loss of your side vision, scatter laser treatment can save the rest of your sight. Scatter laser treatment may slightly reduce your color vision and night vision. If the bleeding is severe, you may need a surgical procedure called a vitrectomy. During a vitrectomy, blood is removed from the center of your eye.",Diabetic Retinopathy
What are the treatments for Diabetic Retinopathy ?,"Both focal and scatter laser treatment are performed in your doctor's office or eye clinic. Before the surgery, your doctor will dilate your pupil and apply drops to numb the eye. The area behind your eye also may be numbed to prevent discomfort. The lights in the office will be dim. As you sit facing the laser machine, your doctor will hold a special lens to your eye. During the procedure, you may see flashes of light. These flashes eventually may create a stinging sensation that can be uncomfortable. You will need someone to drive you home after surgery. Because your pupil will remain dilated for a few hours, you should bring a pair of sunglasses. For the rest of the day, your vision will probably be a little blurry. If your eye hurts, your doctor can suggest treatment.",Diabetic Retinopathy
What is (are) Diabetic Retinopathy ?,"If you have a lot of blood in the center of the eye, or vitreous gel, you may need a vitrectomy to restore your sight. If you need vitrectomies in both eyes, they are usually done several weeks apart. A vitrectomy is performed under either local or general anesthesia. Your doctor makes a tiny incision in your eye. Next, a small instrument is used to remove the vitreous gel that is clouded with blood. The vitreous gel is replaced with a salt solution. Because the vitreous gel is mostly water, you will notice no change between the salt solution and the original vitreous gel.",Diabetic Retinopathy
What are the treatments for Diabetic Retinopathy ?,"Yes. Both treatments are very effective in reducing vision loss. People with proliferative retinopathy can reduce their risk of blindness by 95 percent with timely treatment and appropriate follow-up care. Although both treatments have high success rates, they do not cure diabetic retinopathy. Once you have proliferative retinopathy, you always will be at risk for new bleeding. You may need treatment more than once to protect your sight.",Diabetic Retinopathy
what research (or clinical trials) is being done for Diabetic Retinopathy ?,"The National Eye Institute, or NEI, is conducting and supporting research that seeks better ways to detect, treat, and prevent vision loss in people with diabetes. This research is conducted through studies in the laboratory and with patients. For example, researchers are studying drugs for the treatment of proliferative retinopathy that may reduce the need for laser surgery.",Diabetic Retinopathy
What to do for Diabetic Retinopathy ?,"If you have diabetes, get a comprehensive dilated eye exam at least once a year. Proliferative retinopathy can develop without symptoms. If it gets to this advanced stage, you are at high risk for vision loss or even blindness. Macular edema can develop without symptoms at any of the four stages of diabetic retinopathy. You can develop both proliferative retinopathy and macular edema and still see fine. However, you are at high risk for vision loss. Your eye care professional can tell if you have macular edema or any stage of diabetic retinopathy. Whether or not you have symptoms, early detection and timely treatment can prevent vision loss. See this glossary for basic terms about diabetic retinopathy.",Diabetic Retinopathy
What is (are) Diabetic Retinopathy ?,"National Eye Institute National Institutes of Health 2020 Vision Place Bethesda, MD 20892-3655 301-496-5248 E-mail: 2020@nei.nih.gov www.nei.nih.gov Find eye health organizations that address diabetic eye disease.",Diabetic Retinopathy
What is (are) Heart Attack ?,"Blood Flow to the Heart Is Blocked The heart works 24 hours a day, pumping oxygen and nutrient-rich blood to the body. Blood is supplied to the heart through its coronary arteries. If a blood clot suddenly blocks a coronary artery, it cuts off most or all blood supply to the heart, and a heart attack results. If blood flow isn't restored quickly, the section of heart muscle begins to die. The more time that passes without treatment to restore blood flow, the greater the damage to the heart. Affects Both Men and Women Heart attacks are a leading killer of both men and women in the United States. Each year, more than one million people in the U.S. have a heart attack and about half of them die. Half of those who die do so within one hour of the start of symptoms and before reaching the hospital. The good news is that excellent treatments are available for heart attacks. These treatments can save lives and prevent disabilities. Prompt Treatment Is Important Heart attack treatment works best when it's given right after symptoms occur. Prompt treatment of a heart attack can help prevent or limit damage to the heart and prevent sudden death. Call 9-1-1 Right Away A heart attack is an emergency. Call 9-1-1 for an ambulance right away -- within 5 minutes -- if you think you or someone else may be having a heart attack. You also should call for help if your chest pain doesn't go away as it usually does when you take medicine prescribed for angina (chest pain). Do not drive to the hospital or let someone else drive you. Emergency personnel in the ambulance can begin life-saving treatment on the way to the emergency room. They carry drugs and equipment that can help your medical condition, including - oxygen - aspirin to prevent further blood clotting - heart medications, such as nitroglycerin - pain relief treatments - defibrillators that can restart the heart if it stops beating. oxygen aspirin to prevent further blood clotting heart medications, such as nitroglycerin pain relief treatments defibrillators that can restart the heart if it stops beating. If blood flow in the blocked artery can be restored quickly, permanent heart damage may be prevented. Yet, many people do not seek medical care for 2 hours or more after symptoms start.",Heart Attack
What are the symptoms of Heart Attack ?,"Symptoms Can Vary Not all heart attacks begin with the sudden, crushing chest pain that often is shown on TV or in the movies. The warning signs and symptoms of a heart attack aren't the same for everyone. Many heart attacks start slowly as mild pain or discomfort. Some people don't have symptoms at all. Heart attacks that occur without any symptoms or very mild symptoms are called silent heart attacks. However, some people may have a pattern of symptoms that recur. The more signs and symptoms you have, the more likely it is that you're having a heart attack If you have a second heart attack, your symptoms may not be the same as the first heart attack. Here are common signs and symptoms of a heart attack. Chest Pain or Discomfort The most common symptom of heart attack is chest pain or discomfort. Chest pain or discomfort that doesn't go away or changes from its usual pattern (for example, occurs more often or while you're resting) can be a sign of a heart attack. Most heart attacks involve discomfort in the center of the chest that lasts for more than a few minutes or goes away and comes back. The discomfort can feel like uncomfortable pressure, squeezing, fullness, or pain. It can be mild or severe. Heart attack pain can sometimes feel like indigestion or heartburn. All chest pain should be checked by a doctor. Other Upper Body Discomfort Discomfort can also occur in other areas of the upper body, including pain or numbness in one or both arms, the back, neck, jaw or stomach. Shortness of Breath Shortness of breath often happens along with, or before chest discomfort. Other Symptoms Other symptoms may include - breaking out in a cold sweat - having nausea and vomiting - feeling light-headed or dizzy - fainting - sleep problems - fatigue - lack of energy. breaking out in a cold sweat having nausea and vomiting feeling light-headed or dizzy fainting sleep problems fatigue lack of energy. Angina or a Heart Attack? Angina is chest pain or discomfort that occurs if an area of your heart muscle doesn't get enough oxygen-rich blood. Angina occurs in people who have coronary heart disease, usually when they're active. Angina symptoms can be very similar to heart attack symptoms. Angina pain usually lasts for only a few minutes and goes away with rest. If you think you may be having a heart attack, or if your angina pain does not go away as usual when you take your angina medication as directed, call 9-1-1 for help. You can begin to receive life saving treatment in the ambulance on the way to the emergency room.",Heart Attack
What causes Heart Attack ?,"Most heart attacks are caused by a blood clot that blocks one of the coronary arteries, the blood vessels that bring blood and oxygen to the heart muscle. When blood cannot reach part of your heart, that area starves for oxygen. If the blockage continues long enough, cells in the affected area die. The Most Common Cause Coronary heart disease (CHD)is the most common underlying cause of a heart attack. CHD, also called coronary artery disease, is the hardening and narrowing of the coronary arteries caused by the buildup of plaque inside the walls of the arteries. When plaque builds up in the arteries, the condition is called atherosclerosis (ath-er-o-skler-O-sis). The buildup of plaque occurs over many years. Over time, an area of plaque can rupture (break open) inside of an artery. This causes a blood clot to form on the plaque's surface. If the clot becomes large enough, it can mostly or completely block blood flow through a coronary artery. If the blockage isn't treated quickly, the portion of heart muscle fed by the artery begins to die. Healthy heart tissue is replaced with scar tissue. This heart damage may not be obvious, or it may cause severe or long-lasting problems. Other Causes Heart attack also can occur due to problems with the very small, microscopic blood vessels of the heart. This condition is called microvascular disease. It's believed to be more common in women than in men. A less common cause of heart attacks is a severe spasm or tightening of the coronary artery that cuts off blood flow to the heart. These spasms can occur in persons with or without coronary artery disease. What causes a coronary artery to spasm isn't always clear. A spasm may be related to emotional stress or pain, exposure to extreme cold, cigarette smoking, or by taking certain drugs like cocaine. Risk Factors You Cannot Change Certain factors make it more likely that you will develop coronary artery disease and have a heart attack. These risk factors include some things you cannot change. If you are a man over age 45 or a woman over age 55, you are at greater risk. Having a family history of early heart disease, diagnosed in a father or brother before age 55 or in a mother or sister before age 65, is another risk factor. You are also at risk if you have a personal history of angina or previous heart attack, or if you have had a heart procedure such as percutaneous coronary intervention (PCI) or coronary artery bypass surgery (CABG). Risk Factors You Can Change Importantly, there are many risk factors that you can change. These include - smoking - being overweight or obese - physical inactivity - high blood pressure - high blood cholesterol - high blood sugar due to insulin resistance or diabetes - an unhealthy diet (for example, a diet high in saturated fat, trans fat, cholesterol, and sodium). smoking being overweight or obese physical inactivity high blood pressure high blood cholesterol high blood sugar due to insulin resistance or diabetes an unhealthy diet (for example, a diet high in saturated fat, trans fat, cholesterol, and sodium). Metabolic Syndrome Some of these risk factorssuch as obesity, high blood pressure, and high blood sugartend to occur together. When they do, it's called metabolic syndrome. In general, a person with metabolic syndrome is twice as likely to develop heart disease and five times as likely to develop diabetes as someone without metabolic syndrome.",Heart Attack
Who is at risk for Heart Attack? ?,"Lowering your risk factors for coronary heart disease (CHD) can help you prevent a heart attack. Even if you already have CHD or have already had a heart attack, you can still take steps to lower your risk. These steps involve following a heart healthy lifestyle and getting ongoing care for conditions that raise your risk. Heart Healthy Lifestyle Changes You can make these lifestyle changes to lower your risk of having a heart attack. - If you smoke, quit. - Maintain a healthy weight. - Be as physically active as you can. - Follow a heart healthy diet. If you smoke, quit. Maintain a healthy weight. Be as physically active as you can. Follow a heart healthy diet. If you smoke, quit. Smoking can raise your risk of CHD and heart attack. Talk with your doctor about programs and products that can help you quit. Also, try to avoid secondhand smoke. Maintain a healthy weight. If you're overweight or obese, work with your doctor to create a reasonable weight-loss plan that involves diet and physical activity. Controlling your weight helps you control risk factors for coronary heart disease (CHD) and heart attack. Be as physically active as you can. Physical activity can improve your fitness level and your health. Talk with your doctor about what types of activity are safe for you. Follow a heart healthy diet. Following a healthy diet is an important part of a heart healthy lifestyle. Eat a healthy diet to prevent or reduce high blood pressure and high blood cholesterol, and to maintain a healthy weight. A healthy diet includes a variety of fruits, vegetables, and whole grains. It also includes lean meats, poultry, fish, beans, and fat-free or low-fat milk or milk products. A healthy diet is low in saturated fat, trans fat, cholesterol, sodium (salt), and added sugars. For More Information About Healthy Eating For more information about following a healthy diet, go to the National Heart, Lung, and Blood Institute's (NHLBI's) Aim for a Healthy Weight Web site, Your Guide to a Healthy Heart, and Your Guide to Lowering Your Blood Pressure With DASH. In addition, a variety of heart healthy recipes to help you plan meals is available at Aim for a Healthy Weight. All of these resources provide general information about healthy eating. Treatment for Related Conditions Get treatment for related conditions that make having a heart attack more likely. - If you have high blood cholesterol, follow your doctor's advice about lowering it. Take medications to lower your cholesterol as directed if diet and exercise aren't enough. - If you have high blood pressure, follow your doctor's advice about keeping it under control. Take blood pressure medications as directed. - If you have diabetes, sometimes called high blood sugar, try to control your blood sugar level through diet and physical activity (as your doctor recommends). If needed, take medicine as prescribed. If you have high blood cholesterol, follow your doctor's advice about lowering it. Take medications to lower your cholesterol as directed if diet and exercise aren't enough. If you have high blood pressure, follow your doctor's advice about keeping it under control. Take blood pressure medications as directed. If you have diabetes, sometimes called high blood sugar, try to control your blood sugar level through diet and physical activity (as your doctor recommends). If needed, take medicine as prescribed.",Heart Attack
How to diagnose Heart Attack ?,"If You Have Symptoms, Call 9-1-1 Diagnosis and treatment of a heart attack can begin when emergency personnel arrive after you call 9-1-1. Do not put off calling 9-1-1 because you are not sure that you are having a heart attack. Call within 5 minutes of the start of symptoms. At the hospital emergency room, doctors will work fast to find out if you are having or have had a heart attack. They will consider your symptoms, medical and family history, and test results. Initial tests will be quickly followed by treatment if you are having a heart attack. Diagnostic Tests - an electrocardiogram - blood tests - nuclear heart scan - cardiac catheterization - and coronary angiography. an electrocardiogram blood tests nuclear heart scan cardiac catheterization and coronary angiography. The electrocardiogram, also known as ECG or EKG, is used to measure the rate and regularity of your heartbeat. Blood tests are also used in diagnosing a heart attack. When cells in the heart die, they release enzymes into the blood. They are called markers or biomarkers. Measuring the amount of these markers in the blood can show how much damage was done to your heart. Doctors often repeat these tests to check for changes. The nuclear heart scan uses radioactive tracers to outline the heart chambers and major blood vessels leading to and from the heart. A nuclear heart scan shows any damage to your heart muscle as well as how well blood flows to and from the heart. In cardiac catheterization, a thin, flexible tube is passed through an artery in your groin or arm to reach the coronary arteries. This test allows your doctor to - determine blood pressure and flow in the heart's chambers - collect blood samples from the heart, and - examine the arteries of the heart by x-ray. determine blood pressure and flow in the heart's chambers collect blood samples from the heart, and examine the arteries of the heart by x-ray. Coronary angiography is usually done with the cardiac catheterization. A dye that can be seen on an x-ray is injected through the catheter into the coronary arteries. It shows where there are blockages and how severe they are.",Heart Attack
What are the treatments for Heart Attack ?,"Heart attacks are a leading killer of both men and women in the United States. The good news is that excellent treatments are available for heart attacks. These treatments can save lives and prevent disabilities. Heart attack treatment works best when it's given right after symptoms occur. Act Fast The signs and symptoms of a heart attack can develop suddenly. However, they also can develop slowlysometimes within hours, days, or weeks of a heart attack. Know the warning signs of a heart attack so you can act fast to get treatment for yourself or someone else. The sooner you get emergency help, the less damage your heart will sustain. Call 911 for an ambulance right away if you think you or someone else may be having a heart attack. You also should call for help if your chest pain doesn't go away as it usually does when you take medicine prescribed for angina. Treatment May Start Right Away Treatment for a heart attack may begin in the ambulance or in the emergency department and continue in a special area of the hospital called a coronary care unit. Do not drive to the hospital or let someone else drive you. Call an ambulance so that medical personnel can begin life-saving treatment on the way to the emergency room. Restoring Blood Flow to the Heart The coronary care unit is specially equipped with monitors that continuously monitor your vital signs. These include - an EKG which detects any heart rhythm problems - a blood pressure monitor, and - pulse oximetry, which measures the amount of oxygen in the blood. an EKG which detects any heart rhythm problems a blood pressure monitor, and pulse oximetry, which measures the amount of oxygen in the blood. In the hospital, if you have had or are having a heart attack, doctors will work quickly to restore blood flow to your heart and continuously monitor your vital signs to detect and treat complications. Restoring blood flow to the heart can prevent or limit damage to the heart muscle and help prevent another heart attack. Doctors may use clot-busting drugs called thrombolytics and procedures such as angioplasty. - Clot-busters or thrombolytic drugs are used to dissolve blood clots that are blocking blood flow to the heart. When given soon after a heart attack begins, these drugs can limit or prevent permanent damage to the heart. To be most effective, these drugs must be given within one hour after the start of heart attack symptoms. - Angioplasty procedures are used to open blocked or narrowed coronary arteries. A stent, which is a tiny metal mesh tube, may be placed in the artery to help keep it open. Some stents are coated with medicines that help prevent the artery from becoming blocked again. - Coronary artery bypass surgery uses arteries or veins from other areas in your body to bypass your blocked coronary arteries. Clot-busters or thrombolytic drugs are used to dissolve blood clots that are blocking blood flow to the heart. When given soon after a heart attack begins, these drugs can limit or prevent permanent damage to the heart. To be most effective, these drugs must be given within one hour after the start of heart attack symptoms. Angioplasty procedures are used to open blocked or narrowed coronary arteries. A stent, which is a tiny metal mesh tube, may be placed in the artery to help keep it open. Some stents are coated with medicines that help prevent the artery from becoming blocked again. Coronary artery bypass surgery uses arteries or veins from other areas in your body to bypass your blocked coronary arteries. Drug Treatments Many medications are used to treat heart attacks. They include beta blockers, ACE inhibitors, nitrates, anticoagulants, antiplatelet medications, and medications to relieve pain and anxiety. - Beta blockers slow your heart rate and reduce your heart's need for blood and oxygen. As a result, your heart beats with less force, and your blood pressure falls. Beta blockers are also used to relieve angina and prevent second heart attacks and correct an irregular heartbeat. - Angiotensin-converting enzyme or ACE inhibitors lower your blood pressure and reduce the strain on your heart. They are used in some patients after a heart attack to help prevent further weakening of the heart and increase the chances of survival. - Nitrates, such as nitroglycerin, relax blood vessels and relieve chest pain. Anticoagulants, such as heparin and warfarin, thin the blood and prevent clots from forming in your arteries. - >Antiplatelet medications, such as aspirin and clopidogrel, stop platelets from clumping together to form clots. They are given to people who have had a heart attack, have angina, or have had an angioplasty. - Glycoprotein llb-llla inhibitors are potent antiplatelet medications given intravenously to prevent clots from forming in your arteries. Beta blockers slow your heart rate and reduce your heart's need for blood and oxygen. As a result, your heart beats with less force, and your blood pressure falls. Beta blockers are also used to relieve angina and prevent second heart attacks and correct an irregular heartbeat. Angiotensin-converting enzyme or ACE inhibitors lower your blood pressure and reduce the strain on your heart. They are used in some patients after a heart attack to help prevent further weakening of the heart and increase the chances of survival. Nitrates, such as nitroglycerin, relax blood vessels and relieve chest pain. Anticoagulants, such as heparin and warfarin, thin the blood and prevent clots from forming in your arteries. >Antiplatelet medications, such as aspirin and clopidogrel, stop platelets from clumping together to form clots. They are given to people who have had a heart attack, have angina, or have had an angioplasty. Glycoprotein llb-llla inhibitors are potent antiplatelet medications given intravenously to prevent clots from forming in your arteries. Doctors may also prescribe medications to relieve pain and anxiety, or to treat irregular heart rhythms which often occur during a heart attack. Echocardiogram and Stress Tests While you are still in the hospital or after you go home, your doctor may order other tests, such as an echocardiogram. An echocardiogram uses ultrasound to make an image of the heart which can be seen on a video monitor. It shows how well the heart is filling with blood and pumping it to the rest of the body. Your doctor may also order a stress test to see how well your heart works when it has a heavy workload. You run on a treadmill or pedal a bicycle or receive medicine through a vein in your arm to make your heart work harder. EKG and blood pressure readings are taken before, during, and after the test to see how your heart responds. Often, an echocardiogram or nuclear scan of the heart is performed before and after exercise or intravenous medication. The test is stopped if chest pain or a very sharp rise or fall in blood pressure occurs. Monitoring continues for 10 to 15 minutes after the test or until your heart rate returns to baseline.",Heart Attack
What is (are) Heart Attack ?,"A heart attack occurs when the supply of blood and oxygen to an area of the heart muscle is blocked, usually by a blood clot in a coronary artery. If the blockage is not treated within a few hours, the heart muscle will be permanently damaged and replaced by scar tissue.",Heart Attack
What causes Heart Attack ?,"Coronary heart disease, or CHD, is the most common underlying cause of a heart attack. Coronary arteries are the blood vessels that bring blood and oxygen to the heart muscle. Most heart attacks are caused by a blood clot that blocks one of the coronary arteries. When blood cannot reach part of your heart, that area starves for oxygen. If the blockage continues long enough, cells in the affected area die.",Heart Attack
What are the symptoms of Heart Attack ?,"Most heart attacks involve discomfort in the center of the chest that lasts more than a few minutes or goes away and comes back. The discomfort can feel like uncomfortable pressure, squeezing, fullness, or pain. It can include pain or numbness in one or both arms, the back, neck, jaw, or stomach. Heart attack pain can sometimes feel like indigestion or heartburn. Shortness of breath often happens along with, or before chest discomfort. Other symptoms may include breaking out in a cold sweat, having nausea and vomiting, or feeling light-headed or dizzy. Symptoms vary, and some people have no symptoms. Know the symptoms of a heart attack so you can act fast to get treatment.",Heart Attack
What are the symptoms of Heart Attack ?,"No. Most heart attack patients do not have all of the symptoms. The important thing to remember is that if you have any of the symptoms and they grow more intense, and last more than 5 minutes, you should call 9-1-1 immediately.",Heart Attack
How many people are affected by Heart Attack ?,"Very common. Each year, more than 1 million people in the U.S. have a heart attack and about half of them die. About one-half of those who die do so within 1 hour of the start of symptoms and before reaching the hospital.",Heart Attack
Who is at risk for Heart Attack? ?,"Certain factors increase the risk of developing coronary heart disease and having a heart attack. These risk factors include some things you cannot change. You are at greater risk if you - are a man over age 45 or a woman over age 55. - have a family history of early heart disease -- heart disease in a father or brother before age 55 or in a mother or sister before age 65. - have a personal history of angina or previous heart attack. - have had a heart procedure, such as angioplasty or heart bypass. are a man over age 45 or a woman over age 55. have a family history of early heart disease -- heart disease in a father or brother before age 55 or in a mother or sister before age 65. have a personal history of angina or previous heart attack. have had a heart procedure, such as angioplasty or heart bypass. Importantly, there are many risk factors for heart attack that you CAN change, including - smoking - being obese or overweight - being physically inactive - having high blood pressure, high blood cholesterol or diabetes. smoking being obese or overweight being physically inactive having high blood pressure, high blood cholesterol or diabetes.",Heart Attack
Who is at risk for Heart Attack? ?,"You can lower your risk of having a heart attack, even if you have already had a heart attack or have been told that your chances of having a heart attack are high. To prevent a heart attack, you will need to make lifestyle changes. You may also need to get treatment for conditions that raise your risk. Lifestyle changes you can make to lower your risk for heart attack include the following: - If you smoke, quit. - Maintain a healthy weight. Lose weight gradually if you are overweight or obese. If you smoke, quit. Maintain a healthy weight. Lose weight gradually if you are overweight or obese. - Follow a heart healthy diet -- such as one low in salt, saturated fat and trans fat, and calories -- to prevent or reduce high blood pressure and high blood cholesterol and maintain a healthy weight. - Be as physically active as you can. Follow a heart healthy diet -- such as one low in salt, saturated fat and trans fat, and calories -- to prevent or reduce high blood pressure and high blood cholesterol and maintain a healthy weight. Be as physically active as you can. Get treatment for related conditions that might make having a heart attack more likely. - If you have high blood cholesterol, follow your doctor's advice about lowering it. Take medications to lower your cholesterol as directed. - If you have high blood pressure, follow your doctor's advice about keeping it under control. Take blood pressure medications as directed. - If you have diabetes, sometimes called high blood sugar, follow your doctor's advice about keeping blood sugar levels under control. Take your medicines as directed. If you have high blood cholesterol, follow your doctor's advice about lowering it. Take medications to lower your cholesterol as directed. If you have high blood pressure, follow your doctor's advice about keeping it under control. Take blood pressure medications as directed. If you have diabetes, sometimes called high blood sugar, follow your doctor's advice about keeping blood sugar levels under control. Take your medicines as directed.",Heart Attack
How to diagnose Heart Attack ?,"Several tests are used to diagnose a heart attack. - An electrocardiogram, also called an EKG, measures the rate and regularity of your heartbeat. - Blood tests identify and measure markers in the blood that can show how much damage was done to your heart. These tests are often repeated at specific time periods to check for changes. - A nuclear heart scan uses radioactive tracers to show damage to heart chambers and major blood vessels. - Cardiac catheterization involves passing a thin flexible tube through an artery in your groin or arm to look at your coronary arteries. It allows your doctor to examine the blood flow in your heart's chambers. - Cardiac angiography is usually performed along with cardiac catheterization, using a dye injected through the cardiac catheter. The dye allows the doctor to see where there may be blockages in the coronary arteries. An electrocardiogram, also called an EKG, measures the rate and regularity of your heartbeat. Blood tests identify and measure markers in the blood that can show how much damage was done to your heart. These tests are often repeated at specific time periods to check for changes. A nuclear heart scan uses radioactive tracers to show damage to heart chambers and major blood vessels. Cardiac catheterization involves passing a thin flexible tube through an artery in your groin or arm to look at your coronary arteries. It allows your doctor to examine the blood flow in your heart's chambers. Cardiac angiography is usually performed along with cardiac catheterization, using a dye injected through the cardiac catheter. The dye allows the doctor to see where there may be blockages in the coronary arteries.",Heart Attack
What are the treatments for Heart Attack ?,"If you are having a heart attack, doctors will work quickly to restore blood flow to the heart and continuously monitor vital signs to detect and treat complications. Restoring blood flow to the heart can prevent or limit damage to the heart muscle and help prevent another heart attack. Doctors may use clot-busting drugs called thrombolytics and procedures, such as angioplasty. Long-term treatment after a heart attack may include cardiac rehabilitation, checkups and tests, lifestyle changes, and medications.",Heart Attack
What is (are) Heart Attack ?,"Angina is a recurring pain or discomfort in the chest that happens when some part of the heart does not receive enough blood. An episode of angina is not a heart attack. However, people with angina may have a hard time telling the difference between angina and heart attack symptoms. Angina is chest pain or discomfort that occurs when your heart muscle does not get enough blood. Angina may feel like pressure or a squeezing pain in your chest. The pain may also occur in your shoulders, arms, neck, jaw, or back. It may also feel like indigestion. It is usually relieved within a few minutes by resting or by taking prescribed angina medicine.",Heart Attack
What are the treatments for Heart Attack ?,"There are many medicines that are used to treat a heart attack. - Clot-busters or thrombolytic drugs dissolve blood clots that are blocking blood flow to the heart. - Beta blockers decrease the workload on your heart by slowing your heart rate. - Angiotensin-converting enzyme (ACE) inhibitors lower your blood pressure and reduce the strain on your heart. - Nitrates, such as nitroglycerin relax blood vessels and relieve chest pain. - Anticoagulants thin the blood and prevent clots from forming in your arteries. - Antiplatelet medications, such as aspirin and clopidogrel, stop platelets from clumping together to form clots. These medications are given to people who have had a heart attack, have angina, or have had angioplasty. Clot-busters or thrombolytic drugs dissolve blood clots that are blocking blood flow to the heart. Beta blockers decrease the workload on your heart by slowing your heart rate. Angiotensin-converting enzyme (ACE) inhibitors lower your blood pressure and reduce the strain on your heart. Nitrates, such as nitroglycerin relax blood vessels and relieve chest pain. Anticoagulants thin the blood and prevent clots from forming in your arteries. Antiplatelet medications, such as aspirin and clopidogrel, stop platelets from clumping together to form clots. These medications are given to people who have had a heart attack, have angina, or have had angioplasty. Doctors may also prescribe medicines to relieve pain and anxiety, or to treat irregular heart rhythms which often occur during a heart attack.",Heart Attack
What is (are) Heart Attack ?,"Having a heart attack increases your chances of having another one. Therefore, it is very important that you and your family know how and when to seek medical attention. Talk to your doctor about making an emergency action plan, and discuss it with your family. The emergency action plan should include - warning signs or symptoms of a heart attack - instructions for accessing emergency medical services in your community, including calling 9-1-1 - steps you can take while waiting for medical help to arrive, such as taking aspirin and nitroglycerin - important information to take along with you to the hospital, such as a list of medications that you take or that you are allergic to, and name and number of whom you should contact if you go to the hospital. warning signs or symptoms of a heart attack instructions for accessing emergency medical services in your community, including calling 9-1-1 steps you can take while waiting for medical help to arrive, such as taking aspirin and nitroglycerin important information to take along with you to the hospital, such as a list of medications that you take or that you are allergic to, and name and number of whom you should contact if you go to the hospital.",Heart Attack
What are the treatments for Heart Attack ?,"After a heart attack, many people worry about having another heart attack. They often feel depressed and may have trouble adjusting to a new lifestyle. You should discuss your feelings with your doctor. Your doctor can give you medication for anxiety or depression and may recommend professional counseling. Spend time with family, friends, and even pets. Affection can make you feel better and less lonely. Most people stop feeling depressed after they have fully recovered.",Heart Attack
What is (are) Heart Attack ?,More detailed information on heart attacks is available at www.nhlbi.nih.gov/health/dci.,Heart Attack
What is (are) Heart Failure ?,"In heart failure, the heart cannot pump enough blood to meet the body's needs. In some cases, the heart cannot fill with enough blood. In other cases, the heart can't pump blood to the rest of the body with enough force. Some people have both problems. Heart failure develops over time as the pumping action of the heart gets weaker. It can affect either the right, the left, or both sides of the heart. Heart failure does not mean that the heart has stopped working or is about to stop working. When heart failure affects the left side of the heart, the heart cannot pump enough oxygen-rich blood to the rest of the body. When heart failure affects the right side, the heart cannot pump enough blood to the lungs, where it picks up oxygen. The Heart's Pumping Action In normal hearts, blood vessels called veins bring oxygen-poor blood from the body to the right side of the heart. It is then pumped through the pulmonary artery to the lungs, picking up oxygen. From there, the blood returns to the left side of the heart. Then it is pumped through a large artery called the aorta that distributes blood throughout the body. When the heart is weakened by heart failure, blood and fluid can back up into the lungs, and fluid builds up in the feet, ankles, and legs. People with heart failure often experience tiredness and shortness of breath. Heart Failure is Serious Heart failure is a serious and common condition. Scientists estimate that 5 million people in the U.S. have heart failure and that number is growing. It contributes to 300,000 deaths each year. Heart failure is most common in those age 65 and older and it is the number one reason older people are hospitalized. Other Names for Heart Failure Heart failure can also be called congestive heart failure, systolic heart failure, diastolic heart failure, left-sided heart failure, or right-sided heart failure.",Heart Failure
What causes Heart Failure ?,"Heart failure is caused by other diseases or conditions that damage the heart muscle such as coronary artery disease (including heart attacks), diabetes, and high blood pressure. Treating these problems can prevent or improve heart failure. Coronary Artery Disease Coronary artery disease is a leading cause of death in men and women. It happens when the arteries that supply blood to the heart become hardened and narrowed. High Blood Pressure High blood pressure is the force of blood pushing against the walls of the arteries. If this pressure rises and stays high over time, it can weaken your heart and lead to plaque buildup, which can then lead to heart failure. Diabetes Diabetes is characterized by having too much glucose, or sugar, in the blood for a long time. This can cause heart problems because high blood glucose can damage parts of the body such as the heart and blood vessels. This damage weakens the heart, often leading to heart failure. Other Diseases Other diseases and conditions also can lead to heart failure, such as - Cardiomyopathy (KAR-de-o-mi-OP-ah-thee), or heart muscle disease. Cardiomyopathy may be present at birth or caused by injury or infection. - Heart valve disease. Problems with the heart valves may be present at birth or caused by infection, heart attack, or damage from heart disease. - Arrhythmias (ah-RITH-me-ahs), or irregular heartbeats. These heart problems may be present at birth or caused by heart disease or heart defects. - Congenital (kon-JEN-ih-tal) heart defects. These problems with the heart's structure are present at birth. Cardiomyopathy (KAR-de-o-mi-OP-ah-thee), or heart muscle disease. Cardiomyopathy may be present at birth or caused by injury or infection. Heart valve disease. Problems with the heart valves may be present at birth or caused by infection, heart attack, or damage from heart disease. Arrhythmias (ah-RITH-me-ahs), or irregular heartbeats. These heart problems may be present at birth or caused by heart disease or heart defects. Congenital (kon-JEN-ih-tal) heart defects. These problems with the heart's structure are present at birth. Other Factors Other factors also can injure the heart muscle and lead to heart failure. Examples include - treatments for cancer, such as radiation and chemotherapy - thyroid disorders (having either too much or too little thyroid hormone in the body) - alcohol abuse or cocaine and other illegal drug use - HIV/AIDS - too much vitamin E. treatments for cancer, such as radiation and chemotherapy thyroid disorders (having either too much or too little thyroid hormone in the body) alcohol abuse or cocaine and other illegal drug use HIV/AIDS too much vitamin E. Sleep Apnea Heart damage from obstructive sleep apnea may worsen heart failure. Sleep apnea is a common disorder in which you have one or more pauses in breathing or shallow breaths while you sleep. Sleep apnea can deprive your heart of oxygen and increase its workload. Treating this sleep disorder might improve heart failure. Who Is at Risk? Heart failure can happen to almost anyone. It is the number one reason for hospitalization for people over age 65. Heart failure is more common in - people who are 65 years old or older - African-Americans - people who are overweight - people who have had a heart attack - men. people who are 65 years old or older African-Americans people who are overweight people who have had a heart attack men. Aging can weaken the heart muscle. Older people also may have had diseases for many years that led to heart failure. African Americans are more likely to have heart failure than people of other races. They're also more likely to have symptoms at a younger age, have more hospital visits due to heart failure, and die from heart failure. Excess weight puts strain on the heart. Being overweight also increases your risk of heart disease and type 2 diabetes. These diseases can lead to heart failure. A history of a heart attack puts people at greater risk for heart failure. Men have a higher rate of heart failure than women.",Heart Failure
Who is at risk for Heart Failure? ?,"Preventing Heart Failure There are a number of things you can do to reduce the risk for coronary artery disease and heart failure. These things include - keeping your cholesterol levels healthy - keeping your blood pressure at a normal level - managing diabetes - maintaining a healthy weight - quitting smoking - limiting the amount of alcohol you drink - following a heart healthy diet - limiting the amount of sodium (salt) you consume - getting regular exercise - avoiding using illegal drugs. keeping your cholesterol levels healthy keeping your blood pressure at a normal level managing diabetes maintaining a healthy weight quitting smoking limiting the amount of alcohol you drink following a heart healthy diet limiting the amount of sodium (salt) you consume getting regular exercise avoiding using illegal drugs. Keep Your Cholesterol Levels Healthy Keeping your cholesterol levels healthy can help prevent coronary artery disease. Your goal for LDL, or ""bad,"" cholesterol, depends on how many other risk factors you have. Risk factors include - being a cigarette smoker - having high blood pressure - having low HDL cholesterol - being 45 or older if you are a man and 55 or older if you are a woman - having a close relative who had coronary artery disease at an earlier-than-usual age (before age 55 for male relatives and before age 65 for female relatives). being a cigarette smoker having high blood pressure having low HDL cholesterol being 45 or older if you are a man and 55 or older if you are a woman having a close relative who had coronary artery disease at an earlier-than-usual age (before age 55 for male relatives and before age 65 for female relatives). Recommended LDL Cholesterol Goals - If you don't have coronary heart disease or diabetes and have one or no risk factors, your LDL goal is less than 160 mg/dL. - If you don't have coronary heart disease or diabetes and have two or more risk factors, your LDL goal is less than 130 mg/dL. - If you do have coronary heart disease or diabetes, your LDL goal is less than 100 mg/dL. - The goal for HDL, or ""good,"" cholesterol is above 40 in men and above 50 in women. - The goal for triglycerides, another fat in the blood, is below 150. If you don't have coronary heart disease or diabetes and have one or no risk factors, your LDL goal is less than 160 mg/dL. If you don't have coronary heart disease or diabetes and have two or more risk factors, your LDL goal is less than 130 mg/dL. If you do have coronary heart disease or diabetes, your LDL goal is less than 100 mg/dL. The goal for HDL, or ""good,"" cholesterol is above 40 in men and above 50 in women. The goal for triglycerides, another fat in the blood, is below 150. Learn how to control your cholesterol with TLC -- Therapeutic Lifestyle Changes. Keep Blood Pressure at a Normal Level High blood pressure causes the heart to get larger and work harder, which can then lead to heart failure. You should aim for a blood pressure level of 130/80 or below. Talk to your doctor about ways to lower your blood pressure. Get tips on how to control your blood pressure. Manage Diabetes If you have diabetes, its important to manage it properly. Diabetes is characterized by having too much glucose, or sugar, in the blood for a long time. This can cause heart problems because high blood glucose can damage parts of the body such as the heart and blood vessels. This damage weakens the heart, often leading to heart failure. See ways to manage your diabetes every day. Maintain a Healthy Weight Excess weight puts strain on the heart. Being overweight also increases your risk of heart disease and type 2 diabetes. These diseases can lead to heart failure. See a sensible approach to weight loss. Don't Smoke If you smoke, quit. For free help quitting, call a smoking quit line. See medications to help you quit. Follow a Heart Healthy Diet Heart-healthy foods include those high in fiber, such as oat bran, oatmeal, whole-grain breads and cereals, fruits, and vegetables. You can also maintain a heart-healthy diet by limiting foods that are high in saturated fat, trans-fat, and cholesterol, such as meats, butter, dairy products with fat, eggs, shortening, lard, and foods with palm oil or coconut oil. For more on healthy eating, see Eating Well As You Get Older. Limit the Amount of Alcohol You Drink In general, healthy men and women over age 65 should not drink more than three drinks a day or a total of seven drinks a week. Learn how alcohol affects you as get older. Limit the Amount of Sodium Sodium contributes to high blood pressure and fluid retention. Older adults should limit their intake of sodium to1,500 milligrams daily (about 2/3 tsp. of salt). See ways to cut back on your salt intake. Get Regular Exericse Studies show that people with heart disease, diabetes, and high blood pressure benefit from regular exercise. In fact, inactive people are nearly twice as likely to develop heart disease as those who are more active. Aim for at least 30 minutes a day of exercise. Check with your doctor before starting any exercise program. For information on exercise and older adults, see Benefits of Exercise or visit Go4Life, the exercise and physical activity campaign for older adults from the National Institute on Aging.",Heart Failure
What are the symptoms of Heart Failure ?,"Common Symptoms The most common symptoms of heart failure include shortness of breath or difficulty breathing, feeling tired, and swelling. Swelling usually occurs in the ankles, feet, legs, and sometimes in the abdomen. Swelling is caused by fluid buildup in the body. The fluid buildup can lead to weight gain as well as a cough. The cough can be worse at night and when lying down. When symptoms first begin, you might feel tired or short of breath after routine physical activities, such as climbing stairs. As heart failure progresses, the symptoms get worse. You may feel tired or short of breath after performing simple activities, like getting dressed.",Heart Failure
How to diagnose Heart Failure ?,"Diagnosing Heart Failure There is not one specific test to diagnose heart failure. Because the symptoms are common for other conditions, your doctor will determine if you have heart failure by doing a detailed medical history, an examination, and several tests. The tests will identify whether you have any diseases or conditions that can cause heart failure. They will also rule out any other causes of your symptoms and determine the amount of damage to your heart. During a physical examination, you can expect your doctor to listen to your heart for abnormal sounds and listen to your lungs for a buildup of fluid. Your doctor will also look for swelling in your ankles, feet, legs, abdomen, and in the veins in your neck If your doctor determines that you have signs of heart failure, he or she may order several tests. Diagnostic Tests Tests that are given to determine heart failure include an electrocardiogram (EKG or ECG), a chest x-ray, and a BNP blood test. An EKG or ECG -- electrocardiogram -- measures the rate and regularity of your heartbeat. This test can also show if you have had a heart attack and whether the walls of your heart have thickened. A chest X-ray takes a picture of your heart and lungs. It will show whether your heart is enlarged or your lungs have fluid in them, both signs of heart failure. A BNP blood test measures the level of a hormone in your blood called BNP -- brain natriuretic peptide -- that increases in heart failure. Once these initial tests have been performed, your doctor may decide to send you to a cardiologist, a specialist in the diagnosis and treatment of heart disease. A cardiologist will perform a physical exam and may order other tests. Other Tests Tests that can identify the cause of heart failure include an echocardiogram, a Holter monitor, and an exercise stress test. An echocardiogram is one of the most useful tests for diagnosing heart failure. This test uses sound waves to create a picture of the heart and shows how well the heart is filling with blood. Your doctor uses this test to determine whether any areas of your heart are damaged. A Holter monitor, which is a small box that is attached to patches placed on your chest. The monitor, which is worn for 24 hours, provides a continuous recording of heart rhythm during normal activity. An exercise stress test captures your EKG and blood pressure before, during, or after exercise to see how your heart responds to exercise. This test tells doctors how your heart responds to activity.",Heart Failure
What are the treatments for Heart Failure ?,"There is no cure for heart failure, but it can be controlled by treating the underlying conditions that cause it. Treatment for heart failure will depend on the type and stage of heart failure (the severity of the condition). The goals for treatment of all stages of heart failure are to reduce symptoms, treat the cause (such as heart disease, high blood pressure, or diabetes), stop the disease from worsening, and prolong life. Treatments for Heart Failure Treatments for heart failure include - lifestyle changes - medications - specialized care for those who are in the advanced stages. lifestyle changes medications specialized care for those who are in the advanced stages. Treatment for heart failure will reduce the chances that you will have to go to the hospital and make it easier for you to do the things you like to do. It is very important that you follow your treatment plan by keeping doctor appointments, taking medications, and making lifestyle changes.",Heart Failure
What is (are) Heart Failure ?,"In heart failure, the heart cannot pump enough blood through the body. Heart failure develops over time as the pumping action of the heart gets weaker. Heart failure does not mean that the heart has stopped working or is about to stop working. When the heart is weakened by heart failure, blood and fluid can back up into the lungs and fluid builds up in the feet, ankles, and legs. People with heart failure often experience tiredness and shortness of breath.",Heart Failure
What causes Heart Failure ?,"Heart failure is caused by other diseases and conditions that damage the heart muscle. It is most commonly caused by coronary artery disease, including heart attack. Diabetes and high blood pressure also contribute to heart failure risk. People who have had a heart attack are at high risk of developing heart failure.",Heart Failure
What are the symptoms of Heart Failure ?,"The most common symptoms of heart failure include shortness of breath or difficulty breathing, feeling tired, and swelling. Swelling is caused by fluid build-up in the body. Fluid buildup can lead to weight gain and frequent urination, as well as coughing.",Heart Failure
How many people are affected by Heart Failure ?,"Approximately 5 million people in the United States have heart failure. It contributes to 300,000 deaths each year. It is the number one cause of hospitalizations for people over the age of 65.",Heart Failure
Who is at risk for Heart Failure? ?,"Heart failure is more common in - people who are 65 years old or older - African-Americans - people who are overweight - people who have had a heart attack - men. people who are 65 years old or older African-Americans people who are overweight people who have had a heart attack men. Aging can weaken the heart muscle. Older people also may have had diseases for many years that led to heart failure. African Americans are more likely to have heart failure than people of other races. They're also more likely to have symptoms at a younger age, have more hospital visits due to heart failure, and die from heart failure. Excess weight puts strain on the heart. Being overweight also increases your risk of heart disease and type 2 diabetes. These diseases can lead to heart failure. A history of a heart attack puts people at greater risk for heart failure. Men have a higher rate of heart failure than women.",Heart Failure
How to prevent Heart Failure ?,"Ways to prevent heart failure include - keeping your cholesterol and blood pressure levels healthy - keeping diabetes in check - maintaining a healthy weight - quitting smoking - following a heart healthy diet - limiting the amount of alcohol you drink - eating a diet low in salt because salt can cause extra fluid to build up in your body and also contribute to high blood pressure. Older adults should limit their sodium (salt) intake to1500 mg a day (about 2/3 tsp of salt). - getting regular exercise. Aim for at least 30 minutes a day of exercise. Check with your doctor before starting any exercise program. For information about exercises that older adults can do safely, see Exercises to Try or visit Go4Life, the exercise and physical activity campaign for older adults from the National Institute on Aging. keeping your cholesterol and blood pressure levels healthy keeping diabetes in check maintaining a healthy weight quitting smoking following a heart healthy diet limiting the amount of alcohol you drink eating a diet low in salt because salt can cause extra fluid to build up in your body and also contribute to high blood pressure. Older adults should limit their sodium (salt) intake to1500 mg a day (about 2/3 tsp of salt). getting regular exercise. Aim for at least 30 minutes a day of exercise. Check with your doctor before starting any exercise program. For information about exercises that older adults can do safely, see Exercises to Try or visit Go4Life, the exercise and physical activity campaign for older adults from the National Institute on Aging.",Heart Failure
What is (are) Heart Failure ?,"Keeping your cholesterol levels healthy can help prevent coronary artery disease. Your goal for LDL, or ""bad,"" cholesterol depends on how many other risk factors you have. Here are recommended LDL cholesterol goals. - If you don't have coronary heart disease or diabetes and have one or no risk factors, your LDL goal is less than 160 mg/dL. - If you don't have coronary heart disease or diabetes and have two or more risk factors, your LDL goal is less than 130 mg/dL. - If you do have coronary heart disease or diabetes, your LDL goal is less than 100 mg/dL. If you don't have coronary heart disease or diabetes and have one or no risk factors, your LDL goal is less than 160 mg/dL. If you don't have coronary heart disease or diabetes and have two or more risk factors, your LDL goal is less than 130 mg/dL. If you do have coronary heart disease or diabetes, your LDL goal is less than 100 mg/dL. The goal for HDL, or ""good,"" cholesterol is above 40 in men and above 50 in women. The goal for triglycerides, another fat in the blood, is below 150.",Heart Failure
How to diagnose Heart Failure ?,"There is not one specific test to diagnose heart failure. Because the symptoms are common for other conditions, your doctor will determine if you have heart failure by doing a detailed medical history, an examination, and several tests. During a physical exam, a doctor will listen for abnormal heart sounds and lung sounds that indicate fluid buildup, as well as look for signs of swelling. If there are signs of heart failure, the doctor may order several tests, including: - an EKG, or electrocardiogram, to measure the rate and regularity of the heartbeat - a chest X-ray to evaluate the heart and lungs - a BNP blood test to measure the level of a hormone called BNP that increases when heart failure is present. an EKG, or electrocardiogram, to measure the rate and regularity of the heartbeat a chest X-ray to evaluate the heart and lungs a BNP blood test to measure the level of a hormone called BNP that increases when heart failure is present.",Heart Failure
How to diagnose Heart Failure ?,"Once initial tests have been performed, your doctor may decide to send you to a cardiologist, a specialist in diagnosis and treatment of heart disease. A cardiologist will perform a physical exam and may order other tests. There are several tests that can identify the cause of heart failure. These tests include: - An echocardiogram is one of the most useful tests for diagnosing heart failure. This test uses sound waves to create a picture of the heart and shows how well the heart is filling with blood. Your doctor uses this test to determine whether any areas of your heart are damaged. An echocardiogram is one of the most useful tests for diagnosing heart failure. This test uses sound waves to create a picture of the heart and shows how well the heart is filling with blood. Your doctor uses this test to determine whether any areas of your heart are damaged. - A Holter monitor, which is a small box that is attached to patches placed on your chest. The monitor, which is worn for 24 hours, provides a continuous recording of heart rhythm during normal activity. A Holter monitor, which is a small box that is attached to patches placed on your chest. The monitor, which is worn for 24 hours, provides a continuous recording of heart rhythm during normal activity. - An exercise stress test captures your EKG and blood pressure before, during, or after exercise to see how your heart responds to exercise. This test tells doctors how your heart responds to activity. An exercise stress test captures your EKG and blood pressure before, during, or after exercise to see how your heart responds to exercise. This test tells doctors how your heart responds to activity.",Heart Failure
What are the treatments for Heart Failure ?,Treatment for heart failure includes lifestyle changes medications specialized care for those in advanced stages of the disease.,Heart Failure
What are the treatments for Heart Failure ?,Lifestyle changes to treat heart failure may include - reducing salt and fluid intake - following a heart healthy diet - adopting a plan to lose weight - quitting smoking - engaging in physical activity. reducing salt and fluid intake following a heart healthy diet adopting a plan to lose weight quitting smoking engaging in physical activity.,Heart Failure
What are the treatments for Heart Failure ?,"Many medications are used to manage heart failure. They include diuretics, ACE inhibitors, beta blockers and digoxin. Diuretics are used to reduce fluid buildup. ACE inhibitors work to improve heart failure in many ways, including lowering blood pressure. Beta blockers can also improve heart failure in many ways, including slowing the heart rate. Digoxin affects the hormones that worsen heart failure.",Heart Failure
What are the treatments for Heart Failure ?,"For severe heart failure, patients may require additional oxygen, a mechanical heart pump, or a heart transplant.",Heart Failure
What is (are) Heart Failure ?,More detailed information on heart failure is available at http://www.nhlbi.nih.gov/health/dci,Heart Failure
What is (are) Heart Valve Diseases ?,"Your heart has four valves. Normally, these valves open to let blood flow through or out of your heart, and then shut to keep it from flowing backward. But sometimes they don't work properly. If they don't, you could have - Regurgitation - when blood leaks back through the valve in the wrong direction - Mitral valve prolapse - when one of the valves, the mitral valve, has ""floppy"" flaps and doesn't close tightly. It's one of the most common heart valve conditions. Sometimes it causes regurgitation. - Stenosis - when the valve doesn't open enough and blocks blood flow Valve problems can be present at birth or caused by infections, heart attacks, or heart disease or damage. The main sign of heart valve disease is an unusual heartbeat sound called a heart murmur. Your doctor can hear a heart murmur with a stethoscope. But many people have heart murmurs without having a problem. Heart tests can show if you have a heart valve disease. Some valve problems are minor and do not need treatment. Others might require medicine, medical procedures, or surgery to repair or replace the valve. NIH: National Heart, Lung, and Blood Institute",Heart Valve Diseases
What is (are) Diabetic Nerve Problems ?,"If you have diabetes, your blood glucose, or blood sugar, levels are too high. Over time, this can damage the covering on your nerves or the blood vessels that bring oxygen to your nerves. Damaged nerves may stop sending messages, or may send messages slowly or at the wrong times. This damage is called diabetic neuropathy. Over half of people with diabetes get it. Symptoms may include - Numbness in your hands, legs, or feet - Shooting pains, burning, or tingling - Nausea, vomiting, constipation, or diarrhea - Problems with sexual function - Urinary problems - Dizziness when you change positions quickly Your doctor will diagnose diabetic neuropathy with a physical exam and nerve tests. Controlling your blood sugar can help prevent nerve problems, or keep them from getting worse. Treatment may include pain relief and other medicines. NIH: National Institute of Diabetes and Digestive and Kidney Diseases",Diabetic Nerve Problems
What is (are) Heart Diseases ?,"If you're like most people, you think that heart disease is a problem for others. But heart disease is the number one killer in the U.S. It is also a major cause of disability. There are many different forms of heart disease. The most common cause of heart disease is narrowing or blockage of the coronary arteries, the blood vessels that supply blood to the heart itself. This is called coronary artery disease and happens slowly over time. It's the major reason people have heart attacks. Other kinds of heart problems may happen to the valves in the heart, or the heart may not pump well and cause heart failure. Some people are born with heart disease. You can help reduce your risk of heart disease by taking steps to control factors that put you at greater risk: - Control your blood pressure - Lower your cholesterol - Don't smoke - Get enough exercise NIH: National Heart, Lung, and Blood Institute",Heart Diseases
What is (are) Diabetic Kidney Problems ?,"If you have diabetes, your blood glucose, or blood sugar, levels are too high. Over time, this can damage your kidneys. Your kidneys clean your blood. If they are damaged, waste and fluids build up in your blood instead of leaving your body. Kidney damage from diabetes is called diabetic nephropathy. It begins long before you have symptoms. An early sign of it is small amounts of protein in your urine. A urine test can detect it. A blood test can also help determine how well your kidneys are working. If the damage continues, your kidneys could fail. In fact, diabetes is the most common cause of kidney failure in the United States. People with kidney failure need either dialysis or a kidney transplant. You can slow down kidney damage or keep it from getting worse. Controlling your blood sugar and blood pressure, taking your medicines and not eating too much protein can help. NIH: National Institute of Diabetes and Digestive and Kidney Diseases",Diabetic Kidney Problems
What is (are) Diabetic Eye Problems ?,"If you have diabetes, your blood glucose, or blood sugar, levels are too high. Over time, this can damage your eyes. The most common problem is diabetic retinopathy. It is a leading cause of blindness in American adults. Your retina is the light-sensitive tissue at the back of your eye. You need a healthy retina to see clearly. Diabetic retinopathy damages the tiny blood vessels inside your retina. You may not notice it at first. Symptoms can include - Blurry or double vision - Rings, flashing lights, or blank spots - Dark or floating spots - Pain or pressure in one or both of your eyes - Trouble seeing things out of the corners of your eyes Treatment often includes laser treatment or surgery, with follow-up care. Two other eye problems can happen to people with diabetes. A cataract is a cloud over the lens of your eye. Surgery helps you see clearly again. Glaucoma happens when pressure builds up in the eye, damaging the main nerve. Eye drops or surgery can help. If you have diabetes, you should have a complete eye exam every year. Finding and treating problems early may save your vision. NIH: National Institute of Diabetes and Digestive and Kidney Diseases",Diabetic Eye Problems
Do you have information about Diabetic Diet,"Summary : If you have diabetes, your body cannot make or properly use insulin. This leads to high blood glucose, or blood sugar, levels. Healthy eating helps keep your blood sugar in your target range. It is a critical part of managing your diabetes, because controlling your blood sugar can prevent the complications of diabetes. A registered dietitian can help make an eating plan just for you. It should take into account your weight, medicines, lifestyle, and other health problems you have. Healthy diabetic eating includes - Limiting foods that are high in sugar - Eating smaller portions, spread out over the day - Being careful about when and how many carbohydrates you eat - Eating a variety of whole-grain foods, fruits and vegetables every day - Eating less fat - Limiting your use of alcohol - Using less salt NIH: National Institute of Diabetes and Digestive and Kidney Diseases",Diabetic Diet
What is (are) Diabetes Type 2 ?,"Diabetes means your blood glucose, or blood sugar, levels are too high. With type 2 diabetes, the more common type, your body does not make or use insulin well. Insulin is a hormone that helps glucose get into your cells to give them energy. Without insulin, too much glucose stays in your blood. Over time, high blood glucose can lead to serious problems with your heart, eyes, kidneys, nerves, and gums and teeth. You have a higher risk of type 2 diabetes if you are older, obese, have a family history of diabetes, or do not exercise. Having prediabetes also increases your risk. Prediabetes means that your blood sugar is higher than normal but not high enough to be called diabetes. The symptoms of type 2 diabetes appear slowly. Some people do not notice symptoms at all. The symptoms can include - Being very thirsty - Urinating often - Feeling very hungry or tired - Losing weight without trying - Having sores that heal slowly - Having blurry eyesight Blood tests can show if you have diabetes. One type of test, the A1C, can also check on how you are managing your diabetes. Many people can manage their diabetes through healthy eating, physical activity, and blood glucose testing. Some people also need to take diabetes medicines. NIH: National Institute of Diabetes and Digestive and Kidney Diseases",Diabetes Type 2
What is (are) Diabetic Heart Disease ?,"If you have diabetes or pre-diabetes you have an increased risk for heart disease. Diabetic heart disease can be coronary heart disease (CHD), heart failure, and diabetic cardiomyopathy. Diabetes by itself puts you at risk for heart disease. Other risk factors include - Family history of heart disease - Carrying extra weight around the waist - Abnormal cholesterol levels - High blood pressure - Smoking Some people who have diabetic heart disease have no signs or symptoms of heart disease. Others have some or all of the symptoms of heart disease. Treatments include medications to treat heart damage or to lower your blood glucose (blood sugar), blood pressure, and cholesterol. If you are not already taking a low dose of aspirin every day, your doctor may suggest it. You also may need surgery or some other medical procedure. Lifestyle changes also help. These include a healthy diet, maintaining a healthy weight, being physically active, and quitting smoking. NIH: National Institute of Diabetes and Digestive and Kidney Diseases",Diabetic Heart Disease
Do you have information about Diabetes Medicines,"Summary : Diabetes means your blood glucose, or blood sugar, levels are too high. If you can't control your diabetes with wise food choices and physical activity, you may need diabetes medicines. The kind of medicine you take depends on your type of diabetes, your schedule, and your other health conditions. With type 1 diabetes, your pancreas does not make insulin. Insulin is a hormone that helps glucose get into your cells to give them energy. Without insulin, too much glucose stays in your blood. If you have type 1 diabetes, you will need to take insulin. Type 2 diabetes, the most common type, can start when the body doesn't use insulin as it should. If your body can't keep up with the need for insulin, you may need to take pills. Along with meal planning and physical activity, diabetes pills help people with type 2 diabetes or gestational diabetes keep their blood glucose levels on target. Several kinds of pills are available. Each works in a different way. Many people take two or three kinds of pills. Some people take combination pills. Combination pills contain two kinds of diabetes medicine in one tablet. Some people take pills and insulin. NIH: National Institute of Diabetes and Digestive and Kidney Diseases",Diabetes Medicines
Do you have information about Heart Transplantation,"Summary : A heart transplant removes a damaged or diseased heart and replaces it with a healthy one. The healthy heart comes from a donor who has died. It is the last resort for people with heart failure when all other treatments have failed. The heart failure might have been caused by coronary heart disease, damaged heart valves or heart muscles, congenital heart defects, or viral infections of the heart. Although heart transplant surgery is a life-saving measure, it has many risks. Careful monitoring, treatment, and regular medical care can prevent or help manage some of these risks. After the surgery, most heart transplant patients can return to their normal levels of activity. However, fewer than 30 percent return to work for many different reasons. NIH: National Heart, Lung, and Blood Institute",Heart Transplantation
What is (are) Heart Diseases--Prevention ?,"Heart disease is the leading cause of death in the U.S. It is also a major cause of disability. The risk of heart disease increases as you age. You have a greater risk of heart disease if you are a man over age 45 or a woman over age 55. You also are at greater risk if you have a close family member who had heart disease at an early age. Fortunately, there are many things you can do reduce your chances of getting heart disease. You should - Know your blood pressure and keep it under control - Exercise regularly - Don't smoke - Get tested for diabetes and if you have it, keep it under control - Know your cholesterol and triglyceride levels and keep them under control - Eat a lot of fruits and vegetables - Maintain a healthy weight",Heart Diseases--Prevention
What is (are) Heart Attack ?,"Each year over a million people in the U.S. have a heart attack. About half of them die. Many people have permanent heart damage or die because they don't get help immediately. It's important to know the symptoms of a heart attack and call 9-1-1 if someone is having them. Those symptoms include - Chest discomfort - pressure, squeezing, or pain - Shortness of breath - Discomfort in the upper body - arms, shoulder, neck, back - Nausea, vomiting, dizziness, lightheadedness, sweating These symptoms can sometimes be different in women. What exactly is a heart attack? Most heart attacks happen when a clot in the coronary artery blocks the supply of blood and oxygen to the heart. Often this leads to an irregular heartbeat - called an arrhythmia - that causes a severe decrease in the pumping function of the heart. A blockage that is not treated within a few hours causes the affected heart muscle to die. NIH: National Heart, Lung, and Blood Institute",Heart Attack
What is (are) Diabetes Type 1 ?,"Diabetes means your blood glucose, or blood sugar, levels are too high. With type 1 diabetes, your pancreas does not make insulin. Insulin is a hormone that helps glucose get into your cells to give them energy. Without insulin, too much glucose stays in your blood. Over time, high blood glucose can lead to serious problems with your heart, eyes, kidneys, nerves, and gums and teeth. Type 1 diabetes happens most often in children and young adults but can appear at any age. Symptoms may include - Being very thirsty - Urinating often - Feeling very hungry or tired - Losing weight without trying - Having sores that heal slowly - Having dry, itchy skin - Losing the feeling in your feet or having tingling in your feet - Having blurry eyesight A blood test can show if you have diabetes. If you do, you will need to take insulin for the rest of your life. A blood test called the A1C can check to see how well you are managing your diabetes. NIH: National Institute of Diabetes and Digestive and Kidney Diseases",Diabetes Type 1
What is (are) Diabetes in Children and Teens ?,"Until recently, the common type of diabetes in children and teens was type 1. It was called juvenile diabetes. With Type 1 diabetes, the pancreas does not make insulin. Insulin is a hormone that helps glucose,or sugar, get into your cells to give them energy. Without insulin, too much sugar stays in the blood. But now younger people are also getting type 2 diabetes. Type 2 diabetes used to be called adult-onset diabetes. But now it is becoming more common in children and teens, due to more obesity. With Type 2 diabetes, the body does not make or use insulin well. Children have a higher risk of type 2 diabetes if they are obese, have a family history of diabetes, or are not active, and do not eat well. To lower the risk of type 2 diabetes in children - Have them maintain a healthy weight - Be sure they are physically active - Have them eat smaller portions of healthy foods - Limit time with the TV, computer, and video Children and teens with type 1 diabetes may need to take insulin. Type 2 diabetes may be controlled with diet and exercise. If not, patients will need to take oral diabetes medicines or insulin. A blood test called the A1C can check on how you are managing your diabetes.",Diabetes in Children and Teens
What is (are) Diabetic Foot ?,"If you have diabetes, your blood glucose, or blood sugar, levels are too high. Over time, this can damage your nerves or blood vessels. Nerve damage from diabetes can cause you to lose feeling in your feet. You may not feel a cut, a blister or a sore. Foot injuries such as these can cause ulcers and infections. Serious cases may even lead to amputation. Damage to the blood vessels can also mean that your feet do not get enough blood and oxygen. It is harder for your foot to heal, if you do get a sore or infection. You can help avoid foot problems. First, control your blood sugar levels. Good foot hygiene is also crucial: - Check your feet every day - Wash your feet every day - Keep the skin soft and smooth - Smooth corns and calluses gently - If you can see, reach, and feel your feet, trim your toenails regularly. If you cannot, ask a foot doctor (podiatrist) to trim them for you. - Wear shoes and socks at all times - Protect your feet from hot and cold - Keep the blood flowing to your feet NIH: National Institute of Diabetes and Digestive and Kidney Diseases",Diabetic Foot
What is (are) Diabetes Complications ?,"If you have diabetes, your blood glucose, or blood sugar, levels are too high. Over time, this can cause problems with other body functions, such as your kidneys, nerves, feet, and eyes. Having diabetes can also put you at a higher risk for heart disease and bone and joint disorders. Other long-term complications of diabetes include skin problems, digestive problems, sexual dysfunction, and problems with your teeth and gums. Very high or very low blood sugar levels can also lead to emergencies in people with diabetes. The cause can be an underlying infection, certain medicines, or even the medicines you take to control your diabetes. If you feel nauseated, sluggish or shaky, seek emergency care. NIH: National Institute of Diabetes and Digestive and Kidney Diseases",Diabetes Complications
What is (are) Diabetes and Pregnancy ?,"Diabetes is a disease in which your blood glucose, or blood sugar, levels are too high. When you are pregnant, high blood sugar levels are not good for your baby. About seven out of every 100 pregnant women in the United States get gestational diabetes. Gestational diabetes is diabetes that happens for the first time when a woman is pregnant. Most of the time, it goes away after you have your baby. But it does increase your risk for developing type 2 diabetes later on. Your child is also at risk for obesity and type 2 diabetes. Most women get a test to check for diabetes during their second trimester of pregnancy. Women at higher risk may get a test earlier. If you already have diabetes, the best time to control your blood sugar is before you get pregnant. High blood sugar levels can be harmful to your baby during the first weeks of pregnancy - even before you know you are pregnant. To keep you and your baby healthy, it is important to keep your blood sugar as close to normal as possible before and during pregnancy. Either type of diabetes during pregnancy increases the chances of problems for you and your baby. To help lower the chances talk to your health care team about - A meal plan for your pregnancy - A safe exercise plan - How often to test your blood sugar - Taking your medicine as prescribed. Your medicine plan may need to change during pregnancy. NIH: National Institute of Diabetes and Digestive and Kidney Diseases",Diabetes and Pregnancy
What is (are) Heart Disease in Women ?,"In the United States, 1 in 4 women dies from heart disease. The most common cause of heart disease in both men and women is narrowing or blockage of the coronary arteries, the blood vessels that supply blood to the heart itself. This is called coronary artery disease, and it happens slowly over time. It's the major reason people have heart attacks. Heart diseases that affect women more than men include - Coronary microvascular disease (MVD) - a problem that affects the heart's tiny arteries - Broken heart syndrome - extreme emotional stress leading to severe but often short-term heart muscle failure The older a woman gets, the more likely she is to get heart disease. But women of all ages should be concerned about heart disease. All women can take steps to prevent it by practicing healthy lifestyle habits. NIH: National Heart, Lung, and Blood Institute",Heart Disease in Women
What is (are) Heartburn ?,"Heartburn is a painful burning feeling in your chest or throat. It happens when stomach acid backs up into your esophagus, the tube that carries food from your mouth to your stomach. If you have heartburn more than twice a week, you may have GERD. But you can have GERD without having heartburn. Pregnancy, certain foods, alcohol, and some medications can bring on heartburn. Treating heartburn is important because over time reflux can damage the esophagus. Over-the-counter medicines may help. If the heartburn continues, you may need prescription medicines or surgery. If you have other symptoms such as crushing chest pain, it could be a heart attack. Get help immediately.",Heartburn
What is (are) Diabetes ?,"Diabetes is a disease in which your blood glucose, or blood sugar, levels are too high. Glucose comes from the foods you eat. Insulin is a hormone that helps the glucose get into your cells to give them energy. With type 1 diabetes, your body does not make insulin. With type 2 diabetes, the more common type, your body does not make or use insulin well. Without enough insulin, the glucose stays in your blood. You can also have prediabetes. This means that your blood sugar is higher than normal but not high enough to be called diabetes. Having prediabetes puts you at a higher risk of getting type 2 diabetes. Over time, having too much glucose in your blood can cause serious problems. It can damage your eyes, kidneys, and nerves. Diabetes can also cause heart disease, stroke and even the need to remove a limb. Pregnant women can also get diabetes, called gestational diabetes. Blood tests can show if you have diabetes. One type of test, the A1C, can also check on how you are managing your diabetes. Exercise, weight control and sticking to your meal plan can help control your diabetes. You should also monitor your blood glucose level and take medicine if prescribed. NIH: National Institute of Diabetes and Digestive and Kidney Diseases",Diabetes
What is (are) Congenital Heart Defects ?,"A congenital heart defect is a problem with the structure of the heart. It is present at birth. Congenital heart defects are the most common type of birth defect. The defects can involve the walls of the heart, the valves of the heart, and the arteries and veins near the heart. They can disrupt the normal flow of blood through the heart. The blood flow can slow down, go in the wrong direction or to the wrong place, or be blocked completely. Doctors use a physical exam and special heart tests to diagnose congenital heart defects. They often find severe defects during pregnancy or soon after birth. Signs and symptoms of severe defects in newborns include - Rapid breathing - Cyanosis - a bluish tint to the skin, lips, and fingernails - Fatigue - Poor blood circulation Many congenital heart defects cause few or no signs and symptoms. They are often not diagnosed until children are older. Many children with congenital heart defects don't need treatment, but others do. Treatment can include medicines, catheter procedures, surgery, and heart transplants. The treatment depends on the type of the defect, how severe it is, and a child's age, size, and general health. NIH: National Heart, Lung, and Blood Institute",Congenital Heart Defects
What is (are) Heart Failure ?,"Heart failure is a condition in which the heart can't pump enough blood to meet the body's needs. Heart failure does not mean that your heart has stopped or is about to stop working. It means that your heart is not able to pump blood the way it should. It can affect one or both sides of the heart. The weakening of the heart's pumping ability causes - Blood and fluid to back up into the lungs - The buildup of fluid in the feet, ankles and legs - called edema - Tiredness and shortness of breath Common causes of heart failure are coronary artery disease, high blood pressure and diabetes. It is more common in people who are 65 years old or older, African Americans, people who are overweight, and people who have had a heart attack. Men have a higher rate of heart failure than women. Your doctor will diagnose heart failure by doing a physical exam and heart tests. Treatment includes treating the underlying cause of your heart failure, medicines, and heart transplantation if other treatments fail. NIH: National Heart, Lung, and Blood Institute",Heart Failure
Do you have information about Heart Surgery,"Summary : Heart surgery can correct problems with the heart if other treatments haven't worked or can't be used. The most common type of heart surgery for adults is coronary artery bypass grafting (CABG). During CABG, a healthy artery or vein from the body is connected, or grafted, to a blocked coronary (heart) artery. Doctors also use heart surgery to - Repair or replace heart valves, which control blood flow through the heart - Repair abnormal or damaged structures in the heart - Implant medical devices that help control the heartbeat or support heart function and blood flow - Replace a damaged heart with a healthy heart from a donor - Treat heart failure and coronary heart disease - Control abnormal heart rhythms Heart surgery has risks, even though its results often are excellent. Risks include bleeding, infection, irregular heartbeats, and stroke. The risk is higher if you are older or a woman. The risk is also higher if you have other diseases or conditions, such as diabetes, kidney disease, lung disease, or peripheral arterial disease. NIH: National Heart, Lung, and Blood Institute",Heart Surgery
What is (are) Diabetes Insipidus ?,"Diabetes insipidus (DI) causes frequent urination. You become extremely thirsty, so you drink. Then you urinate. This cycle can keep you from sleeping or even make you wet the bed. Your body produces lots of urine that is almost all water. DI is different from diabetes mellitus (DM), which involves insulin problems and high blood sugar. The symptoms can be similar. However, DI is related to how your kidneys handle fluids. It's much less common than DM. Urine and blood tests can show which one you have. Usually, DI is caused by a problem with your pituitary gland or your kidneys. Treatment depends on the cause of the problem. Medicines can often help. NIH: National Institute of Diabetes and Digestive and Kidney Diseases",Diabetes Insipidus
What is (are) Diabetes mellitus type 1 ?,"Diabetes mellitus type 1 (DM1) is a condition in which cells in the pancreas (beta cells) stop producing insulin, causing abnormally high blood sugar levels. Lack of insulin results in the inability of the body to use glucose for energy and control the amount of sugar in the blood. DM1 can occur at any age, but usually develops by early adulthood, most often in adolescence. Symptoms of high blood sugar may include frequent urination, excessive thirst, fatigue, blurred vision, tingling or loss of feeling in the hands and feet, and weight loss. The exact cause of DM1 is unknown, but having certain ""variants"" of specific genes may increase a person's risk to develop the condition. A predisposition to develop DM1 runs in families, but no known inheritance pattern exists. Treatment includes blood sugar control and insulin replacement therapy. Improper control can cause recurrence of high blood sugar, or abnormally low blood sugar (hypoglycemia) during exercise or when eating is delayed. If not treated, the condition can be life-threatening. Over many years, chronic high blood sugar may be associated with a variety of complications that affect many parts of the body.",Diabetes mellitus type 1
What are the symptoms of Diabetes mellitus type 1 ?,"What are the signs and symptoms of Diabetes mellitus type 1? The Human Phenotype Ontology provides the following list of signs and symptoms for Diabetes mellitus type 1. If the information is available, the table below includes how often the symptom is seen in people with this condition. You can use the MedlinePlus Medical Dictionary to look up the definitions for these medical terms. Signs and Symptoms Approximate number of patients (when available) Abnormality of the immune system - Diabetes mellitus - Heterogeneous - Hyperglycemia - Ketoacidosis - Polydipsia - Polyphagia - Polyuria - The Human Phenotype Ontology (HPO) has collected information on how often a sign or symptom occurs in a condition. Much of this information comes from Orphanet, a European rare disease database. The frequency of a sign or symptom is usually listed as a rough estimate of the percentage of patients who have that feature. The frequency may also be listed as a fraction. The first number of the fraction is how many people had the symptom, and the second number is the total number of people who were examined in one study. For example, a frequency of 25/25 means that in a study of 25 people all patients were found to have that symptom. Because these frequencies are based on a specific study, the fractions may be different if another group of patients are examined. Sometimes, no information on frequency is available. In these cases, the sign or symptom may be rare or common.",Diabetes mellitus type 1
Is Diabetes mellitus type 1 inherited ?,"Is diabetes mellitus type 1 inherited? Diabetes mellitus type 1 (DM1) itself is not inherited, but a predisposition to developing the condition can run in families. While some people with a family history of DM1 may be at an increased risk, most will not have the condition. While the exact cause is not known, some genetic risk factors have been found. The risk of developing DM1 is increased by having certain versions (variants) of genes, which belong to a family of genes called the human leukocyte antigen (HLA) complex. HLA genes have many variations, and people have a certain combination of these variations, called a haplotype. Certain HLA haplotypes are associated with a higher risk of developing DM1, with particular combinations causing the highest risk. However, these variants are also found in the general population, and only about 5% of people with the gene variants develop DM1. Other genes, as well as a variety of other factors, are thought to influence the risk for DM1 also. Because there is no specific inheritance pattern associated with DM1, it is difficult to predict whether another family member will develop the condition. Generally, the risk is higher if a parent or sibling is affected. In some cases, genetic testing can be done to determine if someone who has a family history is at increased risk of developing the condition. More information can be found on the America Diabetes Association's Web site, which has an article entitled Genetics of Diabetes. People with specific questions about genetic risks to themselves or family members should speak with their health care provider or a genetics professional.",Diabetes mellitus type 1
"What are the symptoms of Heart-hand syndrome, Slovenian type ?","What are the signs and symptoms of Heart-hand syndrome, Slovenian type? The Human Phenotype Ontology provides the following list of signs and symptoms for Heart-hand syndrome, Slovenian type. If the information is available, the table below includes how often the symptom is seen in people with this condition. You can use the MedlinePlus Medical Dictionary to look up the definitions for these medical terms. Signs and Symptoms Approximate number of patients (when available) Myopathy 5% Aplasia of the middle phalanx of the hand - Autosomal dominant inheritance - Brachydactyly syndrome - Clinodactyly - Dilated cardiomyopathy - Syndactyly - The Human Phenotype Ontology (HPO) has collected information on how often a sign or symptom occurs in a condition. Much of this information comes from Orphanet, a European rare disease database. The frequency of a sign or symptom is usually listed as a rough estimate of the percentage of patients who have that feature. The frequency may also be listed as a fraction. The first number of the fraction is how many people had the symptom, and the second number is the total number of people who were examined in one study. For example, a frequency of 25/25 means that in a study of 25 people all patients were found to have that symptom. Because these frequencies are based on a specific study, the fractions may be different if another group of patients are examined. Sometimes, no information on frequency is available. In these cases, the sign or symptom may be rare or common.","Heart-hand syndrome, Slovenian type"
"What are the symptoms of Maturity-onset diabetes of the young, type 7 ?","What are the signs and symptoms of Maturity-onset diabetes of the young, type 7? The Human Phenotype Ontology provides the following list of signs and symptoms for Maturity-onset diabetes of the young, type 7. If the information is available, the table below includes how often the symptom is seen in people with this condition. You can use the MedlinePlus Medical Dictionary to look up the definitions for these medical terms. Signs and Symptoms Approximate number of patients (when available) Autosomal dominant inheritance - Maturity-onset diabetes of the young - Type II diabetes mellitus - The Human Phenotype Ontology (HPO) has collected information on how often a sign or symptom occurs in a condition. Much of this information comes from Orphanet, a European rare disease database. The frequency of a sign or symptom is usually listed as a rough estimate of the percentage of patients who have that feature. The frequency may also be listed as a fraction. The first number of the fraction is how many people had the symptom, and the second number is the total number of people who were examined in one study. For example, a frequency of 25/25 means that in a study of 25 people all patients were found to have that symptom. Because these frequencies are based on a specific study, the fractions may be different if another group of patients are examined. Sometimes, no information on frequency is available. In these cases, the sign or symptom may be rare or common.","Maturity-onset diabetes of the young, type 7"
What is (are) Hypoplastic left heart syndrome ?,"Hypoplastic left heart syndrome (HLHS) is a problem with the hearts structure that is present at birth (congenital). It occurs when parts of the left side of the heart (mitral valve, left ventricle, aortic valve, and aorta) do not develop completely. The underdeveloped left side of the heart is unable to provide enough blood flow to the body, which decreases the oxygen-rich blood supply. Babies with HLHS might look normal at birth, but will develop symptoms of HLHS within a few days. These symptoms might include: poor feeding, problems breathing, pounding heart, weak pulse, and ashen or bluish skin color. The cause of HLHs is presently unknown.",Hypoplastic left heart syndrome
What are the symptoms of Hypoplastic left heart syndrome ?,"What are the signs and symptoms of Hypoplastic left heart syndrome? Normally, oxygen-poor blood is pumped through the right side of the heart to the lungs, where it gains oxygen and returns to the left side of the heart. The oxygen-rich blood is then pumped from the left side of the heart to the rest of the body. At birth, all babies also have two connections, or shunts, between the two sides of the heart; however, within a few days of birth these connections close. In those with HLHS, the underdeveloped left side of the heart is unable to provide enough blood flow to the body. The normal shunts present at birth help to direct blood to the body; when these connections close the oxygen-rich blood supply decreases. At first, a newborn with HLHS may appear normal. Symptoms usually occur in the first few hours of life, although it may take up to a few days to develop symptoms. These symptoms may include: Bluish (cyanosis) or poor skin color Cold hands and feet (extremities) Lethargy Poor pulse Poor suckling and feeding Pounding heart Rapid breathing Shortness of breath In healthy newborns, bluish color in the hands and feet is a response to cold (this reaction is called peripheral cyanosis). However, a bluish color in the chest or abdomen, lips, and tongue is abnormal (called central cyanosis). It is a sign that there is not enough oxygen in the blood. Central cyanosis often increases with crying. The Human Phenotype Ontology provides the following list of signs and symptoms for Hypoplastic left heart syndrome. If the information is available, the table below includes how often the symptom is seen in people with this condition. You can use the MedlinePlus Medical Dictionary to look up the definitions for these medical terms. Signs and Symptoms Approximate number of patients (when available) Hypoplastic left heart 90% Abnormality of the aorta 50% Abnormality of chromosome segregation 7.5% Abnormality of the mitral valve 7.5% Atria septal defect 7.5% Maternal diabetes 7.5% Patent ductus arteriosus 7.5% The Human Phenotype Ontology (HPO) has collected information on how often a sign or symptom occurs in a condition. Much of this information comes from Orphanet, a European rare disease database. The frequency of a sign or symptom is usually listed as a rough estimate of the percentage of patients who have that feature. The frequency may also be listed as a fraction. The first number of the fraction is how many people had the symptom, and the second number is the total number of people who were examined in one study. For example, a frequency of 25/25 means that in a study of 25 people all patients were found to have that symptom. Because these frequencies are based on a specific study, the fractions may be different if another group of patients are examined. Sometimes, no information on frequency is available. In these cases, the sign or symptom may be rare or common.",Hypoplastic left heart syndrome
What are the treatments for Hypoplastic left heart syndrome ?,"How might hypoplastic left heart syndrome (HLHS) be treated? Once the diagnosis of HLHS is made, the baby will be admitted to the neonatal intensive care unit. A breathing machine (ventilator) may be needed to help the baby breathe. A medicine called prostaglandin E1 is used to keep blood circulating to the body by keeping the ductus arteriosus open. These measures do not solve the problem and ultimately, the baby will require surgery. The first surgery, called the Norwood operation, occurs within the baby's first few days of life. Stage I of the Norwood procedure consists of building a new aorta by: Using the pulmonary valve and artery Connecting the hypoplastic old aorta and coronary arteries to the new aorta Removing the wall between the atria (atrial septum) Making an artificial connection from either the right ventricle or a body-wide artery to the pulmonary artery to maintain blood flow to the lungs (called a shunt) Afterwards, the baby usually goes home. The child will need to take daily medicines and be closely followed by a pediatric cardiologist, who will determine when the second stage of surgery should be done. Stage II of the operation is called the Glenn shunt or hemi-Fontan procedure. This procedure connects the major vein carrying blue blood from the top half of the body (the superior vena cava) directly to blood vessels to the lungs (pulmonary arteries) to get oxygen. The surgery is usually done when the child is 4 to 6 months of age. During stages I and II, the child may still appear somewhat blue (cyanotic).Stage III, the final step, is called the Fontan procedure. The rest of the veins that carry blue blood from the body (the inferior vena cava) are connected directly to the blood vessels to the lungs. The right ventricle now serves only as the pumping chamber for the body (no longer the lungs and the body). This surgery is usually performed when the baby is 18 months - 3 years old. After this final step, the baby is no longer blue. Some patients may need more surgeries in their 20s or 30s if they develop hard to control arrhythmias or other complications of the Fontan procedure. In some hospitals, heart transplantation is considered a better choice than the three-step surgery process. However, there are few donated hearts available for small infants.",Hypoplastic left heart syndrome
"What are the symptoms of Maturity-onset diabetes of the young, type 5 ?","What are the signs and symptoms of Maturity-onset diabetes of the young, type 5? The Human Phenotype Ontology provides the following list of signs and symptoms for Maturity-onset diabetes of the young, type 5. If the information is available, the table below includes how often the symptom is seen in people with this condition. You can use the MedlinePlus Medical Dictionary to look up the definitions for these medical terms. Signs and Symptoms Approximate number of patients (when available) Multicystic kidney dysplasia 90% Nephropathy 90% Diabetes mellitus 50% Biliary tract abnormality 33% Elevated hepatic transaminases 33% Elevated serum creatinine 33% Glucose intolerance 33% Glycosuria 33% Gout 33% Proteinuria 33% Stage 5 chronic kidney disease 33% Abnormal localization of kidney 7.5% Abnormality of female internal genitalia 7.5% Abnormality of male internal genitalia 7.5% Aplasia/Hypoplasia of the pancreas 7.5% Arthritis 7.5% Cognitive impairment 7.5% Displacement of the external urethral meatus 7.5% Exocrine pancreatic insufficiency 7.5% Hearing impairment 7.5% Hepatic steatosis 7.5% Hyperuricemia 7.5% Hypothyroidism 7.5% Joint hypermobility 7.5% Mandibular prognathia 7.5% Pyloric stenosis 7.5% Renal hypoplasia/aplasia 7.5% Exocrine pancreatic insufficiency 6/7 Pancreatic hypoplasia 5/6 Renal cyst 19/23 Maturity-onset diabetes of the young 10/13 Abnormality of alkaline phosphatase activity 4/7 Multiple glomerular cysts 4/23 Bicornuate uterus 1/23 Hypoplasia of the uterus 1/23 Renal hypoplasia 1/23 Unilateral renal agenesis 1/23 Autosomal dominant inheritance - Cerebral cortical atrophy - Decreased numbers of nephrons - Epididymal cyst - Hypospadias - Nephrolithiasis - Onset - Phenotypic variability - Ureteropelvic junction obstruction - The Human Phenotype Ontology (HPO) has collected information on how often a sign or symptom occurs in a condition. Much of this information comes from Orphanet, a European rare disease database. The frequency of a sign or symptom is usually listed as a rough estimate of the percentage of patients who have that feature. The frequency may also be listed as a fraction. The first number of the fraction is how many people had the symptom, and the second number is the total number of people who were examined in one study. For example, a frequency of 25/25 means that in a study of 25 people all patients were found to have that symptom. Because these frequencies are based on a specific study, the fractions may be different if another group of patients are examined. Sometimes, no information on frequency is available. In these cases, the sign or symptom may be rare or common.","Maturity-onset diabetes of the young, type 5"
"What are the symptoms of Maturity-onset diabetes of the young, type 6 ?","What are the signs and symptoms of Maturity-onset diabetes of the young, type 6? The Human Phenotype Ontology provides the following list of signs and symptoms for Maturity-onset diabetes of the young, type 6. If the information is available, the table below includes how often the symptom is seen in people with this condition. You can use the MedlinePlus Medical Dictionary to look up the definitions for these medical terms. Signs and Symptoms Approximate number of patients (when available) Autosomal dominant inheritance - Maturity-onset diabetes of the young - The Human Phenotype Ontology (HPO) has collected information on how often a sign or symptom occurs in a condition. Much of this information comes from Orphanet, a European rare disease database. The frequency of a sign or symptom is usually listed as a rough estimate of the percentage of patients who have that feature. The frequency may also be listed as a fraction. The first number of the fraction is how many people had the symptom, and the second number is the total number of people who were examined in one study. For example, a frequency of 25/25 means that in a study of 25 people all patients were found to have that symptom. Because these frequencies are based on a specific study, the fractions may be different if another group of patients are examined. Sometimes, no information on frequency is available. In these cases, the sign or symptom may be rare or common.","Maturity-onset diabetes of the young, type 6"
"What are the symptoms of Alaninuria with microcephaly, dwarfism, enamel hypoplasia and diabetes mellitus ?","What are the signs and symptoms of Alaninuria with microcephaly, dwarfism, enamel hypoplasia and diabetes mellitus? The Human Phenotype Ontology provides the following list of signs and symptoms for Alaninuria with microcephaly, dwarfism, enamel hypoplasia and diabetes mellitus. If the information is available, the table below includes how often the symptom is seen in people with this condition. You can use the MedlinePlus Medical Dictionary to look up the definitions for these medical terms. Signs and Symptoms Approximate number of patients (when available) Abnormality of dental enamel 90% Aminoaciduria 90% Cognitive impairment 90% Incoordination 90% Intrauterine growth retardation 90% Microcephaly 90% Microdontia 90% Short stature 90% Type II diabetes mellitus 90% Autosomal recessive inheritance - Diabetes mellitus - Hypoplasia of dental enamel - Lactic acidosis - Severe short stature - The Human Phenotype Ontology (HPO) has collected information on how often a sign or symptom occurs in a condition. Much of this information comes from Orphanet, a European rare disease database. The frequency of a sign or symptom is usually listed as a rough estimate of the percentage of patients who have that feature. The frequency may also be listed as a fraction. The first number of the fraction is how many people had the symptom, and the second number is the total number of people who were examined in one study. For example, a frequency of 25/25 means that in a study of 25 people all patients were found to have that symptom. Because these frequencies are based on a specific study, the fractions may be different if another group of patients are examined. Sometimes, no information on frequency is available. In these cases, the sign or symptom may be rare or common.","Alaninuria with microcephaly, dwarfism, enamel hypoplasia and diabetes mellitus"
"What are the symptoms of Maturity-onset diabetes of the young, type 8 ?","What are the signs and symptoms of Maturity-onset diabetes of the young, type 8? The Human Phenotype Ontology provides the following list of signs and symptoms for Maturity-onset diabetes of the young, type 8. If the information is available, the table below includes how often the symptom is seen in people with this condition. You can use the MedlinePlus Medical Dictionary to look up the definitions for these medical terms. Signs and Symptoms Approximate number of patients (when available) Abdominal pain - Abnormality of exocrine pancreas physiology - Autosomal dominant inheritance - Maturity-onset diabetes of the young - The Human Phenotype Ontology (HPO) has collected information on how often a sign or symptom occurs in a condition. Much of this information comes from Orphanet, a European rare disease database. The frequency of a sign or symptom is usually listed as a rough estimate of the percentage of patients who have that feature. The frequency may also be listed as a fraction. The first number of the fraction is how many people had the symptom, and the second number is the total number of people who were examined in one study. For example, a frequency of 25/25 means that in a study of 25 people all patients were found to have that symptom. Because these frequencies are based on a specific study, the fractions may be different if another group of patients are examined. Sometimes, no information on frequency is available. In these cases, the sign or symptom may be rare or common.","Maturity-onset diabetes of the young, type 8"
What is (are) Maternally inherited diabetes and deafness ?,"Maternally inherited diabetes and deafness (MIDD) is a form of diabetes that is often accompanied by hearing loss, especially of high tones. The diabetes in MIDD is characterized by high blood sugar levels (hyperglycemia) resulting from a shortage of the hormone insulin, which regulates the amount of sugar in the blood. MIDD is caused by mutations in the MT-TL1, MT-TK, or MT-TE gene. These genes are found in mitochondrial DNA, which is part of cellular structures called mitochondria. Although most DNA is packaged in chromosomes within the cell nucleus, mitochondria also have a small amount of their own DNA (known as mitochondrial DNA or mtDNA). Because the genes involved with MIDD are found in mitochondrial DNA, this condition is inherited in a mitochondrial pattern, which is also known as maternal inheritance. Because egg cells, but not sperm cells, contribute mitochondria to the developing embryo, only females pass mitochondrial conditions to their children. Mitochondrial disorders can appear in every generation of a family and can affect both males and females, but fathers do not pass mitochondrial traits to their children.",Maternally inherited diabetes and deafness
What are the symptoms of Maternally inherited diabetes and deafness ?,"What are the signs and symptoms of Maternally inherited diabetes and deafness? The Human Phenotype Ontology provides the following list of signs and symptoms for Maternally inherited diabetes and deafness. If the information is available, the table below includes how often the symptom is seen in people with this condition. You can use the MedlinePlus Medical Dictionary to look up the definitions for these medical terms. Signs and Symptoms Approximate number of patients (when available) Abnormality of the macula 90% Chorioretinal abnormality 90% Constipation 90% Diabetes mellitus 90% Malabsorption 90% Sensorineural hearing impairment 90% Abnormality of lipid metabolism 50% Aplasia/Hypoplasia of the cerebellum 50% Arrhythmia 50% Congestive heart failure 50% Glomerulopathy 50% Hypertension 50% Hypertrophic cardiomyopathy 50% Muscle weakness 50% Myalgia 50% Ophthalmoparesis 50% Proteinuria 50% Cataract 7.5% Incoordination 7.5% Renal insufficiency 7.5% Retinopathy 7.5% Visual impairment 7.5% Ptosis 5% Dysarthria - External ophthalmoplegia - Hyperglycemia - Mitochondrial inheritance - Pigmentary retinal degeneration - Retinal degeneration - Seizures - Type II diabetes mellitus - Unsteady gait - Vertigo - The Human Phenotype Ontology (HPO) has collected information on how often a sign or symptom occurs in a condition. Much of this information comes from Orphanet, a European rare disease database. The frequency of a sign or symptom is usually listed as a rough estimate of the percentage of patients who have that feature. The frequency may also be listed as a fraction. The first number of the fraction is how many people had the symptom, and the second number is the total number of people who were examined in one study. For example, a frequency of 25/25 means that in a study of 25 people all patients were found to have that symptom. Because these frequencies are based on a specific study, the fractions may be different if another group of patients are examined. Sometimes, no information on frequency is available. In these cases, the sign or symptom may be rare or common. When do the diabetes and hearing loss associated with MIDD typically develop? In MIDD, the diabetes and hearing loss usually develop in mid-adulthood, although the age that they occur varies from childhood to late adulthood. Typically, hearing loss occurs before diabetes.",Maternally inherited diabetes and deafness
Is Maternally inherited diabetes and deafness inherited ?,"How do people inherit MIDD? MIDD is inherited in a mitochondrial pattern, which is also known as maternal inheritance. This pattern of inheritance applies to genes contained in mitochondrial DNA. Because egg cells, but not sperm cells, contribute mitochondria to the developing embryo, only females pass mitochondrial conditions to their children. Mitochondrial disorders can appear in every generation of a family and can affect both males and females, but fathers do not pass mitochondrial traits to their children. Most of the body's cells contain thousands of mitochondria, each with one or more copies of mitochondrial DNA. These cells can have a mix of mitochondria containing mutated and unmutated DNA (heteroplasmy). The severity of MIDD is thought to be associated with the percentage of mitochondria with the mitochondrial DNA mutation.",Maternally inherited diabetes and deafness
What is (are) Hypoplastic right heart syndrome ?,"Hypoplastic right heart syndrome is a rare heart defect, present at birth (congenital), that results in low blood oxygen levels. It is caused by underdevelopment of the structures on the right side of the heart (tricuspid valve, right ventricle, pulmonary valve, and pulmonary artery) and commonly associated with atrial septal defect. The underdeveloped right side of the heart is unable to provide enough blood flow to the body, leading to low blood oxygen and cyanosis. It differs from hypoplastic left heart syndrome which involves the underdevelopment of the structures on the left side of the heart.",Hypoplastic right heart syndrome
What are the symptoms of Epiphyseal dysplasia multiple with early-onset diabetes mellitus ?,"What are the signs and symptoms of Epiphyseal dysplasia multiple with early-onset diabetes mellitus? The Human Phenotype Ontology provides the following list of signs and symptoms for Epiphyseal dysplasia multiple with early-onset diabetes mellitus. If the information is available, the table below includes how often the symptom is seen in people with this condition. You can use the MedlinePlus Medical Dictionary to look up the definitions for these medical terms. Signs and Symptoms Approximate number of patients (when available) Abnormality of the metaphyses 90% Short stature 90% Type II diabetes mellitus 90% Abnormality of immune system physiology 50% Abnormality of neutrophils 50% Acute hepatic failure 50% Brachydactyly syndrome 50% Chronic hepatic failure 50% Cognitive impairment 50% Delayed skeletal maturation 50% Elevated hepatic transaminases 50% Gait disturbance 50% Genu valgum 50% Hepatomegaly 50% Platyspondyly 50% Short thorax 50% Abnormality of neuronal migration 7.5% Aplasia/Hypoplasia of the pancreas 7.5% Exocrine pancreatic insufficiency 7.5% Hyperlordosis 7.5% Hypoglycemia 7.5% Hypothyroidism 7.5% Intrauterine growth retardation 7.5% Kyphosis 7.5% Microcephaly 7.5% Nephropathy 7.5% Recurrent fractures 7.5% Renal insufficiency 7.5% Seizures 7.5% Autosomal recessive inheritance - Barrel-shaped chest - Carpal bone hypoplasia - Cone-shaped epiphyses of the phalanges of the hand - Coxa valga - Depressed nasal bridge - Epiphyseal dysplasia - Flattened epiphysis - High palate - Hip dislocation - Hip Subluxation - Hypertelorism - Hypertonia - Hypoplasia of the odontoid process - Infantile onset - Insulin-resistant diabetes mellitus - Irregular carpal bones - Irregular tarsal ossification - Irregular vertebral endplates - Ivory epiphyses of the phalanges of the hand - Ivory epiphyses of the toes - Multiple epiphyseal dysplasia - Narrow iliac wings - Osteoporosis - Preauricular pit - Reduced pancreatic beta cells - Shortening of all middle phalanges of the fingers - Small epiphyses - Upslanted palpebral fissure - The Human Phenotype Ontology (HPO) has collected information on how often a sign or symptom occurs in a condition. Much of this information comes from Orphanet, a European rare disease database. The frequency of a sign or symptom is usually listed as a rough estimate of the percentage of patients who have that feature. The frequency may also be listed as a fraction. The first number of the fraction is how many people had the symptom, and the second number is the total number of people who were examined in one study. For example, a frequency of 25/25 means that in a study of 25 people all patients were found to have that symptom. Because these frequencies are based on a specific study, the fractions may be different if another group of patients are examined. Sometimes, no information on frequency is available. In these cases, the sign or symptom may be rare or common.",Epiphyseal dysplasia multiple with early-onset diabetes mellitus
"What are the symptoms of Maturity-onset diabetes of the young, type 1 ?","What are the signs and symptoms of Maturity-onset diabetes of the young, type 1? The Human Phenotype Ontology provides the following list of signs and symptoms for Maturity-onset diabetes of the young, type 1. If the information is available, the table below includes how often the symptom is seen in people with this condition. You can use the MedlinePlus Medical Dictionary to look up the definitions for these medical terms. Signs and Symptoms Approximate number of patients (when available) Autosomal dominant inheritance - Maturity-onset diabetes of the young - The Human Phenotype Ontology (HPO) has collected information on how often a sign or symptom occurs in a condition. Much of this information comes from Orphanet, a European rare disease database. The frequency of a sign or symptom is usually listed as a rough estimate of the percentage of patients who have that feature. The frequency may also be listed as a fraction. The first number of the fraction is how many people had the symptom, and the second number is the total number of people who were examined in one study. For example, a frequency of 25/25 means that in a study of 25 people all patients were found to have that symptom. Because these frequencies are based on a specific study, the fractions may be different if another group of patients are examined. Sometimes, no information on frequency is available. In these cases, the sign or symptom may be rare or common.","Maturity-onset diabetes of the young, type 1"
What are the symptoms of Progressive familial heart block type 1A ?,"What are the signs and symptoms of Progressive familial heart block type 1A? The Human Phenotype Ontology provides the following list of signs and symptoms for Progressive familial heart block type 1A. If the information is available, the table below includes how often the symptom is seen in people with this condition. You can use the MedlinePlus Medical Dictionary to look up the definitions for these medical terms. Signs and Symptoms Approximate number of patients (when available) Arrhythmia 50% Autosomal dominant inheritance - Complete heart block with broad RS complexes - Dyspnea - Heterogeneous - Left anterior fascicular block - Left postterior fascicular block - Right bundle branch block - Sudden cardiac death - Sudden death - Syncope - The Human Phenotype Ontology (HPO) has collected information on how often a sign or symptom occurs in a condition. Much of this information comes from Orphanet, a European rare disease database. The frequency of a sign or symptom is usually listed as a rough estimate of the percentage of patients who have that feature. The frequency may also be listed as a fraction. The first number of the fraction is how many people had the symptom, and the second number is the total number of people who were examined in one study. For example, a frequency of 25/25 means that in a study of 25 people all patients were found to have that symptom. Because these frequencies are based on a specific study, the fractions may be different if another group of patients are examined. Sometimes, no information on frequency is available. In these cases, the sign or symptom may be rare or common.",Progressive familial heart block type 1A
"What are the symptoms of Maturity-onset diabetes of the young, type 3 ?","What are the signs and symptoms of Maturity-onset diabetes of the young, type 3? The Human Phenotype Ontology provides the following list of signs and symptoms for Maturity-onset diabetes of the young, type 3. If the information is available, the table below includes how often the symptom is seen in people with this condition. You can use the MedlinePlus Medical Dictionary to look up the definitions for these medical terms. Signs and Symptoms Approximate number of patients (when available) Autosomal dominant inheritance - Hyperglycemia - Infantile onset - Maturity-onset diabetes of the young - Type II diabetes mellitus - The Human Phenotype Ontology (HPO) has collected information on how often a sign or symptom occurs in a condition. Much of this information comes from Orphanet, a European rare disease database. The frequency of a sign or symptom is usually listed as a rough estimate of the percentage of patients who have that feature. The frequency may also be listed as a fraction. The first number of the fraction is how many people had the symptom, and the second number is the total number of people who were examined in one study. For example, a frequency of 25/25 means that in a study of 25 people all patients were found to have that symptom. Because these frequencies are based on a specific study, the fractions may be different if another group of patients are examined. Sometimes, no information on frequency is available. In these cases, the sign or symptom may be rare or common.","Maturity-onset diabetes of the young, type 3"
What is (are) Brittle diabetes ?,"Brittle diabetes is characterized by severe instability of blood glucose levels with frequent and unpredictable episodes of hypoglycemia and/or ketoacidosis that disrupt quality of life, often requiring frequent or prolonged hospitalizations. These unpredictable episodes are due to an absolute insulin dependency, affecting type 1 diabetics almost exclusively. Brittle diabetes is most common in women in their twenties or thirties, but can occur at any age and in either gender. The condition may be caused by stress and hormonal inbalance, neglect of self-care (noncompliance), or underlying medical conditions such as malabsorption, delayed gastric emptying due to autonomic neuropathy, drug or alcohol use or abnormal insulin absorption or degradation. Treatment is difficult and dependent upon the underlying cause.",Brittle diabetes
What are the symptoms of Brittle diabetes ?,"What are the symptoms of brittle diabetes? The main symptom of brittle diabetes is severe instability of blood glucose levels with frequent and unpredictable episodes of hypoglycemia and/or ketoacidosis that cause a disruption of daily activities. Three clinical presentations have been described: Predominant hyperglycemia with recurrent ketoacidosis, Predominant hypoglycemia, and Mixed hyper- and hypoglycemia. Patients with brittle diabetes have wide swings in their blood sugar levels and often experience differing blood sugar responses to the same dose and type of insulin. Complications such as neuropathy, nephropathy, and retinopathy are common. Most patients are females in their twenties of thirties, though any age or gender can be affected.",Brittle diabetes
What causes Brittle diabetes ?,"What causes brittle diabetes? There are multiple causes of brittle diabetes. Emotional stress seems to play an important role, in some cases leading to hormonal inbalances which can lead to brittle diabetes. Emotional stress can also lead to a shift in the behavior of an individual, leading them to neglect their self-care. Other cases can be traced to physiological causes, including malabsorption, delayed gastric emptying due to autonomic neuropathy (gastroparesis), celiac disease, impaired glucose counterregulation (which doesn't allow the patient's body to react as it should when blood glucose levels drop), hypothyroidism and adrenal insufficiency, drug or alcohol use, systemic insulin resistance, and abnormal insulin absorption or degradation.",Brittle diabetes
What are the treatments for Brittle diabetes ?,"How might brittle diabetes be treated? The approach to management depends upon the underlying cause. General management strategies include diabetes education, frequent self-monitoring of blood glucose, the use of a continuous subcutaneous insulin pump in conjunction with a continuous glucose monitoring device, and, in rare cases, pancreas transplantation. Psychotherapy or working with a psychiatrist or psychologist is recommended for many people with brittle diabetes. Referral to a specialty center may be warranted in certain situations.",Brittle diabetes
What is (are) Transient neonatal diabetes mellitus ?,"Transient neonatal diabetes mellitus (TNDB) is a type of diabetes that appears within the first few weeks of life but is transient; affected infants go into remission within a few months, with possible relapse to permanent diabetes in adolescence or adulthood. Affected individuals have slow growth before birth followed by hyperglycemia, dehydration and failure to thrive in infancy. Approximately 70% of cases are caused by the overactivity of certain genes in a region of the long (q) arm of chromosome 6 called 6q24. These cases are referred to as 6q24-related TNDB; most (but not all) of these cases are not inherited. Other genetic causes include mutations in the KCNJ11 and ABCC8 genes, which usually cause permanent neonatal diabetes. Treatment may include rehydration and intravenous insulin at the time of diagnosis, followed by subcutaneous insulin.",Transient neonatal diabetes mellitus
What are the symptoms of Transient neonatal diabetes mellitus ?,"What are the signs and symptoms of Transient neonatal diabetes mellitus? The Human Phenotype Ontology provides the following list of signs and symptoms for Transient neonatal diabetes mellitus. If the information is available, the table below includes how often the symptom is seen in people with this condition. You can use the MedlinePlus Medical Dictionary to look up the definitions for these medical terms. Signs and Symptoms Approximate number of patients (when available) Type II diabetes mellitus 2/7 Autosomal dominant inheritance - Dehydration - Hyperglycemia - Intrauterine growth retardation - Severe failure to thrive - Transient neonatal diabetes mellitus - The Human Phenotype Ontology (HPO) has collected information on how often a sign or symptom occurs in a condition. Much of this information comes from Orphanet, a European rare disease database. The frequency of a sign or symptom is usually listed as a rough estimate of the percentage of patients who have that feature. The frequency may also be listed as a fraction. The first number of the fraction is how many people had the symptom, and the second number is the total number of people who were examined in one study. For example, a frequency of 25/25 means that in a study of 25 people all patients were found to have that symptom. Because these frequencies are based on a specific study, the fractions may be different if another group of patients are examined. Sometimes, no information on frequency is available. In these cases, the sign or symptom may be rare or common.",Transient neonatal diabetes mellitus
What is (are) Neurogenic diabetes insipidus ?,"Neurogenic diabetes insipidus is a disease that causes frequent urination. This type of diabetes insipidus results from damage to the pituitary gland, which disrupts the normal storage and release of antidiuretic hormone (ADH). When this hormone reaches the kidneys, it directs them to make less urine. Damage to the pituitary gland can be caused by different diseases as well as by head injuries, neurosurgery, or genetic disorders. To treat the ADH deficiency that results from any kind of damage to the pituitary, a synthetic hormone called desmopressin can be taken by an injection, a nasal spray, or a pill.",Neurogenic diabetes insipidus
What are the symptoms of Neurogenic diabetes insipidus ?,"What are the signs and symptoms of Neurogenic diabetes insipidus? The Human Phenotype Ontology provides the following list of signs and symptoms for Neurogenic diabetes insipidus. If the information is available, the table below includes how often the symptom is seen in people with this condition. You can use the MedlinePlus Medical Dictionary to look up the definitions for these medical terms. Signs and Symptoms Approximate number of patients (when available) Abnormal renal physiology 90% Dehydration 90% Diabetes insipidus 90% Weight loss 90% Abnormality of temperature regulation 50% Behavioral abnormality 50% Migraine 50% Reduced consciousness/confusion 50% Diarrhea 7.5% Hypernatremia 7.5% Hyponatremia 7.5% Nausea and vomiting 7.5% Seizures 7.5% Abnormality of metabolism/homeostasis - Autosomal dominant inheritance - Gliosis - Hypertelorism - Long philtrum - Osteopenia - Short nose - Wide nose - The Human Phenotype Ontology (HPO) has collected information on how often a sign or symptom occurs in a condition. Much of this information comes from Orphanet, a European rare disease database. The frequency of a sign or symptom is usually listed as a rough estimate of the percentage of patients who have that feature. The frequency may also be listed as a fraction. The first number of the fraction is how many people had the symptom, and the second number is the total number of people who were examined in one study. For example, a frequency of 25/25 means that in a study of 25 people all patients were found to have that symptom. Because these frequencies are based on a specific study, the fractions may be different if another group of patients are examined. Sometimes, no information on frequency is available. In these cases, the sign or symptom may be rare or common.",Neurogenic diabetes insipidus
What is (are) Permanent neonatal diabetes mellitus ?,"Permanent neonatal diabetes mellitus (PNDB) is a type of diabetes that appears within the first 6 months of life and persists throughout life. Affected individuals have slow growth before birth followed by hyperglycemia, dehydration and failure to thrive in infancy. Some individuals also have neurological problems including developmental delay and epilepsy; when these problems are present with PNDB, it is called DEND syndrome. A few individuals with PNDB also have an underdeveloped pancreas and may have digestive problems. PNDB is caused by mutations in any one of several genes (some of which have not yet been identified) including the KCNJ11, ABCC8, and INS genes. It may be inherited in an autosomal recessive or autosomal dominant manner. Treatment includes rehydration, insulin therapy and/or long-term therapy with oral sulfonylureas (in some cases).",Permanent neonatal diabetes mellitus
What are the symptoms of Permanent neonatal diabetes mellitus ?,"What are the signs and symptoms of Permanent neonatal diabetes mellitus? The Human Phenotype Ontology provides the following list of signs and symptoms for Permanent neonatal diabetes mellitus. If the information is available, the table below includes how often the symptom is seen in people with this condition. You can use the MedlinePlus Medical Dictionary to look up the definitions for these medical terms. Signs and Symptoms Approximate number of patients (when available) Abnormality of the ear - Abnormality of the immune system - Anteverted nares - Autosomal dominant inheritance - Beta-cell dysfunction - Clinodactyly - Diabetes mellitus - Downturned corners of mouth - Hyperglycemia - Hypsarrhythmia - Intrauterine growth retardation - Ketoacidosis - Limb joint contracture - Long philtrum - Motor delay - Muscle weakness - Muscular hypotonia of the trunk - Peripheral neuropathy - Prominent metopic ridge - Ptosis - Radial deviation of finger - Seizures - Small for gestational age - The Human Phenotype Ontology (HPO) has collected information on how often a sign or symptom occurs in a condition. Much of this information comes from Orphanet, a European rare disease database. The frequency of a sign or symptom is usually listed as a rough estimate of the percentage of patients who have that feature. The frequency may also be listed as a fraction. The first number of the fraction is how many people had the symptom, and the second number is the total number of people who were examined in one study. For example, a frequency of 25/25 means that in a study of 25 people all patients were found to have that symptom. Because these frequencies are based on a specific study, the fractions may be different if another group of patients are examined. Sometimes, no information on frequency is available. In these cases, the sign or symptom may be rare or common.",Permanent neonatal diabetes mellitus
What are the symptoms of Muscular atrophy ataxia retinitis pigmentosa and diabetes mellitus ?,"What are the signs and symptoms of Muscular atrophy ataxia retinitis pigmentosa and diabetes mellitus? The Human Phenotype Ontology provides the following list of signs and symptoms for Muscular atrophy ataxia retinitis pigmentosa and diabetes mellitus. If the information is available, the table below includes how often the symptom is seen in people with this condition. You can use the MedlinePlus Medical Dictionary to look up the definitions for these medical terms. Signs and Symptoms Approximate number of patients (when available) Abnormality of retinal pigmentation 90% Incoordination 90% Myopathy 90% Type II diabetes mellitus 90% Ataxia - Autosomal dominant inheritance - Diabetes mellitus - Rod-cone dystrophy - Skeletal muscle atrophy - The Human Phenotype Ontology (HPO) has collected information on how often a sign or symptom occurs in a condition. Much of this information comes from Orphanet, a European rare disease database. The frequency of a sign or symptom is usually listed as a rough estimate of the percentage of patients who have that feature. The frequency may also be listed as a fraction. The first number of the fraction is how many people had the symptom, and the second number is the total number of people who were examined in one study. For example, a frequency of 25/25 means that in a study of 25 people all patients were found to have that symptom. Because these frequencies are based on a specific study, the fractions may be different if another group of patients are examined. Sometimes, no information on frequency is available. In these cases, the sign or symptom may be rare or common.",Muscular atrophy ataxia retinitis pigmentosa and diabetes mellitus
"What are the symptoms of Heart-hand syndrome, Spanish type ?","What are the signs and symptoms of Heart-hand syndrome, Spanish type? The Human Phenotype Ontology provides the following list of signs and symptoms for Heart-hand syndrome, Spanish type. If the information is available, the table below includes how often the symptom is seen in people with this condition. You can use the MedlinePlus Medical Dictionary to look up the definitions for these medical terms. Signs and Symptoms Approximate number of patients (when available) Abnormality of the metacarpal bones 90% Brachydactyly syndrome 90% Short toe 50% Abnormality of the cardiovascular system - Autosomal dominant inheritance - Short middle phalanx of finger - Sick sinus syndrome - Ulnar deviation of the 2nd finger - The Human Phenotype Ontology (HPO) has collected information on how often a sign or symptom occurs in a condition. Much of this information comes from Orphanet, a European rare disease database. The frequency of a sign or symptom is usually listed as a rough estimate of the percentage of patients who have that feature. The frequency may also be listed as a fraction. The first number of the fraction is how many people had the symptom, and the second number is the total number of people who were examined in one study. For example, a frequency of 25/25 means that in a study of 25 people all patients were found to have that symptom. Because these frequencies are based on a specific study, the fractions may be different if another group of patients are examined. Sometimes, no information on frequency is available. In these cases, the sign or symptom may be rare or common.","Heart-hand syndrome, Spanish type"
What are the symptoms of Diabetes insipidus nephrogenic mental retardation and intracerebral calcification ?,"What are the signs and symptoms of Diabetes insipidus nephrogenic mental retardation and intracerebral calcification? The Human Phenotype Ontology provides the following list of signs and symptoms for Diabetes insipidus nephrogenic mental retardation and intracerebral calcification. If the information is available, the table below includes how often the symptom is seen in people with this condition. You can use the MedlinePlus Medical Dictionary to look up the definitions for these medical terms. Signs and Symptoms Approximate number of patients (when available) Abnormality of metabolism/homeostasis 90% Abnormality of the antihelix 90% Carious teeth 90% Cerebral calcification 90% Cognitive impairment 90% Hypoplasia of the zygomatic bone 90% Increased number of teeth 90% Limitation of joint mobility 90% Short stature 90% Abnormality of the genital system 50% Conductive hearing impairment 50% Nephrogenic diabetes insipidus - The Human Phenotype Ontology (HPO) has collected information on how often a sign or symptom occurs in a condition. Much of this information comes from Orphanet, a European rare disease database. The frequency of a sign or symptom is usually listed as a rough estimate of the percentage of patients who have that feature. The frequency may also be listed as a fraction. The first number of the fraction is how many people had the symptom, and the second number is the total number of people who were examined in one study. For example, a frequency of 25/25 means that in a study of 25 people all patients were found to have that symptom. Because these frequencies are based on a specific study, the fractions may be different if another group of patients are examined. Sometimes, no information on frequency is available. In these cases, the sign or symptom may be rare or common.",Diabetes insipidus nephrogenic mental retardation and intracerebral calcification
What are the symptoms of Conotruncal heart malformations ?,"What are the signs and symptoms of Conotruncal heart malformations? The Human Phenotype Ontology provides the following list of signs and symptoms for Conotruncal heart malformations. If the information is available, the table below includes how often the symptom is seen in people with this condition. You can use the MedlinePlus Medical Dictionary to look up the definitions for these medical terms. Signs and Symptoms Approximate number of patients (when available) Tetralogy of Fallot 90% Transposition of the great arteries 90% Abnormality of the aorta 50% Abnormality of the pulmonary artery 50% Patent ductus arteriosus 50% Hypertelorism 5% Abnormality of metabolism/homeostasis - Autosomal recessive inheritance - Broad hallux - Coarctation of aorta - Complete atrioventricular canal defect - Double outlet right ventricle - Postaxial polydactyly - Truncus arteriosus - The Human Phenotype Ontology (HPO) has collected information on how often a sign or symptom occurs in a condition. Much of this information comes from Orphanet, a European rare disease database. The frequency of a sign or symptom is usually listed as a rough estimate of the percentage of patients who have that feature. The frequency may also be listed as a fraction. The first number of the fraction is how many people had the symptom, and the second number is the total number of people who were examined in one study. For example, a frequency of 25/25 means that in a study of 25 people all patients were found to have that symptom. Because these frequencies are based on a specific study, the fractions may be different if another group of patients are examined. Sometimes, no information on frequency is available. In these cases, the sign or symptom may be rare or common.",Conotruncal heart malformations
"What are the symptoms of Renal tubulopathy, diabetes mellitus, and cerebellar ataxia due to duplication of mitochondrial DNA ?","What are the signs and symptoms of Renal tubulopathy, diabetes mellitus, and cerebellar ataxia due to duplication of mitochondrial DNA? The Human Phenotype Ontology provides the following list of signs and symptoms for Renal tubulopathy, diabetes mellitus, and cerebellar ataxia due to duplication of mitochondrial DNA. If the information is available, the table below includes how often the symptom is seen in people with this condition. You can use the MedlinePlus Medical Dictionary to look up the definitions for these medical terms. Signs and Symptoms Approximate number of patients (when available) Abnormality of the renal tubule 90% Constipation 90% Irregular hyperpigmentation 90% Short stature 90% Cerebral cortical atrophy 50% Hearing impairment 50% Incoordination 50% Muscular hypotonia 50% Ptosis 50% Reduced bone mineral density 50% Type I diabetes mellitus 50% Abnormal electroretinogram 7.5% Visual impairment 7.5% Ataxia - Blindness - Blotching pigmentation of the skin - Dehydration - Developmental regression - Diarrhea - Failure to thrive - Hepatomegaly - Mitochondrial inheritance - Mottled pigmentation of photoexposed areas - Myoclonus - Ophthalmoparesis - Osteoporosis - Pigmentary retinal deposits - Polyuria - Proximal tubulopathy - Rickets - Undetectable electroretinogram - Vomiting - The Human Phenotype Ontology (HPO) has collected information on how often a sign or symptom occurs in a condition. Much of this information comes from Orphanet, a European rare disease database. The frequency of a sign or symptom is usually listed as a rough estimate of the percentage of patients who have that feature. The frequency may also be listed as a fraction. The first number of the fraction is how many people had the symptom, and the second number is the total number of people who were examined in one study. For example, a frequency of 25/25 means that in a study of 25 people all patients were found to have that symptom. Because these frequencies are based on a specific study, the fractions may be different if another group of patients are examined. Sometimes, no information on frequency is available. In these cases, the sign or symptom may be rare or common.","Renal tubulopathy, diabetes mellitus, and cerebellar ataxia due to duplication of mitochondrial DNA"
What are the symptoms of Hirschsprung disease polydactyly heart disease ?,"What are the signs and symptoms of Hirschsprung disease polydactyly heart disease? The Human Phenotype Ontology provides the following list of signs and symptoms for Hirschsprung disease polydactyly heart disease. If the information is available, the table below includes how often the symptom is seen in people with this condition. You can use the MedlinePlus Medical Dictionary to look up the definitions for these medical terms. Signs and Symptoms Approximate number of patients (when available) Aganglionic megacolon - Autosomal recessive inheritance - Polysyndactyly of hallux - Preaxial foot polydactyly - Ventricular septal defect - The Human Phenotype Ontology (HPO) has collected information on how often a sign or symptom occurs in a condition. Much of this information comes from Orphanet, a European rare disease database. The frequency of a sign or symptom is usually listed as a rough estimate of the percentage of patients who have that feature. The frequency may also be listed as a fraction. The first number of the fraction is how many people had the symptom, and the second number is the total number of people who were examined in one study. For example, a frequency of 25/25 means that in a study of 25 people all patients were found to have that symptom. Because these frequencies are based on a specific study, the fractions may be different if another group of patients are examined. Sometimes, no information on frequency is available. In these cases, the sign or symptom may be rare or common.",Hirschsprung disease polydactyly heart disease
What is (are) Diabetic mastopathy ?,"Diabetic mastopathy are noncancerous lesions in the breast most commonly diagnosed in premenopausal women with type 1 diabetes. The cause of this condition is unknown. Symptoms may include hard, irregular, easily movable, discrete, painless breast mass(es).",Diabetic mastopathy
What are the symptoms of Diabetic mastopathy ?,"What are the symptoms of diabetic mastopathy? Common symptoms of diabetic mastopathy include hard, irregular, easily movable, discrete, painless breast mass(es). This condition can involve one or both breasts and can affect males and females. The breast lesions may not be palpable in some patients. Patients with diabetic mastopathy who have had insulin-requiring diabetes for a long time (>15 years) commonly have other diabetes complications as well (e.g., thyroid, eye, and joint involvement).",Diabetic mastopathy
What causes Diabetic mastopathy ?,"What causes diabetic mastopathy? The cause of diabetic mastopathy is unknown. Theories include an autoimmune reaction, genetic factors such as human leukocyte antigen (HLA) type, association with insulin therapy, and association with hyperglycemia.",Diabetic mastopathy
How to diagnose Diabetic mastopathy ?,"How is diabetic mastopathy diagnosed? The diagnosis of diabetic mastopathy should be considered in patients with long-standing insulin-dependent diabetes and a firm, mobile breast mass. Initial imaging may include mammography and ultrasound. While these methods can help to further differentiate the mass, they cannot provide a specific diagnosis of diabetic mastopathy with confident exclusion of malignancy. Magnetic resonance imaging (MRI) is unlikely to add additional information. Current practice dictates that a core biopsy (utilizing a needle to remove a small cylinder of tissue) be performed for a definitive diagnosis. Biopsy results demonstrate lymphocytic lobulitis and ductitis, glandular atrophy (wasting), perivascular inflammation (vasculitis), dense keloid fibrosis (scarring), and epithelioid fibroblasts.",Diabetic mastopathy
What are the treatments for Diabetic mastopathy ?,How is diabetic mastopathy treated? Diabetic mastopathy is a benign condition and should be managed as such. Patients should be advised about the condition and how to self examine the breasts. They should be advised that iif there are any changes in size and number of breast lumps that they should consult their breast team or general practitioner. Patients should be routinely followed up with MRI or ultrasound and core biopsy if the lesions become clinically or radiologically suspicious. Lesions can be excised for cosmetic reasons or if malignancy cannot be excluded. No followup is recommended when malignancy has been ruled out.,Diabetic mastopathy
What is (are) Nephrogenic diabetes insipidus ?,"Nephrogenic diabetes insipidus is a disorder in which a defect in the small tubes (tubules) in the kidneys causes a person to pass a large amount of urine. Nephrogenic diabetes insipidus occurs when the kidney tubules, which allow water to be removed from the body or reabsorbed, do not respond to a chemical in the body called antidiuretic hormone (ADH) or vasopressin. ADH normally tells the kidneys to make the urine more concentrated. As a result of the defect, the kidneys release an excessive amount of water into the urine, producing a large quantity of very dilute urine. Nephrogenic diabetes insipidus can be either acquired or hereditary. The acquired form is brought on by certain drugs and chronic diseases and can occur at any time during life. The hereditary form is caused by genetic mutations, and its signs and symptoms usually become apparent within the first few months of life.",Nephrogenic diabetes insipidus
What are the symptoms of Nephrogenic diabetes insipidus ?,"What are the signs and symptoms of Nephrogenic diabetes insipidus? The Human Phenotype Ontology provides the following list of signs and symptoms for Nephrogenic diabetes insipidus. If the information is available, the table below includes how often the symptom is seen in people with this condition. You can use the MedlinePlus Medical Dictionary to look up the definitions for these medical terms. Signs and Symptoms Approximate number of patients (when available) Constipation - Diabetes insipidus - Failure to thrive - Feeding difficulties in infancy - Hypernatremia - Hypertonic dehydration - Intellectual disability - Irritability - Megacystis - Neonatal onset - Polydipsia - Polyuria - Seizures - Short stature - Unexplained fevers - Vomiting - X-linked recessive inheritance - The Human Phenotype Ontology (HPO) has collected information on how often a sign or symptom occurs in a condition. Much of this information comes from Orphanet, a European rare disease database. The frequency of a sign or symptom is usually listed as a rough estimate of the percentage of patients who have that feature. The frequency may also be listed as a fraction. The first number of the fraction is how many people had the symptom, and the second number is the total number of people who were examined in one study. For example, a frequency of 25/25 means that in a study of 25 people all patients were found to have that symptom. Because these frequencies are based on a specific study, the fractions may be different if another group of patients are examined. Sometimes, no information on frequency is available. In these cases, the sign or symptom may be rare or common.",Nephrogenic diabetes insipidus
What causes Nephrogenic diabetes insipidus ?,"What causes nephrogenic diabetes insipidus? Nephrogenic diabetes insipidus can be either acquired or hereditary. The acquired form can result from chronic kidney disease, certain medications (such as lithium), low levels of potassium in the blood (hypokalemia), high levels of calcium in the blood (hypercalcemia), or an obstruction of the urinary tract. Acquired nephrogenic diabetes insipidus can occur at any time during life. The hereditary form of nephrogenic diabetes insipidus is caused by genetic mutations, and its signs and symptoms usually become apparent within the first few months of life.",Nephrogenic diabetes insipidus
Is Nephrogenic diabetes insipidus inherited ?,"How is nephrogenic diabetes insipidus inherited? When nephrogenic diabetes insipidus results from mutations in the AVPR2 gene, the condition has an X-linked recessive pattern of inheritance. The AVPR2 gene is located on the X chromosome, which is one of the two sex chromosomes. In males (who have only one X chromosome), one altered copy of the gene in each cell is sufficient to cause the condition. In females (who have two X chromosomes), a mutation usually has to occur in both copies of the gene to cause the disorder. However, some females who carry a single mutated copy of the AVPR2 gene have features of nephrogenic diabetes insipidus, including polyuria and polydipsia. A characteristic of X-linked inheritance is that fathers cannot pass X-linked traits to their sons.",Nephrogenic diabetes insipidus
How to diagnose Nephrogenic diabetes insipidus ?,Is genetic testing available for nephrogenic diabetes insipidus? Yes. GeneTests lists laboratories offering clinical genetic testing for both X-linked and autosomal types of nephrogenic diabetes insipidus. Clinical genetic tests are ordered to help diagnose a person or family and to aid in decisions regarding medical care or reproductive issues. Talk to your health care provider or a genetic professional to learn more about your testing options.,Nephrogenic diabetes insipidus
What are the treatments for Nephrogenic diabetes insipidus ?,"How might nephrogenic diabetes insipidus be treated? Management is usually best accomplished by a team of physicians and other healthcare professionals. The team may include a nutritionist, a pediatric (or adult) nephrologist or endocrinologist, and a clinical geneticist. The basis of management involves free access to drinking water and toilet facilities. Polyuria and polydipsia can be reduced up to 50% without disrupting appropriate levels of sodium in the blood through the use of thiazide diuretics hydrochlorothiazide, chlorothiazide) and/or other diuretics (i.e., potassium-sparing diuretic amiloride), dietary restriction of sodium, and nonsteroidal anti-inflammatory drugs (NSAIDs) such as indomethacin, which can potentially improve the ability of the body to concentrate urine and reduce urine output.",Nephrogenic diabetes insipidus
What is (are) Holes in the Heart ?,"Holes in the heart are simple congenital (kon-JEN-ih-tal) heart defects. Congenital heart defects are problems with the heart's structure that are present at birth. These defects change the normal flow of blood through the heart.

The heart has two sides, separated by an inner wall called the septum. With each heartbeat, the right side of the heart receives oxygen-poor blood from the body and pumps it to the lungs. The left side of the heart receives oxygen-rich blood from the lungs and pumps it to the body.

The septum prevents mixing of blood between the two sides of the heart. However, some babies are born with holes in the upper or lower septum.

A hole in the septum between the heart's two upper chambers is called an atrial septal defect (ASD). A hole in the septum between the heart's two lower chambers is called a ventricular septal defect (VSD).

ASDs and VSDs allow blood to pass from the left side of the heart to the right side. Thus, oxygen-rich blood mixes with oxygen-poor blood. As a result, some oxygen-rich blood is pumped to the lungs instead of the body.

Over the past few decades, the diagnosis and treatment of ASDs and VSDs have greatly improved. Children who have simple congenital heart defects can survive to adulthood. They can live normal, active lives because their heart defects close on their own or have been repaired.",Holes in the Heart
What causes Holes in the Heart ?,"Mothers of children who are born with atrial septal defects (ASDs), ventricular septal defects (VSDs), or other heart defects may think they did something wrong during their pregnancies. However, most of the time, doctors don't know why congenital heart defects occur.

Heredity may play a role in some heart defects. For example, a parent who has a congenital heart defect is slightly more likely than other people to have a child who has the problem. Very rarely, more than one child in a family is born with a heart defect.

Children who have genetic disorders, such as Down syndrome, often have congenital heart defects. Half of all babies who have Down syndrome have congenital heart defects.

Smoking during pregnancy also has been linked to several congenital heart defects, including septal defects.

Scientists continue to search for the causes of congenital heart defects.",Holes in the Heart
What are the symptoms of Holes in the Heart ?,"Atrial Septal Defect

Many babies who are born with atrial septal defects (ASDs) have no signs or symptoms. However, as they grow, these children may be small for their age. 

When signs and symptoms do occur, a heart murmur is the most common. A heart murmur is an extra or unusual sound heard during a heartbeat.

Often, a heart murmur is the only sign of an ASD. However, not all murmurs are signs of congenital heart defects. Many healthy children have heart murmurs. Doctors can listen to heart murmurs and tell whether they're harmless or signs of heart problems.

If a large ASD isn't repaired, the extra blood flow to the right side of the heart can damage the heart and lungs and cause heart failure. This generally doesn't occur until adulthood. Signs and symptoms of heart failure include:

Fatigue (tiredness)

Tiring easily during physical activity

Shortness of breath

A buildup of blood and fluid in the lungs

Swelling in the ankles, feet, legs, abdomen, and veins in the neck

Ventricular Septal Defect

Babies born with ventricular septal defects (VSDs) usually have heart murmurs. Murmurs may be the first and only sign of a VSD. Heart murmurs often are present right after birth in many infants. However, the murmurs may not be heard until the babies are 6 to 8 weeks old.

Most newborns who have VSDs don't have heart-related symptoms. However, babies who have medium or large VSDs can develop heart failure. Signs and symptoms of heart failure usually occur during the baby's first 2 months of life.

The signs and symptoms of heart failure due to VSD are similar to those listed above for ASD, but they occur in infancy.

A major sign of heart failure in infancy is poor feeding and growth. VSD signs and symptoms are rare after infancy. This is because the defects either decrease in size on their own or they're repaired.",Holes in the Heart
How to diagnose Holes in the Heart ?,"Doctors usually diagnose holes in the heart based on a physical exam and the results from tests and procedures. The exam findings for an atrial septal defect (ASD) often aren't obvious. Thus, the diagnosis sometimes isn't made until later in childhood or even in adulthood.

Ventricular septal defects (VSDs) cause a very distinct heart murmur. Because of this, a diagnosis usually is made in infancy.

Specialists Involved

Doctors who specialize in diagnosing and treating heart problems are called cardiologists. Pediatric cardiologists take care of babies and children who have heart problems. Cardiac surgeons repair heart defects using surgery.

Physical Exam

During a physical exam, your child's doctor will listen to your child's heart and lungs with a stethoscope. The doctor also will look for signs of a heart defect, such as a heart murmur or signs of heart failure.

Diagnostic Tests and Procedures

Your child's doctor may recommend several tests to diagnose an ASD or VSD. These tests also will help the doctor figure out the location and size of the defect.

Echocardiography

Echocardiography (echo) is a painless test that uses sound waves to create a moving picture of the heart. The sound waves (called ultrasound) bounce off the structures of the heart. A computer converts the sound waves into pictures on a screen.

Echo allows the doctor to clearly see any problem with the way the heart is formed or the way it's working.

Echo is an important test for both diagnosing a hole in the heart and following the problem over time. Echo can show problems with the heart's structure and how the heart is reacting to the problems. This test will help your child's cardiologist decide whether and when treatment is needed.

EKG (Electrocardiogram)

An EKG is a simple, painless test that records the heart's electrical activity. The test shows how fast the heart is beating and its rhythm (steady or irregular). It also records the strength and timing of electrical signals as they pass through the heart.

An EKG can detect whether one of the heart's chambers is enlarged, which can help diagnose a heart problem.

Chest X Ray

A chest x ray is a painless test that creates pictures of the structures in the chest, such as the heart, lungs, and blood vessels.

This test can show whether the heart is enlarged. A chest x ray also can show whether the lungs have extra blood flow or extra fluid, a sign of heart failure.

Pulse Oximetry

Pulse oximetry shows the level of oxygen in the blood. A small sensor is attached to a finger or ear. The sensor uses light to estimate how much oxygen is in the blood.

Cardiac Catheterization

During cardiac catheterization (KATH-e-ter-i-ZA-shun), a thin, flexible tube called a catheter is put into a vein in the arm, groin (upper thigh), or neck. The tube is threaded to the heart.

Special dye is injected through the catheter into a blood vessel or one of the heart's chambers. The dye allows the doctor to see the flow of blood through the heart and blood vessels on an x-ray image.

The doctor also can use cardiac catheterization to measure the pressure inside the heart chambers and blood vessels. This can help the doctor figure out whether blood is mixing between the two sides of the heart.

Doctors also use cardiac catheterization to repair some heart defects. For more information, go to ""How Are Holes in the Heart Treated?""",Holes in the Heart
What are the treatments for Holes in the Heart ?,"Many holes in the heart don't need treatment, but some do. Those that do often are repaired during infancy or early childhood. Sometimes adults are treated for holes in the heart if problems develop.

The treatment your child receives depends on the type, location, and size of the hole. Other factors include your child's age, size, and general health.

Treating an Atrial Septal Defect

If a child has an atrial septal defect (ASD), routine checkups are done to see whether it closes on its own. About half of all ASDs close on their own over time, and about 20 percent close within the first year of life.

Your child's doctor will let you know how often your child should have checkups. For an ASD, frequent checkups aren't needed.

If an ASD requires treatment, catheter or surgical procedures are used to close the hole. Doctors often decide to close ASDs in children who still have medium- or large-sized holes by the time they're 2 to 5 years old.

Catheter Procedure

Until the early 1990s, surgery was the usual method for closing all ASDs. Now, thanks to medical advances, doctors can use catheter procedures to close secundum ASDs. These are the most common type of ASD.

Before a catheter procedure, your child is given medicine so he or she will sleep and not feel any pain. Then, the doctor inserts a catheter (a thin, flexible tube) into a vein in the groin (upper thigh). He or she threads the tube to the heart's septum. A device made up of two small disks or an umbrella-like device is attached to the catheter.

When the catheter reaches the septum, the device is pushed out of the catheter. The device is placed so that it plugs the hole between the atria. It's secured in place and the catheter is withdrawn from the body.

Within 6 months, normal tissue grows in and over the device. The closure device does not need to be replaced as the child grows.

Doctors often use echocardiography (echo), transesophageal (tranz-ih-sof-uh-JEE-ul) echo (TEE), and coronary angiography (an-jee-OG-rah-fee) to guide them in threading the catheter to the heart and closing the defect. TEE is a special type of echo that takes pictures of the heart through the esophagus. The esophagus is the passage leading from the mouth to the stomach.

Catheter procedures are much easier on patients than surgery. They involve only a needle puncture in the skin where the catheter is inserted. This means that recovery is faster and easier.

The outlook for children having this procedure is excellent. Closures are successful in more than 9 out of 10 patients, with no major leakage. Rarely, a defect is too large for catheter closure and surgery is needed.

Surgery

Open-heart surgery generally is done to repair primum or sinus venosus ASDs. Before the surgery, your child is given medicine so he or she will sleep and not feel any pain.

Then, the cardiac surgeon makes an incision (cut) in the chest to reach the ASD. He or she repairs the defect with a special patch that covers the hole. A heart-lung bypass machine is used during the surgery so the surgeon can open the heart. The machine takes over the heart's pumping action and moves blood away from the heart.

The outlook for children who have ASD surgery is excellent. On average, children spend 3 to 4 days in the hospital before going home. Complications, such as bleeding and infection, are very rare.

In some children, the outer lining of the heart may become inflamed. This condition is called pericarditis (PER-i-kar-DI-tis). The inflammation causes fluid to collect around the heart in the weeks after surgery. Medicine usually can treat this condition.

While in the hospital, your child will be given medicine as needed to reduce pain or anxiety. The doctors and nurses at the hospital will teach you how to care for your child at home.

They will talk about preventing blows to the chest as the incision heals, limiting activity while your child recovers, bathing, scheduling ongoing care, and deciding when your child can go back to his or her regular activities.

Treating a Ventricular Septal Defect

Doctors may choose to monitor children who have ventricular septal defects (VSDs) but no symptoms of heart failure. This means regular checkups and tests to see whether the defect closes on its own or gets smaller.

More than half of VSDs eventually close, usually by the time children are in preschool. Your child's doctor will let you know how often your child needs checkups. Checkups may range from once a month to once every 1 or 2 years.

If treatment for a VSD is required, options include extra nutrition and surgery to close the VSD. Doctors also can use catheter procedures to close some VSDs. They may use this approach if surgery isn't possible or doesn't work. More research is needed to find out the risks and benefits of using catheter procedures to treat VSDs.

Extra Nutrition

Some infants who have VSDs don't grow and develop or gain weight as they should. These infants usually:

Have large VSDs

Are born too early

Tire easily during feeding

Doctors usually recommend extra nutrition or special feedings for these infants. These feedings are high-calorie formulas or breast milk supplements that give babies extra nourishment.

Some infants need tube feeding. A small tube is inserted into the mouth and moved down into the stomach. Food is given through the tube.

Tube feeding can add to or take the place of bottle feeding. This treatment often is short-term because a VSD that causes symptoms will likely require surgery.

Surgery

Most doctors recommend surgery to close large VSDs that are causing symptoms, affecting the aortic valve, or haven't closed by the time children are 1 year old. Surgery may be needed earlier if:

A child doesn't gain weight

Medicines are needed to control the symptoms of heart failure

Rarely, medium-sized VSDs that are causing enlarged heart chambers are treated with surgery after infancy. However, most VSDs that require surgery are repaired in the first year of life. Doctors use open-heart surgery and patches to close VSDs.",Holes in the Heart
What is (are) Coronary Heart Disease Risk Factors ?,"Coronary heart disease risk factors are conditions or habits that raise your risk of coronary heart disease (CHD) and heart attack. These risk factors also increase the chance that existing CHD will worsen.

CHD, also called coronary artery disease, is a condition in which a waxy substance called plaque (plak) builds up on the inner walls of the coronary arteries. These arteries supply oxygen-rich blood to your heart muscle.

Plaque narrows the arteries and reduces blood flow to your heart muscle. Reduced blood flow can cause chest pain, especially when you're active. Eventually, an area of plaque can rupture (break open). This causes a blood clot to form on the surface of the plaque.

If the clot becomes large enough, it can block the flow of oxygen-rich blood to the portion of heart muscle fed by the artery. Blocked blood flow to the heart muscle causes a heart attack.

Overview

There are many known CHD risk factors. You can control some risk factors, but not others. Risk factors you can control include:

High blood cholesterol and triglyceride levels (a type of fat found in the blood)

High blood pressure

Diabetes and prediabetes

Overweight and obesity

Smoking

Lack of physical activity

Unhealthy diet

Stress

The risk factors you can't control are age, gender, and family history of CHD.

Many people have at least one CHD risk factor. Your risk of CHD and heart attack increases with the number of risk factors you have and their severity. Also, some risk factors put you at greater risk of CHD and heart attack than others. Examples of these risk factors include smoking and diabetes.

Many risk factors for coronary heart disease start during childhood. This is even more common now because many children are overweight and dont get enough physical activity.

Researchers continue to study and learn more about CHD risk factors.

Outlook

Following a healthy lifestyle can help you and your children prevent or control many CHD risk factors.

Because many lifestyle habits begin during childhood, parents and families should encourage their children to make heart healthy choices. For example, you and your children can lower your risk of CHD if you maintain a healthy weight, follow a healthy diet, do physical activity regularly, and don't smoke.

If you already have CHD, lifestyle changes can help you control your risk factors. This may prevent CHD from worsening. Even if you're in your seventies or eighties, a healthy lifestyle can lower your risk of dying from CHD.

If lifestyle changes aren't enough, your doctor may recommend other treatments to help control your risk factors.

Your doctor can help you find out whether you have CHD risk factors. He or she also can help you create a plan for lowering your risk of CHD, heart attack, and other heart problems.

If you have children, talk with their doctors about their heart health and whether they have CHD risk factors. If they do, ask your doctor to help create a treatment plan to reduce or control these risk factors.",Coronary Heart Disease Risk Factors
Who is at risk for Coronary Heart Disease Risk Factors? ?,"High Blood Cholesterol and Triglyceride Levels

Cholesterol

High blood cholesterol is a condition in which your blood has too much cholesterola waxy, fat-like substance. The higher your blood cholesterol level, the greater your risk of coronary heart disease (CHD) and heart attack.

Cholesterol travels through the bloodstream in small packages called lipoproteins. Two major kinds of lipoproteins carry cholesterol throughout your body:

Low-density lipoproteins (LDL). LDL cholesterol sometimes is called ""bad"" cholesterol. This is because it carries cholesterol to tissues, including your heart arteries. A high LDL cholesterol level raises your risk of CHD.

High-density lipoproteins (HDL). HDL cholesterol sometimes is called ""good"" cholesterol. This is because it helps remove cholesterol from your arteries. A low HDL cholesterol level raises your risk of CHD.

Many factors affect your cholesterol levels. For example, after menopause, women's LDL cholesterol levels tend to rise, and their HDL cholesterol levels tend to fall. Other factorssuch as age, gender, diet, and physical activityalso affect your cholesterol levels.

Healthy levels of both LDL and HDL cholesterol will prevent plaque from building up in your arteries. Routine blood tests can show whether your blood cholesterol levels are healthy. Talk with your doctor about having your cholesterol tested and what the results mean.

Children also can have unhealthy cholesterol levels, especially if they're overweight or their parents have high blood cholesterol. Talk with your child's doctor about testing your child' cholesterol levels.

To learn more about high blood cholesterol and how to manage the condition, go to the Health Topics High Blood Cholesterol article.

Triglycerides

Triglycerides are a type of fat found in the blood. Some studies suggest that a high level of triglycerides in the blood may raise the risk of CHD, especially in women.

High Blood Pressure

""Blood pressure"" is the force of blood pushing against the walls of your arteries as your heart pumps blood. If this pressure rises and stays high over time, it can damage your heart and lead to plaque buildup.All levels above 120/80 mmHg raise your risk of CHD. This risk grows as blood pressure levels rise. Only one of the two blood pressure numbers has to be above normal to put you at greater risk of CHD and heart attack.



Most adults should have their blood pressure checked at least once a year. If you have high blood pressure, you'll likely need to be checked more often. Talk with your doctor about how often you should have your blood pressure checked.

Children also can develop high blood pressure, especially if they're overweight. Your child's doctor should check your child's blood pressure at each routine checkup.

Both children and adults are more likely to develop high blood pressure if they're overweight or have diabetes.

For more information about high blood pressure and how to manage the condition, go to the Health Topics High Blood Pressure article.

Diabetes and Prediabetes

Diabetes is a disease in which the body's blood sugar level is too high. The two types of diabetes are type 1 and type 2.

In type 1 diabetes, the body's blood sugar level is high because the body doesn't make enough insulin. Insulin is a hormone that helps move blood sugar into cells, where it's used for energy. In type 2 diabetes, the body's blood sugar level is high mainly because the body doesn't use its insulin properly.

Over time, a high blood sugar level can lead to increased plaque buildup in your arteries. Having diabetes doubles your risk of CHD.

Prediabetes is a condition in which your blood sugar level is higher than normal, but not as high as it is in diabetes. If you have prediabetes and don't take steps to manage it, you'll likely develop type 2 diabetes within 10 years. You're also at higher risk of CHD.

Being overweight or obese raises your risk of type 2 diabetes. With modest weight loss and moderate physical activity, people who have prediabetes may be able to delay or prevent type 2 diabetes. They also may be able to lower their risk of CHD and heart attack. Weight loss and physical activity also can help control diabetes.

Even children can develop type 2 diabetes. Most children who have type 2 diabetes are overweight.

Type 2 diabetes develops over time and sometimes has no symptoms. Go to your doctor or local clinic to have your blood sugar levels tested regularly to check for diabetes and prediabetes.

For more information about diabetes and heart disease, go to the Health Topics Diabetic Heart Disease article. For more information about diabetes and prediabetes, go to the National Institute of Diabetes and Digestive and Kidney Diseases' (NIDDK's) Introduction to Diabetes.

Overweight and Obesity

The terms ""overweight"" and ""obesity"" refer to body weight that's greater than what is considered healthy for a certain height. More than two-thirds of American adults are overweight, and almost one-third of these adults are obese.

The most useful measure of overweight and obesity is body mass index (BMI).You can use the National Heart, Lung, and Blood Institute's (NHLBI's) online BMI calculator to figure out your BMI, or your doctor can help you.

Overweight is defined differently for children and teens than it is for adults. Children are still growing, and boys and girls mature at different rates. Thus, BMIs for children and teens compare their heights and weights against growth charts that take age and gender into account. This is called BMI-for-age percentile.

Being overweight or obese can raise your risk of CHD and heart attack. This is mainly because overweight and obesity are linked to other CHD risk factors, such as high blood cholesterol and triglyceride levels, high blood pressure, and diabetes.

For more information, go to the Health Topics Overweight and Obesity article.

Smoking

Smoking tobacco or long-term exposure to secondhand smoke raises your risk of CHD and heart attack.

Smoking triggers a buildup of plaque in your arteries. Smoking also increases the risk of blood clots forming in your arteries. Blood clots can block plaque-narrowed arteries and cause a heart attack.Some research shows that smoking raises your risk of CHD in part by lowering HDL cholesterol levels.

The more you smoke, the greater your risk of heart attack. The benefits of quitting smoking occur no matter how long or how much you've smoked. Heart disease risk associated with smoking begins to decrease soon after you quit, and for many people it continues to decrease over time.

Most people who smoke start when they're teens. Parents can help prevent their children from smoking by not smoking themselves. Talk with your child about the health dangers of smoking and ways to overcome peer pressure to smoke.

For more information, including tips on how to quit smoking, go to the Health Topics Smoking and Your Heart article and the NHLBI's ""Your Guide to a Healthy Heart.""

For more information about children and smoking, go to the U.S. Department of Health and Human Services' (HHS') Kids and Smoking Web page and the CDC's Smoking and Tobacco Use Web page.

Lack of Physical Activity

Inactive people are nearly twice as likely to develop CHD as those who are active. A lack of physical activity can worsen other CHD risk factors, such as high blood cholesterol and triglyceride levels, high blood pressure, diabetes and prediabetes, and overweight and obesity.

It's important for children and adults to make physical activity part of their daily routines. One reason many Americans aren't active enough is because of hours spent in front of TVs and computers doing work, schoolwork, and leisure activities.

Some experts advise that children and teens should reduce screen time because it limits time for physical activity. They recommend that children aged 2 and older should spend no more than 2 hours a day watching TV or using a computer (except for school work).

Being physically active is one of the most important things you can do to keep your heart healthy. The good news is that even modest amounts of physical activity are good for your health. The more active you are, the more you will benefit.

For more information, go to HHS' ""2008 Physical Activity Guidelines for Americans,"" the Health Topics Physical Activity and Your Heart article, and the NHLBI's ""Your Guide to Physical Activity and Your Heart.""

Unhealthy Diet

An unhealthy diet can raise your risk of CHD. For example, foods that are high in saturated and trans fats and cholesterol raise LDL cholesterol. Thus, you should try to limit these foods.

It's also important to limit foods that are high in sodium (salt) and added sugars. A high-salt diet can raise your risk of high blood pressure.

Added sugars will give you extra calories without nutrients like vitamins and minerals. This can cause you to gain weight, which raises your risk of CHD. Added sugars are found in many desserts, canned fruits packed in syrup, fruit drinks, and nondiet sodas.

Stress

Stress and anxiety may play a role in causing CHD. Stress and anxiety also can trigger your arteries to tighten. This can raise your blood pressure and your risk of heart attack.

The most commonly reported trigger for a heart attack is an emotionally upsetting event, especially one involving anger. Stress also may indirectly raise your risk of CHD if it makes you more likely to smoke or overeat foods high in fat and sugar.

Age

In men, the risk for coronary heart disease (CHD) increases starting around age 45. In women, the risk for CHD increases starting around age 55. Most people have some plaque buildup in their heart arteries by the time theyre in their 70s. However, only about 25 percent of those people have chest pain, heart attacks, or other signs of CHD.

Gender

Some risk factors may affect CHD risk differently in women than in men. For example, estrogen provides women some protection against CHD, whereas diabetes raises the risk of CHD more in women than in men.

Also, some risk factors for heart disease only affect women, such as preeclampsia, a condition that can develop during pregnancy. Preeclampsia is linked to an increased lifetime risk of heart disease, including CHD, heart attack, heart failure, and high blood pressure. (Likewise, having heart disease risk factors, such as diabetes or obesity, increases a womans risk of preeclampsia.)

Family History

A family history of early CHD is a risk factor for developing CHD, specifically if a father or brother is diagnosed before age 55, or a mother or sister is diagnosed before age 65.",Coronary Heart Disease Risk Factors
How to prevent Coronary Heart Disease Risk Factors ?,"You can prevent and control many coronary heart disease (CHD) risk factors with heart-healthy lifestyle changes and medicines. Examples of risk factors you can control include high blood cholesterol, high blood pressure, and overweight and obesity. Only a few risk factorssuch as age, gender, and family historycant be controlled.

To reduce your risk of CHD and heart attack, try to control each risk factor you can. The good news is that many lifestyle changes help control several CHD risk factors at the same time. For example, physical activity may lower your blood pressure, help control diabetes and prediabetes, reduce stress, and help control your weight.

Heart-Healthy Lifestyle Changes

A heart-healthy lifestyle can lower the risk of CHD. If you already have CHD, a heart-healthy lifestyle may prevent it from getting worse. Heart-healthy lifestyle changes include:

Heart-healthy eating

Maintaining a healthy weight

Managing stress

Physical activity

Quitting smoking

Many lifestyle habits begin during childhood. Thus, parents and families should encourage their children to make heart-healthy choices, such as following a healthy diet and being physically active. Make following a healthy lifestyle a family goal. Making lifestyle changes can be hard. But if you make these changes as a family, it may be easier for everyone to prevent or control their CHD risk factors.

For tips on how to help your children adopt healthy habits, visit We Can! Ways to Enhance Childrens Activity & Nutrition.

Heart-Healthy Eating

Your doctor may recommend heart-healthy eating, which should include:

Fat-free or low-fat dairy products, such as skim milk

Fish high in omega-3 fatty acids, such as salmon, tuna, and trout, about twice a week

Fruits, such as apples, bananas, oranges, pears, and prunes

Legumes, such as kidney beans, lentils, chickpeas, black-eyed peas, and lima beans

Vegetables, such as broccoli, cabbage, and carrots

Whole grains, such as oatmeal, brown rice, and corn tortillas

When following a heart-healthy diet, you should avoid eating:

A lot of red meat

Palm and coconut oils

Sugary foods and beverages

Two nutrients in your diet make blood cholesterol levels rise:

Saturated fatfound mostly in foods that come from animals

Trans fat (trans fatty acids)found in foods made with hydrogenated oils and fats, such as stick margarine; baked goods, such as cookies, cakes, and pies; crackers; frostings; and coffee creamers. Some trans fats also occur naturally in animal fats andmeats.

Saturated fat raises your blood cholesterol more than anything else in your diet. When you follow a heart-healthy eating plan, only 5 percent to 6 percent of your daily calories should come from saturated fat. Food labels list the amounts of saturated fat. To help you stay on track, here are some examples:

1,200 calories a day

8 grams of saturated fat a day

1,500 calories a day

10 grams of saturated fat a day

1,800 calories a day

12 grams of saturated fat a day

2,000 calories a day

13 grams of saturated fat a day

2,500 calories a day

17 grams of saturated fat a day

Not all fats are bad. Monounsaturated and polyunsaturated fats actually help lower blood cholesterol levels.

Some sources of monounsaturated and polyunsaturated fats are:

Avocados

Corn, sunflower, and soybean oils

Nuts and seeds, such as walnuts

Olive, canola, peanut, safflower, and sesame oils

Peanut butter

Salmon and trout

Tofu

Sodium

You should try to limit the amount of sodium that you eat. This means choosing and preparing foods that are lower in salt and sodium. Try to use low-sodium and no added salt foods and seasonings at the table or while cooking. Food labels tell you what you need to know about choosing foods that are lower in sodium. Try to eat no more than 2,300 milligrams of sodium a day. If you have high blood pressure, you may need to restrict your sodium intake even more.

Dietary Approaches to Stop Hypertension

Your doctor may recommend the Dietary Approaches to Stop Hypertension (DASH) eating plan if you have high blood pressure. The DASH eating plan focuses on fruits, vegetables, whole grains, and other foods that are heart healthy and low in fat, cholesterol, and sodium and salt.

The DASH eating plan is a good heart-healthy eating plan, even for those who dont have high blood pressure. Read more about DASH.

Alcohol

Try to limit alcohol intake. Too much alcohol canraise your blood pressure and triglyceride levels, a type of fat found in the blood. Alcohol also adds extra calories, which may cause weight gain.

Men should have no more than two drinks containing alcohol a day. Women should have no more than one drink containing alcohol a day. One drink is:

12 ounces of beer

5 ounces of wine

1 ounces of liquor

Maintaining a Healthy Weight

Maintaining a healthy weight is important for overall health and can lower your risk for coronary heart disease. Aim for a Healthy Weight by following a heart-healthy eating plan and keeping physically active.

Knowing your body mass index (BMI) helps you find out if youre a healthy weight in relation to your height and gives an estimate of your total body fat. To figure out your BMI, check out NHLBIs online BMI calculator or talk to your doctor. A BMI:

Below 18.5 is a sign that you are underweight.

Between 18.5 and 24.9 is in the normal range.

Between 25 and 29.9 is considered overweight.

Of 30 or more is considered obese.

A general goal to aim for is a BMI of less than 25. Your doctor or health care provider can help you set an appropriate BMI goal.

Measuring waist circumference helps screen for possible health risks. If most of your fat is around your waist rather than at your hips, youre at a higher risk for heart disease and type 2 diabetes. This risk may be high with a waist size that is greater than 35 inches for women or greater than 40 inches for men. To learn how to measure your waist, visit Assessing Your Weight and Health Risk.

If youre overweight or obese, try to lose weight. A loss of just 3 percent to 5 percent of your current weight can lower your triglycerides, blood glucose, and the risk of developing type 2 diabetes. Greater amounts of weight loss can improve blood pressure readings, lower LDL cholesterol, and increase HDL cholesterol.

Managing Stress

Research shows that the most commonly reported trigger for a heart attack is an emotionally upsetting eventparticularly one involving anger. Also, some of the ways people cope with stresssuch as drinking, smoking, or overeatingarent healthy.

Learning how to manage stress, relax, and cope with problems can improve your emotional and physical health. Consider healthy stress-reducing activities, such as:

A stress management program.

Meditation

Physical activity

Relaxation therapy

Talking things out with friends or family

Physical Activity

Routine physical activity can lower many CHD risk factors, including LDL (bad) cholesterol, high blood pressure, and excess weight. Physical activity also can lower your risk for diabetes and raise your HDL cholesterol level. HDL is the good cholesterol that helps prevent CHD.

Everyone should try to participate in moderate-intensity aerobic exercise at least 2hours and 30minutes per week, or vigorous aerobic exercise for 1 hour and 15 minutes per week. Aerobic exercise, such as brisk walking, is any exercise in which your heart beats faster and you use more oxygen than usual. The more active you are, the more you will benefit. Participate in aerobic exercise for at least 10 minutes at a time spread throughout the week.

Read more about physical activity at:

Physical Activity and Your Heart

U.S. Department of Health and Human Services 2008 Physical Activity Guidelines for Americans

Talk with your doctor before you start a new exercise plan. Ask your doctor how much and what kinds of physical activity are safe for you.

Quitting Smoking

If you smoke, quit. Smoking can raise your risk for coronary heart disease and heart attack and worsen other coronary heart disease risk factors. Talk with your doctor about programs and products that can help you quit smoking. Also, try to avoid secondhand smoke. If you have trouble quitting smoking on your own, consider joining a support group. Many hospitals, workplaces, and community groups offer classes to help people quit smoking.

Read more about quitting smoking at Smoking and Your Heart.

Medicines

Sometimes lifestyle changes arent enough to control your blood cholesterol levels. For example, you may need statin medications to control or lower your cholesterol. By lowering your cholesterol level, you can decrease your chance of having a heart attack or stroke. Doctors usually prescribe statins for people who have:

Coronary heart disease, peripheral artery disease, or had a prior stroke

Diabetes

High LDL cholesterol levels

Doctors may discuss beginning statin treatment with those who have an elevated risk for developing heart disease or having a stroke.

Your doctor also may prescribe other medications to:

Decrease your chance of having a heart attack or dying suddenly.

Lower your blood pressure.

Prevent blood clots, which can lead to heart attack or stroke.

Prevent or delay the need for a procedure or surgery, such as percutaneous coronary intervention or coronary artery bypass grafting. 

Reduce your hearts workload and relieve CHD.

Take all medicines regularly, as your doctor prescribes. Dont change the amount of your medicine or skip a dose unless your doctor tells you to.You should still follow a heart-healthy lifestyle, even if you take medicines to treat your CHD.",Coronary Heart Disease Risk Factors
What is (are) Congenital Heart Defects ?,"Congenital (kon-JEN-ih-tal) heart defects are problems with the heart's structure that are present at birth. These defects can involve:

The interior walls of the heart

The valves inside the heart

The arteries and veins that carry blood to the heart or the body

Congenital heart defects change the normal flow of blood through the heart.

There are many types of congenital heart defects. They range from simple defects with no symptoms to complex defects with severe, life-threatening symptoms.

Congenital heart defects are the most common type of birth defect. They affect 8 out of every 1,000 newborns. Each year, more than 35,000 babies in the United States are born with congenital heart defects.

Many of these defects are simple conditions. They need no treatment or are easily fixed. Some babies are born with complex congenital heart defects. These defects require special medical care soon after birth.

The diagnosis and treatment of complex heart defects has greatly improved over the past few decades. As a result, almost all children who have complex heart defects survive to adulthood and can live active, productive lives.

Most people who have complex heart defects continue to need special heart care throughout their lives. They may need to pay special attention to how their condition affects issues such as health insurance, employment, birth control and pregnancy, and other health issues.

In the United States, more than 1 million adults are living with congenital heart defects.",Congenital Heart Defects
What causes Congenital Heart Defects ?,"If your child has a congenital heart defect, you may think you did something wrong during your pregnancy to cause the problem. However, doctors often don't know why congenital heart defects occur.

Heredity may play a role in some heart defects. For example, a parent who has a congenital heart defect may be more likely than other people to have a child with the defect. Rarely, more than one child in a family is born with a heart defect.

Children who have genetic disorders, such as Down syndrome, often have congenital heart defects. In fact, half of all babies who have Down syndrome have congenital heart defects.

Smoking during pregnancy also has been linked to several congenital heart defects, including septal defects.

Researchers continue to search for the causes of congenital heart defects.",Congenital Heart Defects
What are the symptoms of Congenital Heart Defects ?,"Many congenital heart defects cause few or no signs and symptoms. A doctor may not even detect signs of a heart defect during a physical exam.

Some heart defects do cause signs and symptoms. They depend on the number, type, and severity of the defects. Severe defects can cause signs and symptoms, usually in newborns. These signs and symptoms may include:

Rapid breathing

Cyanosis (a bluish tint to the skin, lips, and fingernails)

Fatigue (tiredness)

Poor blood circulation

Congenital heart defects don't cause chest pain or other painful symptoms.

Heart defects can cause heart murmurs (extra or unusual sounds heard during a heartbeat). Doctors can hear heart murmurs using a stethoscope. However, not all murmurs are signs of congenital heart defects. Many healthy children have heart murmurs.

Normal growth and development depend on a normal workload for the heart and normal flow of oxygen-rich blood to all parts of the body. Babies who have congenital heart defects may have cyanosis and tire easily while feeding. As a result, they may not gain weight or grow as they should.

Older children who have congenital heart defects may get tired easily or short of breath during physical activity.

Many types of congenital heart defects cause the heart to work harder than it should. With severe defects, this can lead to heart failure. Heart failure is a condition in which the heart can't pump enough blood to meet the body's needs. Symptoms of heart failure include:

Shortness of breath or trouble breathing

Fatigue with physical activity

A buildup of blood and fluid in the lungs

Swelling in the ankles, feet, legs, abdomen, and veins in the neck",Congenital Heart Defects
How to diagnose Congenital Heart Defects ?,"Severe congenital heart defects generally are diagnosed during pregnancy or soon after birth. Less severe defects often aren't diagnosed until children are older.

Minor defects often have no signs or symptoms. Doctors may diagnose them based on results from a physical exam and tests done for another reason.

Specialists Involved

Pediatric cardiologists are doctors who specialize in the care of babies and children who have heart problems. Cardiac surgeons are specialists who repair heart defects using surgery.

Physical Exam

During a physical exam, the doctor will:

Listen to your child's heart and lungs with a stethoscope

Look for signs of a heart defect, such as cyanosis (a bluish tint to the skin, lips, or fingernails), shortness of breath, rapid breathing, delayed growth, or signs of heart failure

Diagnostic Tests

Echocardiography

Echocardiography (echo) is a painless test that uses sound waves to create a moving picture of the heart. During the test, the sound waves (called ultrasound) bounce off the structures of the heart. A computer converts the sound waves into pictures on a screen.

Echo allows the doctor to clearly see any problem with the way the heart is formed or the way it's working.

Echo is an important test for both diagnosing a heart problem and following the problem over time. The test can show problems with the heart's structure and how the heart is reacting to those problems. Echo will help your child's cardiologist decide if and when treatment is needed.

During pregnancy, if your doctor suspects that your baby has a congenital heart defect, fetal echo can be done. This test uses sound waves to create a picture of the baby's heart while the baby is still in the womb.

Fetal echo usually is done at about 18 to 22 weeks of pregnancy. If your child is diagnosed with a congenital heart defect before birth, your doctor can plan treatment before the baby is born.

EKG (Electrocardiogram)

An EKG is a simple, painless test that records the heart's electrical activity. The test shows how fast the heart is beating and its rhythm (steady or irregular). An EKG also records the strength and timing of electrical signals as they pass through the heart.

An EKG can detect if one of the heart's chambers is enlarged, which can help diagnose a heart problem.

Chest X Ray

A chest x ray is a painless test that creates pictures of the structures in the chest, such as the heart and lungs. This test can show whether the heart is enlarged. It also can show whether the lungs have extra blood flow or extra fluid, a sign of heart failure.

Pulse Oximetry

For this test, a small sensor is attached to a finger or toe (like an adhesive bandage). The sensor gives an estimate of how much oxygen is in the blood.

Cardiac Catheterization

During cardiac catheterization (KATH-e-ter-ih-ZA-shun), a thin, flexible tube called a catheter is put into a vein in the arm, groin (upper thigh), or neck. The tube is threaded to the heart.

Special dye is injected through the catheter into a blood vessel or one of the hearts chambers. The dye allows the doctor to see blood flowing through the heart and blood vessels on an x-ray image.

The doctor also can use cardiac catheterization to measure the pressure and oxygen level inside the heart chambers and blood vessels. This can help the doctor figure out whether blood is mixing between the two sides of the heart.

Cardiac catheterization also is used to repair some heart defects.",Congenital Heart Defects
What are the treatments for Congenital Heart Defects ?,"Although many children who have congenital heart defects don't need treatment, some do. Doctors repair congenital heart defects with catheter procedures or surgery.

Sometimes doctors combine catheter and surgical procedures to repair complex heart defects, which may involve several kinds of defects.

The treatment your child receives depends on the type and severity of his or her heart defect. Other factors include your child's age, size, and general health.

Some children who have complex congenital heart defects may need several catheter or surgical procedures over a period of years, or they may need to take medicines for years.

Catheter Procedures

Catheter procedures are much easier on patients than surgery. They involve only a needle puncture in the skin where the catheter (thin, flexible tube) is inserted into a vein or an artery.

Doctors don't have to surgically open the chest or operate directly on the heart to repair the defect(s). This means that recovery may be easier and quicker.

The use of catheter procedures has increased a lot in the past 20 years. They have become the preferred way to repair many simple heart defects, such as atrial septal defect (ASD) and pulmonary valve stenosis.

For ASD repair, the doctor inserts a catheter into a vein in the groin (upper thigh). He or she threads the tube to the heart's septum. A device made up of two small disks or an umbrella-like device is attached to the catheter.

When the catheter reaches the septum, the device is pushed out of the catheter. The device is placed so that it plugs the hole between the atria. Its secured in place and the catheter is withdrawn from the body.

Within 6 months, normal tissue grows in and over the device. The closure device does not need to be replaced as the child grows.

For pulmonary valve stenosis, the doctor inserts a catheter into a vein and threads it to the hearts pulmonary valve. A tiny balloon at the end of the catheter is quickly inflated to push apart the leaflets, or ""doors,"" of the valve.

Then, the balloon is deflated and the catheter and ballon are withdrawn. This procedure can be used to repair any narrowed valve in the heart.

To help guide the catheter, doctors often use echocardiography (echo), transesophageal (tranz-ih-sof-uh-JEE-ul) echo (TEE), and coronary angiography (an-jee-OG-rah-fee).

TEE is a special type of echo that takes pictures of the heart through the esophagus. The esophagus is the passage leading from the mouth to the stomach. Doctors also use TEE to examine complex heart defects.

Surgery

A child may need open-heart surgery if his or her heart defect can't be fixed using a catheter procedure. Sometimes one surgery can repair the defect completely. If that's not possible, the child may need more surgeries over months or years to fix the problem.

Cardiac surgeons may use open-heart surgery to:

Close holes in the heart with stitches or a patch

Repair or replace heart valves

Widen arteries or openings to heart valves

Repair complex defects, such as problems with the location of blood vessels near the heart or how they are formed

Rarely, babies are born with multiple defects that are too complex to repair. These babies may need heart transplants. In this procedure, the child's heart is replaced with a healthy heart from a deceased child. The heart has been donated by the deceased childs family.",Congenital Heart Defects
What causes Heart Disease in Women ?,"Research suggests thatcoronary heart disease(CHD) begins with damage to the lining and inner layers of the coronary (heart) arteries. Several factors contribute to this damage. They include:

Smoking, including secondhand smoke

High amounts of certain fats andcholesterol in the blood

High blood pressure

High amounts of sugar in the blood due to insulin resistance or diabetes

Blood vessel inflammation

Plaque may begin to build up where the arteries are damaged. The buildup of plaque in the coronary arteries may start in childhood.

Over time, plaque can harden or rupture (break open). Hardened plaque narrows the coronary arteries and reduces the flow of oxygen-rich blood to the heart. This can cause chest pain or discomfort calledangina.

If the plaque ruptures, blood cell fragments called platelets (PLATE-lets) stick to the site of the injury. They may clump together to form blood clots.

Blood clots can further narrow the coronary arteries and worsenangina. If a clot becomes large enough, it can mostly or completely block a coronary artery and cause a heart attack.

In addition to the factors above, low estrogen levels before or after menopause may play a role in causingcoronary microvascular disease(MVD). Coronary MVD is heart disease that affects the heart's tiny arteries.

The cause of broken heart syndrome isn't yet known. However, a sudden release of stress hormones may play a role in causing the disorder. Most cases of broken heart syndrome occur in women who have gone through menopause.",Heart Disease in Women
Who is at risk for Heart Disease in Women? ?,"Certain traits, conditions, or habits may raise your risk forcoronary heart disease(CHD). These conditions are known as risk factors. Risk factors also increase the chance that existing CHD will worsen.

Women generally have the same CHD risk factors as men. However, some risk factors may affect women differently than men. For example, diabetes raises the risk of CHD more in women. Also, some risk factors, such as birth control pills and menopause, only affect women.

There are many known CHD risk factors. Your risk for CHD andheart attackrises with the number of risk factors you have and their severity. Risk factors tend to ""gang up"" and worsen each other's effects.

Having just one risk factor doubles your risk for CHD. Having two risk factors increases your risk for CHD fourfold. Having three or more risk factors increases your risk for CHD more than tenfold.

Also, some risk factors, such as smoking and diabetes, put you at greater risk for CHD and heart attack than others.

More than 75 percent of women aged 40 to 60 have one or more risk factors for CHD. Many risk factors start during childhood; some even develop within the first 10 years of life. You can control most risk factors, but some you can't.

For more information about CHD risk factors, go to the Health Topics Coronary Heart Disease Risk Factorsarticle. To find out whether you're at risk for CHD, talk with your doctor or health care provider.

Risk Factors You Can Control

Smoking

Smoking is the most powerful risk factor that women can control. Smoking tobacco or long-term exposure to secondhand smoke raises your risk for CHD and heart attack.

Smoking exposes you to carbon monoxide. This chemical robs your blood of oxygen and triggers a buildup of plaque in your arteries.

Smoking also increases the risk of blood clots forming in your arteries. Blood clots can block plaque-narrowed arteries and cause a heart attack. The more you smoke, the greater your risk for a heart attack.

Even women who smoke fewer than two cigarettes a day are at increased risk for CHD.

High Blood Cholesterol and High Triglyceride Levels

Cholesterol travels in the bloodstream in small packages called lipoproteins (LI-po-pro-teens). The two major kinds of lipoproteins are low-density lipoprotein (LDL) cholesterol and high-density lipoprotein (HDL) cholesterol.

LDL cholesterol is sometimes called ""bad"" cholesterol. This is because it carries cholesterol to tissues, including your heart arteries. HDL cholesterol is sometimes called ""good"" cholesterol. This is because it helps remove cholesterol from your arteries.

A blood test called a lipoprotein panel is used to measure cholesterol levels. This test gives information about your total cholesterol, LDL cholesterol, HDL cholesterol, and triglycerides (a type of fat found in the blood).

Cholesterol levels are measured in milligrams (mg) of cholesterol per deciliter (dL) of blood. A woman's risk for CHD increases if she has a total cholesterol level greater than 200 mg/dL, an LDL cholesterol level greater than 100 mg/dL, or an HDL cholesterol level less than 50 mg/dL.

A triglyceride level greater than 150 mg/dL also increases a woman's risk for CHD. A woman's HDL cholesterol and triglyceride levels predict her risk for CHD better than her total cholesterol or LDL cholesterol levels.

High Blood Pressure

Blood pressure is the force of blood pushing against the walls of the arteries as the heart pumps blood. If this pressure rises and stays high over time, it can damage the body in many ways.

Women who have blood pressure greater than 120/80 mmHg are at increased risk for CHD. (The mmHg is millimeters of mercurythe units used to measure blood pressure.)

High blood pressure is defined differently for people who have diabetes or chronic kidney disease. If you have one of these diseases, work with your doctor to set a healthy blood pressure goal.

Diabetes and Prediabetes

Diabetes is a disease in which the body's blood sugar level is too high. This is because the body doesn't make enough insulin or doesn't use its insulin properly.

Insulin is a hormone that helps move blood sugar into cells, where it's used for energy. Over time, a high blood sugar level can lead to increased plaque buildup in your arteries.

Prediabetes is a condition in which your blood sugar level is higher than normal, but not as high as it is in diabetes. Prediabetes puts you at higher risk for both diabetes and CHD.

Diabetes and prediabetes raise the risk of CHD more in women than in men. In fact, having diabetes doubles a woman's risk of developing CHD.

Before menopause, estrogen provides women some protection against CHD. However, in women who have diabetes, the disease counters the protective effects of estrogen.

Overweight and Obesity

The terms ""overweight"" and ""obesity"" refer to body weight that's greater than what is considered healthy for a certain height.

The most useful measure of overweight and obesity is body mass index (BMI). BMI is calculated from your height and weight. In adults, a BMI of 18.5 to 24.9 is considered normal. A BMI of 25 to 29.9 is considered overweight. A BMI of 30 or more is considered obese.

You can use the National Heart, Lung, and Blood Institute's (NHLBI's) online BMI calculator to figure out your BMI, or your doctor can help you.

Studies suggest that where extra weight occurs on the body may predict CHD risk better than BMI. Women who carry much of their fat around the waist are at greatest risk for CHD. These women have ""apple-shaped"" figures.

Women who carry most of their fat on their hips and thighsthat is, those who have ""pear-shaped"" figuresare at lower risk for CHD.

To fully know how excess weight affects your CHD risk, you should know your BMI and waist measurement. If you have a BMI greater than 24.9 and a waist measurement greater than 35 inches, you're at increased risk for CHD.

If your waist measurement divided by your hip measurement is greater than 0.9, you're also at increased risk for CHD.

Studies also suggest that women whose weight goes up and down dramatically (typically due to unhealthy dieting) are at increased risk for CHD. These swings in weight can lower HDL cholesterol levels.

Metabolic Syndrome

Metabolic syndromeis the name for a group of risk factors that raises your risk for CHD and other health problems, such as diabetes and stroke. A diagnosis of metabolic syndrome is made if you have at least three of the following risk factors:

A large waistline. Having extra fat in the waist area is a greater risk factor for CHD than having extra fat in other parts of the body, such as on the hips.

A higher than normal triglyceride level (or you're on medicine to treat high triglycerides).

A lower than normal HDL cholesterol level (or you're on medicine to treat low HDL cholesterol).

Higher than normal blood pressure (or you're on medicine to treat high blood pressure).

Higher than normal fasting blood sugar (or you're on medicine to treat diabetes)

Metabolic syndrome is more common in African American women and Mexican American women than in men of the same racial groups. The condition affects White women and men about equally.

Birth Control Pills

Women who smoke and take birth control pills are at very high risk for CHD, especially if they're older than 35. For women who take birth control pills but don't smoke, the risk of CHD isn't fully known.

Lack of Physical Activity

Inactive people are nearly twice as likely to develop CHD as those who are physically active. A lack of physical activity can worsen other CHD risk factors, such as high blood cholesterol and triglyceride levels, high blood pressure, diabetes and prediabetes, and overweight and obesity.

Unhealthy Diet

An unhealthy diet can raise your risk for CHD. For example, foods that are high in saturated and trans fats and cholesterol raise your LDL cholesterol level. A high-sodium (salt) diet can raise your risk for high blood pressure.

Foods with added sugars will give you extra calories without nutrients, such as vitamins and minerals. This can cause you to gain weight, which raises your risk for CHD.

Too much alcohol also can cause you to gain weight, and it will raise your blood pressure.

Stress or Depression

Stress may play a role in causing CHD. Stress can trigger your arteries to narrow. This can raise your blood pressure and your risk for a heart attack.

Getting upset or angry also can trigger a heart attack. Stress also may indirectly raise your risk for CHD if it makes you more likely to smoke or overeat foods high in fat and sugar.

People who are depressed are two to three times more likely to develop CHD than people who are not. Depression is twice as common in women as in men.

Anemia

Anemia (uh-NEE-me-eh) is a condition in which your blood has a lower than normal number of red blood cells.

The condition also can occur if your red blood cells don't contain enough hemoglobin (HEE-muh-glow-bin). Hemoglobin is an iron-rich protein that carries oxygen from your lungs to the rest of your organs.

If you have anemia, your organs don't get enough oxygen-rich blood. This causes your heart to work harder, which may raise your risk for CHD.

Anemia has many causes. For more information, go to the Health Topics Anemiaarticle.

Sleep Apnea

Sleep apneais a common disorder that causes pauses in breathing or shallow breaths while you sleep. Breathing pauses can last from a few seconds to minutes. They often occur 5 to 30 times or more an hour.

Typically, normal breathing starts again after the pause, sometimes with a loud snort or choking sound. Major signs of sleep apnea are snoring and daytime sleepiness.

When you stop breathing, the lack of oxygen triggers your body's stress hormones. This causes blood pressure to rise and makes the blood more likely to clot.

Untreated sleep apnea can raise your risk for high blood pressure, diabetes, and even a heart attack or stroke.

Women are more likely to develop sleep apnea after menopause.

Risk Factors You Can't Control

Age and Menopause

As you get older, your risk for CHD and heart attack rises. This is due in part to the slow buildup of plaque inside your heart arteries, which can start during childhood.

Before age 55, women have a lower risk for CHD than men. Estrogen provides women with some protection against CHD before menopause. After age 55, however, the risk of CHD increases in both women and men.

You may have gone through early menopause, either naturally or because you had your ovaries removed. If so, you're twice as likely to develop CHD as women of the same age who aren't yet menopausal.

Another reason why women are at increased risk for CHD after age 55 is that middle age is when you tend to develop other CHD risk factors.

Women who have gone through menopause also are at increased risk for broken heart syndrome. (For more information, go to the section on emerging risk factors below.)

Family History

Family history plays a role in CHD risk. Your risk increases if your father or a brother was diagnosed with CHD before 55 years of age, or if your mother or a sister was diagnosed with CHD before 65 years of age.

Also, a family history of strokeespecially a mother's stroke historycan help predict the risk of heart attack in women.

Having a family history of CHD or stroke doesn't mean that you'll develop heart disease. This is especially true if your affected family member smoked or had other risk factors that were not well treated.

Making lifestyle changes and taking medicines to treat risk factors often can lessen genetic influences and prevent or delay heart problems.

Preeclampsia

Preeclampsia (pre-e-KLAMP-se-ah) is a condition that develops during pregnancy. The two main signs of preeclampsia are a rise in blood pressure and excess protein in the urine.

These signs usually occur during the second half of pregnancy and go away after delivery. However, your risk of developing high blood pressure later in life increases after having preeclampsia.

Preeclampsia also is linked to an increased lifetime risk of heart disease, including CHD, heart attack, and heart failure. (Likewise, having heart disease risk factors, such as diabetes or obesity, increases your risk for preeclampsia.)

If you had preeclampsia during pregnancy, you're twice as likely to develop heart disease as women who haven't had the condition. You're also more likely to develop heart disease earlier in life.

Preeclampsia is a heart disease risk factor that you can't control. However, if you've had the condition, you should take extra care to try and control other heart disease risk factors.

The more severe your preeclampsia was, the greater your risk for heart disease. Let your doctor know that you had preeclampsia so he or she can assess your heart disease risk and how to reduce it.

Emerging Risk Factors

Research suggests that inflammation plays a role in causing CHD. Inflammation is the body's response to injury or infection. Damage to the arteries' inner walls seems to trigger inflammation and help plaque grow.

High blood levels of a protein called C-reactive protein (CRP) are a sign of inflammation in the body. Research suggests that women who have high blood levels of CRP are at increased risk for heart attack.

Also, some inflammatory diseases, such as lupus and rheumatoid arthritis, may increase the risk for CHD.

Some studies suggest that women who have migraine headaches may be at greater risk for CHD. This is especially true for women who have migraines with auras (visual disturbances), such as flashes of light or zig-zag lines.

Low bone density and low intake of folate and vitamin B6 also may raise a woman's risk for CHD.

More research is needed to find out whether calcium supplements with or without vitamin D affect CHD risk. You may want to talk with your doctor to find out whether these types of supplements are right for you.

Researchers are just starting to learn about broken heart syndrome risk factors. Most women who have this disorder are White and have gone through menopause.

Many of these women have other heart disease risk factors, such as high blood pressure, high blood cholesterol, diabetes, and smoking. However, these risk factors tend to be less common in women who have broken heart syndrome than in women who have CHD.",Heart Disease in Women
What are the symptoms of Heart Disease in Women ?,"The signs and symptoms ofcoronary heart disease(CHD) may differ between women and men. Some women who have CHD have no signs or symptoms. This is called silent CHD.

Silent CHD may not be diagnosed until a woman has signs and symptoms of aheart attack, heart failure, or an arrhythmia(irregular heartbeat).

Other women who have CHD will have signs and symptoms of the disease.

Heart Disease Signs and Symptoms



A common symptom of CHD isangina.Angina is chest pain or discomfort that occurs when your heart muscle doesn't get enough oxygen-rich blood.

In men, angina often feels like pressure or squeezing in the chest. This feeling may extend to the arms. Women can also have these angina symptoms. But women also tend to describe a sharp, burning chest pain. Women are more likely to have pain in the neck, jaw, throat, abdomen, or back.

In men, angina tends to worsen with physical activity and go away with rest. Women are more likely than men to have angina while they're resting or sleeping.

In women who havecoronary microvascular disease, angina often occurs during routine daily activities, such as shopping or cooking, rather than while exercising. Mental stress also is more likely to trigger angina pain in women than in men.

The severity of angina varies. The pain may get worse or occur more often as the buildup of plaque continues to narrow the coronary (heart) arteries.

Signs and Symptoms Coronary Heart Disease Complications

Heart Attack

The most common heart attack symptom in men and women is chest pain or discomfort. However, only half of women who have heart attacks have chest pain.

Women are more likely than men to report back or neck pain, indigestion, heartburn, nausea (feeling sick to the stomach), vomiting, extreme fatigue (tiredness), or problems breathing.

Heart attacks also can cause upper body discomfort in one or both arms, the back, neck, jaw, or upper part of the stomach. Other heart attack symptoms are light-headedness and dizziness, which occur more often in women than men.

Men are more likely than women to break out in a cold sweat and to report pain in the left arm during a heart attack.

Heart Failure

Heart failure is a condition in which your heart can't pump enough blood to meet your body's needs. Heart failure doesn't mean that your heart has stopped or is about to stop working. It means that your heart can't cope with the demands of everyday activities.

Heart failure causes shortness of breath and fatigue that tends to increase with physical exertion. Heart failure also can cause swelling in the feet, ankles, legs, abdomen, and veins in the neck.

Arrhythmia

An arrhythmia is a problem with the rate or rhythm of the heartbeat. During an arrhythmia, the heart can beat too fast, too slow, or with an irregular rhythm.

Some people describe arrhythmias as fluttering or thumping feelings or skipped beats in their chests. These feelings are calledpalpitations.

Some arrhythmias can cause your heart to suddenly stop beating. This condition is calledsudden cardiac arrest(SCA). SCA causes loss of consciousness and death if it's not treated right away.

Signs and Symptoms of Broken Heart Syndrome

The most common signs and symptoms of broken heart syndrome are chest pain and shortness of breath. In this disorder, these symptoms tend to occur suddenly in people who have no history of heart disease.

Arrhythmias orcardiogenic shockalso may occur. Cardiogenic shock is a condition in which a suddenly weakened heart isn't able to pump enough blood to meet the body's needs.

Some of the signs and symptoms of broken heart syndrome differ from those of heart attack. For example, in people who have broken heart syndrome:

Symptoms occur suddenly after having extreme emotional or physical stress.

EKG (electrocardiogram) results don't look the same as the EKG results for a person having a heart attack. (An EKG is a test that records the heart's electrical activity.)

Blood tests show no signs or mild signs of heart damage.

Tests show no signs of blockages in the coronary arteries.

Tests show ballooning and unusual movement of the lower left heart chamber (left ventricle).

Recovery time is quick, usually within days or weeks (compared with the recovery time of a month or more for a heart attack).",Heart Disease in Women
How to diagnose Heart Disease in Women ?,"Your doctor will diagnosecoronary heart disease(CHD) based on your medical and family histories, your risk factors, a physical exam, and the results from tests and procedures.

No single test can diagnose CHD. If your doctor thinks you have CHD, he or she may recommend one or more of the following tests.

EKG (Electrocardiogram)

An EKGis a simple, painless test that detects and records the heart's electrical activity. The test shows how fast the heart is beating and its rhythm (steady or irregular). An EKG also records the strength and timing of electrical signals as they pass through the heart.

An EKG can show signs of heart damage due to CHD and signs of a previous or current heart attack.

Stress Testing

Duringstress testing,you exercise to make your heart work hard and beat fast while heart tests are done. If you can't exercise, you may be given medicines to increase your heart rate.

When your heart is working hard and beating fast, it needs more blood and oxygen. Plaque-narrowed coronary (heart) arteries can't supply enough oxygen-rich blood to meet your heart's needs.

A stress test can show possible signs and symptoms of CHD, such as:

Abnormal changes in your heart rate or blood pressure

Shortness of breath or chest pain

Abnormal changes in your heart rhythm or your heart's electrical activity

If you can't exercise for as long as what is considered normal for someone your age, your heart may not be getting enough oxygen-rich blood. However, other factors also can prevent you from exercising long enough (for example, lung diseases,anemia, or poor general fitness).

As part of some stress tests, pictures are taken of your heart while you exercise and while you rest. These imaging stress tests can show how well blood is flowing in your heart and how well your heart pumps blood when it beats.

Echocardiography

Echocardiography (echo) uses sound waves to create a moving picture of your heart. The test provides information about the size and shape of your heart and how well your heart chambers and valves are working.

Echo also can show areas of poor blood flow to the heart, areas of heart muscle that aren't contracting normally, and previous injury to the heart muscle caused by poor blood flow.

Chest X Ray

Achest x raycreates pictures of the organs and structures inside your chest, such as your heart, lungs, and blood vessels.

A chest x ray can reveal signs ofheart failure, as well as lung disorders and other causes of symptoms not related to CHD.

Blood Tests

Blood tests check the levels of certain fats, cholesterol, sugar, and proteins in your blood. Abnormal levels may be a sign that you're at risk for CHD. Blood tests also help detectanemia,a risk factor for CHD.

During a heart attack, heart muscle cells die and release proteins into the bloodstream. Blood tests can measure the amount of these proteins in the bloodstream. High levels of these proteins are a sign of a recent heart attack.

Coronary Angiography and Cardiac Catheterization

Your doctor may recommendcoronary angiography(an-jee-OG-rah-fee) if other tests or factors suggest you have CHD. This test uses dye and special x rays to look inside your coronary arteries.

To get the dye into your coronary arteries, your doctor will use a procedure calledcardiac catheterization(KATH-eh-ter-ih-ZA-shun).

A thin, flexible tube called a catheter is put into a blood vessel in your arm, groin (upper thigh), or neck. The tube is threaded into your coronary arteries, and the dye is released into your bloodstream.

Special x rays are taken while the dye is flowing through your coronary arteries. The dye lets your doctor study the flow of blood through your heart and blood vessels.

Coronary angiography detects blockages in the large coronary arteries. However, the test doesn't detectcoronary microvascular disease(MVD). This is because coronary MVD doesn't cause blockages in the large coronary arteries.

Even if the results of your coronary angiography are normal, you may still have chest pain or other CHD symptoms. If so, talk with your doctor about whether you might have coronary MVD.

Your doctor may ask you to fill out a questionnaire called the Duke Activity Status Index. This questionnaire measures how easily you can do routine tasks. It gives your doctor information about how well blood is flowing through your coronary arteries.

Your doctor also may recommend other tests that measure blood flow in the heart, such as acardiac MRI (magnetic resonance imaging) stress test.

Cardiac MRI uses radio waves, magnets, and a computer to create pictures of your heart as it beats. The test produces both still and moving pictures of your heart and major blood vessels.

Other tests done during cardiac catheterization can check blood flow in the heart's small arteries and the thickness of the artery walls.

Tests Used To Diagnose Broken Heart Syndrome

If your doctor thinks you have broken heart syndrome, he or she may recommend coronary angiography. Other tests are also used to diagnose this disorder, including blood tests, EKG, echo, and cardiac MRI.",Heart Disease in Women
What are the treatments for Heart Disease in Women ?,"Treatment forcoronary heart disease (CHD) usually is the same for both women and men. Treatment may include lifestyle changes, medicines, medical and surgical procedures, andcardiac rehabilitation(rehab).

The goals of treatment are to:

Relieve symptoms.

Reduce risk factors in an effort to slow, stop, or reverse the buildup of plaque.

Lower the risk of blood clots forming. (Blood clots can cause aheart attack.)

Widen or bypass plaque-clogged coronary (heart) arteries.

Prevent CHD complications.

Lifestyle Changes

Making lifestyle changes can help prevent or treat CHD. These changes may be the only treatment that some people need.

Quit Smoking

If you smoke or use tobacco, try to quit. Smoking can raise your risk for CHD and heart attack and worsen other CHD risk factors. Talk with your doctor about programs and products that can help you quit. Also, try to avoid secondhand smoke.

If you find it hard to quit smoking on your own, consider joining a support group. Many hospitals, workplaces, and community groups offer classes to help people quit smoking.

For more information about how to quit smoking, go to the Health Topics Smoking and Your Heart article and the National Heart, Lung, and Blood Institute's (NHLBI's) ""Your Guide to a Healthy Heart.""

Follow a Healthy Diet

A healthy diet is an important part of a healthy lifestyle. A healthy diet includes a variety of vegetables and fruits. These foods can be fresh, canned, frozen, or dried. A good rule is to try to fill half of your plate with vegetables and fruits.

A healthy diet also includes whole grains, fat-free or low-fat dairy products, and protein foods, such as lean meats, poultry without skin, seafood, processed soy products, nuts, seeds, beans, and peas.

Choose and prepare foods with little sodium (salt). Too much salt can raise your risk for high blood pressure. Studies show that following the Dietary Approaches to Stop Hypertension (DASH) eating plan can lower blood pressure.

Try to avoid foods and drinks that are high in added sugars. For example, drink water instead of sugary drinks, like soda.

Also, try to limit the amount of solid fats and refined grains that you eat. Solid fats are saturated fat and trans fatty acids. Refined grains come from processing whole grains, which results in a loss of nutrients (such as dietary fiber).

If you drink alcohol, do so in moderation. Research suggests that regularly drinking small to moderate amounts of alcohol may lower the risk of CHD. Women should have no more than one alcoholic drink a day.

One drink a day can lower your CHD risk by raising your HDL cholesterol level. One drink is a glass of wine, beer, or a small amount of hard liquor.

If you don't drink, this isn't a recommendation to start using alcohol. Also, you shouldn't drink if you're pregnant, if you're planning to become pregnant, or if you have another health condition that could make alcohol use harmful.

Too much alcohol can cause you to gain weight and raise your blood pressure and triglyceride level. In women, even one drink a day may raise the risk of certain types of cancer.

For more information about following a healthy diet, go to the NHLBI's ""Your Guide to Lowering Your Blood Pressure With DASH"" and the U.S. Department of Agriculture's ChooseMyPlate.gov Web site. Both resources provide general information about healthy eating.

Be Physically Active

Regular physical activity can lower many CHD risk factors, including high LDL cholesterol,high blood pressure, and excess weight.

Physical activity also can lower your risk for diabetes and raise your HDL cholesterol level. (HDL cholesterol helps remove cholesterol from your arteries.)

Talk with your doctor before you start a new exercise plan. Ask him or her how much and what kinds of physical activity are safe for you.

People gain health benefits from as little as 60 minutes of moderate-intensity aerobic activity per week. Walking is an excellent heart healthy exercise. The more active you are, the more you will benefit.

For more information about physical activity, go to the U.S. Department of Health and Human Services' ""2008 Physical Activity Guidelines for Americans,"" the Health Topics Physical Activity and Your Heart article, and the NHLBI's ""Your Guide to Physical Activity and Your Heart.""

Maintain a Healthy Weight

Overweight and obesity are risk factors for CHD. If you're overweight or obese, try to lose weight. Cut back your calorie intake and do more physical activity. Eat smaller portions and choose lower calorie foods. Your health care provider may refer you to a dietitian to help you manage your weight.

A BMI of less than 25 and a waist circumference of 35 inches or less is the goal for preventing and treating CHD. BMI measures your weight in relation to your height and gives an estimate of your total body fat. You can use the NHLBI's online BMI calculator to figure out your BMI, or your doctor can help you.

To measure your waist, stand and place a tape measure around your middle, just above your hipbones. Measure your waist just after you breathe out. Make sure the tape is snug but doesn't squeeze the flesh.

For more information about losing weight or maintaining a healthy weight, go to the NHLBI's Aim for a Healthy Weight Web site.

Stress and Depression

Research shows that getting upset or angry can trigger a heart attack. Also, some of the ways people cope with stresssuch as drinking, smoking, or overeatingaren't heart healthy.

Learning how to manage stress, relax, and cope with problems can improve your emotional and physical health.

Having supportive people in your life with whom you can share your feelings or concerns can help relieve stress. Physical activity, yoga, and relaxation therapy also can help relieve stress. You may want to consider taking part in a stress management program.

Depression can double or triple your risk for CHD. Depression also makes it hard to maintain a heart healthy lifestyle.

Talk with your doctor if you have symptoms of depression, such as feeling hopeless or not taking interest in daily activities. He or she may recommend counseling or prescribe medicines to help you manage the condition.

Medicines

You may need medicines to treat CHD if lifestyle changes aren't enough. Medicines can help:

Reduce your heart's workload and relieve CHD symptoms

Decrease your chance of having a heart attack or dying suddenly

Lower your LDL cholesterol, blood pressure, and other CHD risk factors

Prevent blood clots

Prevent or delay the need for a procedure or surgery, such asangioplasty (AN-jee-oh-plas-tee) or coronary artery bypass grafting (CABG)

Women who havecoronary microvascular disease and anemiamay benefit from taking medicine to treat the anemia.

Women who have broken heart syndrome also may need medicines. Doctors may prescribe medicines to relieve fluid buildup, treat blood pressure problems, prevent blood clots, and manage stress hormones. Most people who have broken heart syndrome make a full recovery within weeks.

Take all of your medicines as prescribed. If you have side effects or other problems related to your medicines, tell your doctor. He or she may be able to provide other options.

Menopausal Hormone Therapy

Recent studies have shown that menopausal hormone therapy (MHT) doesn't prevent CHD. Some studies have even shown that MHT increases women's risk for CHD, stroke, and breast cancer.

However, these studies tested MHT on women who had been postmenopausal for at least several years. During that time, they could have already developed CHD.

Research is ongoing to see whether MHT helps prevent CHD when taken right when menopause starts. While questions remain, current findings suggest MHT shouldn't routinely be used to prevent or treat CHD.

Ask your doctor about other ways to prevent or treat CHD, including lifestyle changes and medicines. For more information about MHT, go to the NHLBI's Postmenopausal Hormone Therapy Web site.

Procedures and Surgery

You may need a procedure or surgery to treat CHD. Both angioplasty and CABG are used as treatments. You and your doctor can discuss which treatment is right for you.

Percutaneous Coronary Intervention

Percutaneous coronary intervention (PCI), commonly known as angioplasty (AN-jee-oh-plas-tee), is a nonsurgical procedure that opens blocked or narrowed coronary arteries.

A thin, flexible tube with a balloon or other device on the end is threaded through a blood vessel to the narrowed or blocked coronary artery. Once in place, the balloon is inflated to compress the plaque against the wall of the artery. This restores blood flow through the artery.

PCI can improve blood flow to your heart and relieve chest pain. A small mesh tube called a stent usually is placed in the artery to help keep it open after the procedure.

For more information, go to the Health Topics PCI article.

Coronary Artery Bypass Grafting

CABG is a type of surgery. During CABG, a surgeon removes arteries or veins from other areas in your body and uses them to bypass (that is, go around) narrowed or blocked coronary arteries.

CABG can improve blood flow to your heart, relieve chest pain, and possibly prevent a heart attack.

For more information, go to the Health Topics Coronary Artery Bypass Grafting article.

Cardiac Rehabilitation

Your doctor may prescribe cardiac rehab foranginaor after angioplasty, CABG, or a heart attack. Almost everyone who has CHD can benefit from cardiac rehab.

Cardiac rehab is a medically supervised program that can improve the health and well-being of people who have heart problems.

The cardiac rehab team may include doctors, nurses, exercise specialists, physical and occupational therapists, dietitians or nutritionists, and psychologists or other mental health specialists.

Cardiac rehab has two parts:

Exercise training. This part of rehab helps you learn how to exercise safely, strengthen your muscles, and improve your stamina. Your exercise plan will be based on your personal abilities, needs, and interests.

Education, counseling, and training. This part of rehab helps you understand your heart condition and find ways to lower your risk for future heart problems. The rehab team will help you learn how to cope with the stress of adjusting to a new lifestyle and with your fears about the future.

For more information, go to the Health Topics Cardiac Rehabilitation article.",Heart Disease in Women
How to prevent Heart Disease in Women ?,"Taking action to control your risk factors can help prevent or delaycoronary heart disease(CHD). Your risk for CHD increases with the number of CHD risk factors you have.

One step you can take is to adopt a heart healthy lifestyle. A heart healthy lifestyle should be part of a lifelong approach to healthy living.

For example, if you smoke, try to quit. Smoking can raise your risk for CHD andheart attackand worsen other CHD risk factors. Talk with your doctor about programs and products that can help you quit. Also, try to avoid secondhand smoke.

For more information about quitting smoking, go to the Health Topics Smoking and Your Heart article and the National Heart, Lung, and Blood Institute's (NHLBI's) ""Your Guide to a Healthy Heart.""

Following a healthy diet also is an important part of a healthy lifestyle. A healthy diet includes a variety of vegetables and fruits. It also includes whole grains, fat-free or low-fat dairy products, and protein foods, such as lean meats, poultry without skin, seafood, processed soy products, nuts, seeds, beans, and peas.

A healthy diet is low in sodium (salt), added sugars, solid fats, and refined grains. Solid fats are saturated fat and trans fatty acids. Refined grains come from processing whole grains, which results in a loss of nutrients (such as dietary fiber).

The NHLBI's Therapeutic Lifestyle Changes (TLC) and Dietary Approaches to Stop Hypertension (DASH) are two programs that promote healthy eating.

If you'reoverweight or obese, work with your doctor to create a reasonable weight-loss plan. Controlling your weight helps you control CHD risk factors.

Be as physically active as you can. Physical activity can improve your fitness level and your health. Talk with your doctor about what types of activity are safe for you.

For more information about physical activity, go to the Health Topics Physical Activity and Your Heart article and the NHLBI's ""Your Guide to Physical Activity and Your Heart.""

Know your family history of CHD. If you or someone in your family has CHD, be sure to tell your doctor.

If lifestyle changes aren't enough, you also may need medicines to control your CHD risk factors. Take all of your medicines as prescribed.

For more information about lifestyle changes and medicines, go to ""How Is Heart Disease Treated?""",Heart Disease in Women
What is (are) Heart Attack ?,"Espaol

A heart attack happens when the flow of oxygen-rich blood to a section of heart muscle suddenly becomes blocked and the heart cant get oxygen. If blood flow isnt restored quickly, the section of heart muscle begins to die.

Heart attack treatment works best when its given right after symptoms occur. If you think you or someone else is having a heart attack, even if youre not sure, call 911 right away.

Overview

Heart attacks most often occur as a result of coronary heart disease (CHD), also called coronary artery disease. CHD is a condition in which a waxy substance called plaque builds up inside the coronary arteries. These arteries supply oxygen-rich blood to your heart.

When plaque builds up in the arteries, the condition is called atherosclerosis. The buildup of plaque occurs over many years.

Eventually, an area of plaque can rupture (break open) inside of an artery. This causes a blood clot to form on the plaque's surface. If the clot becomes large enough, it can mostly or completely block blood flow through a coronary artery.

If the blockage isn't treated quickly, the portion of heart muscle fed by the artery begins to die. Healthy heart tissue is replaced with scar tissue. This heart damage may not be obvious, or it may cause severe or long-lasting problems.

Heart With Muscle Damage and a Blocked Artery



A less common cause of heart attack is a severe spasm (tightening) of a coronary artery. The spasm cuts off blood flow through the artery. Spasms can occur in coronary arteries that aren't affected by atherosclerosis.

Heart attacks can be associated with or lead to severe health problems, such as heart failure and life-threatening arrhythmias.

Heart failure is a condition in which the heart can't pump enough blood to meet the body's needs. Arrhythmias are irregular heartbeats. Ventricular fibrillation is a life-threatening arrhythmia that can cause death if not treated right away.

Don't Wait--Get Help Quickly

Acting fast at the first sign of heart attack symptoms can save your life and limit damage to your heart. Treatment works best when it's given right after symptoms occur.



Many people aren't sure what's wrong when they are having symptoms of a heart attack. Some of the most common warning symptoms of a heart attack for both men and women are:

Chest pain or discomfort.Most heart attacks involve discomfort in the center or left side of the chest. The discomfort usually lasts more than a few minutes or goes away and comes back. It can feel like pressure, squeezing, fullness, or pain. It also can feel like heartburn or indigestion.

Upper body discomfort.You may feel pain or discomfort in one or both arms, the back, shoulders, neck, jaw, or upper part of the stomach (above the belly button).

Shortness of breath.This may be your only symptom, or it may occur before or along with chest pain or discomfort. It can occur when you are resting or doing a little bit of physical activity.

Other possible symptoms of a heart attack include:

Breaking out in a cold sweat

Feeling unusually tired for no reason, sometimes for days (especially if you are a woman)

Nausea (feeling sick to the stomach) and vomiting

Light-headedness or sudden dizziness

Any sudden, new symptom or a change in the pattern of symptoms you already have (for example, if your symptoms become stronger or last longer than usual)

Not all heart attacks begin with the sudden, crushing chest pain that often is shown on TV or in the movies, or other common symptoms such as chest discomfort. The symptoms of a heart attack can vary from person to person. Some people can have few symptoms and are surprised to learn they've had a heart attack. If you've already had a heart attack, your symptoms may not be the same for another one.

Quick Action Can Save Your Life: Call 911

If you think you or someone else may be having heart attack symptoms or a heart attack, don't ignore it or feel embarrassed to call for help. Call 911 for emergency medical care. Acting fast can save your life.

Do not drive to the hospital or let someone else drive you. Call an ambulance so that medical personnel can begin life-saving treatment on the way to the emergency room. Take a nitroglycerin pill if your doctor has prescribed this type of treatment.",Heart Attack
What causes Heart Attack ?,"Coronary Heart Disease

A heart attack happens if the flow of oxygen-rich blood to a section of heart muscle suddenly becomes blocked and the heart can't get oxygen. Most heart attacks occur as a result of coronary heart disease (CHD).

CHD is a condition in which a waxy substance called plaque builds up inside of the coronary arteries. These arteries supply oxygen-rich blood to your heart.

When plaque builds up in the arteries, the condition is called atherosclerosis. The buildup of plaque occurs over many years.

Eventually, an area of plaque can rupture (break open) inside of an artery. This causes a blood clot to form on the plaque's surface. If the clot becomes large enough, it can mostly or completely block blood flow through a coronary artery.

If the blockage isn't treated quickly, the portion of heart muscle fed by the artery begins to die. Healthy heart tissue is replaced with scar tissue. This heart damage may not be obvious, or it may cause severe or long-lasting problems.

Coronary Artery Spasm

A less common cause of heart attack is a severe spasm (tightening) of a coronary artery. The spasm cuts off blood flow through the artery. Spasms can occur in coronary arteries that aren't affected by atherosclerosis.

What causes a coronary artery to spasm isn't always clear. A spasm may be related to:

Taking certain drugs, such as cocaine

Emotional stress or pain

Exposure to extreme cold

Cigarette smoking",Heart Attack
Who is at risk for Heart Attack? ?,"Certain risk factors make it more likely that you'll develop coronary heart disease (CHD) and have a heart attack. You can control many of these risk factors.

Risk Factors You Can Control

The major risk factors for a heart attack that you can control include:

Smoking

High blood pressure

High blood cholesterol

Overweight and obesity

An unhealthy diet (for example, a diet high in saturated fat, trans fat, cholesterol, and sodium)

Lack of routine physical activity

High blood sugar due to insulin resistance or diabetes

Some of these risk factorssuch as obesity, high blood pressure, and high blood sugartend to occur together. When they do, it's called metabolic syndrome.

In general, a person who has metabolic syndrome is twice as likely to develop heart disease and five times as likely to develop diabetes as someone who doesn't have metabolic syndrome.

For more information about the risk factors that are part of metabolic syndrome, go to the Health Topics Metabolic Syndrome article.

Risk Factors You Can't Control

Risk factors that you can't control include:

Age. The risk of heart disease increases for men after age 45 and for women after age 55 (or after menopause).

Family history of early heart disease. Your risk increases if your father or a brother was diagnosed with heart disease before 55 years of age, or if your mother or a sister was diagnosed with heart disease before 65 years of age.

Preeclampsia (pre-e-KLAMP-se-ah). This condition can develop during pregnancy. The two main signs of preeclampsia are a rise in blood pressure and excess protein in the urine. Preeclampsia is linked to an increased lifetime risk of heart disease, including CHD, heart attack, heart failure, and high blood pressure.",Heart Attack
What are the symptoms of Heart Attack ?,"Not all heart attacks begin with the sudden, crushing chest pain that often is shown on TV or in the movies. In one study, for example, one-third of the patients who had heart attacks had no chest pain. These patients were more likely to be older, female, or diabetic.

The symptoms of a heart attack can vary from person to person. Some people can have few symptoms and are surprised to learn they've had a heart attack. If you've already had a heart attack, your symptoms may not be the same for another one. It is important for you to know the most common symptoms of a heart attack and also remember these facts:

Heart attacks can start slowly and cause only mild pain or discomfort. Symptoms can be mild or more intense and sudden. Symptoms also may come and go over several hours.

People who have high blood sugar (diabetes) may have no symptoms or very mild ones.

The most common symptom, in both men and women, is chest pain or discomfort.

Women are somewhat more likely to have shortness of breath, nausea and vomiting, unusual tiredness (sometimes for days), and pain in the back, shoulders, and jaw.

Some people don't have symptoms at all. Heart attacks that occur without any symptoms or with very mild symptoms are called silent heart attacks.

Most Common Symptoms

The most common warning symptoms of a heart attack for both men and women are:

Chest pain or discomfort.Most heart attacks involve discomfort in the center or left side of the chest. The discomfort usually lasts for more than a few minutes or goes away and comes back. It can feel like pressure, squeezing, fullness, or pain. It also can feel like heartburn or indigestion. The feeling can be mild or severe.

Upper body discomfort.You may feel pain or discomfort in one or both arms, the back, shoulders, neck, jaw, or upper part of the stomach (above the belly button).

Shortness of breath.This may be your only symptom, or it may occur before or along with chest pain or discomfort. It can occur when you are resting or doing a little bit of physical activity.

The symptoms of angina (an-JI-nuh or AN-juh-nuh) can be similar to the symptoms of a heart attack. Angina is chest pain that occurs in people who have coronary heart disease, usually when they're active. Angina pain usually lasts for only a few minutes and goes away with rest.

Chest pain or discomfort that doesn't go away or changes from its usual pattern (for example, occurs more often or while you're resting) can be a sign of a heart attack.

All chest pain should be checked by a doctor.

Other Common Signs and Symptoms

Pay attention to these other possible symptoms of a heart attack:

Breaking out in a cold sweat

Feeling unusually tired for no reason, sometimes for days (especially if you are a woman)

Nausea (feeling sick to the stomach) and vomiting

Light-headedness or sudden dizziness

Any sudden, new symptoms or a change in the pattern of symptoms you already have (for example, if your symptoms become stronger or last longer than usual)

Not everyone having a heart attack has typical symptoms. If you've already had a heart attack, your symptoms may not be the same for another one. However, some people may have a pattern of symptoms that recur.

The more signs and symptoms you have, the more likely it is that you're having a heart attack.

Quick Action Can Save Your Life: Call 911

The signs and symptoms of a heart attack can develop suddenly. However, they also can develop slowlysometimes within hours, days, or weeks of a heart attack.

Any time you think you might be having heart attack symptoms or a heart attack, don't ignore it or feel embarrassed to call for help. Call 911 for emergency medical care, even if you are not sure whether you're having a heart attack. Here's why:

Acting fast can save your life.

An ambulance is the best and safest way to get to the hospital. Emergency medical services (EMS) personnel can check how you are doing and start life-saving medicines and other treatments right away. People who arrive by ambulance often receive faster treatment at the hospital.

The 911 operator or EMS technician can give you advice. You might be told to crush or chew an aspirin if you're not allergic, unless there is a medical reason for you not to take one. Aspirin taken during a heart attack can limit the damage to your heart and save your life.

Every minute matters. Never delay calling 911 to take aspirin or do anything else you think might help.",Heart Attack
How to diagnose Heart Attack ?,"Your doctor will diagnose a heart attack based on your signs and symptoms, your medical and family histories, and test results.

Diagnostic Tests

EKG (Electrocardiogram)

An EKG is a simple, painless test that detects and records the heart's electrical activity. The test shows how fast the heart is beating and its rhythm (steady or irregular). An EKG also records the strength and timing of electrical signals as they pass through each part of the heart.

An EKG can show signs of heart damage due to coronary heart disease (CHD) and signs of a previous or current heart attack.

Blood Tests

During a heart attack, heart muscle cells die and release proteins into the bloodstream. Blood tests can measure the amount of these proteins in the bloodstream. Higher than normal levels of these proteins suggest a heart attack.

Commonly used blood tests include troponin tests, CK or CKMB tests, and serum myoglobin tests. Blood tests often are repeated to check for changes over time.

Coronary Angiography

Coronary angiography (an-jee-OG-ra-fee) is a test that uses dye and special x rays to show the insides of your coronary arteries. This test often is done during a heart attack to help find blockages in the coronary arteries.

To get the dye into your coronary arteries, your doctor will use a procedure called cardiac catheterization (KATH-e-ter-ih-ZA-shun).

A thin, flexible tube called a catheter is put into a blood vessel in your arm, groin (upper thigh), or neck. The tube is threaded into your coronary arteries, and the dye is released into your bloodstream.

Special x rays are taken while the dye is flowing through the coronary arteries. The dye lets your doctor study the flow of blood through the heart and blood vessels.

If your doctor finds a blockage, he or she may recommend a procedure calledpercutaneous (per-ku-TA-ne-us) coronary intervention (PCI), sometimes referred to ascoronary angioplasty(AN-jee-oh-plas-tee). This procedure can help restore blood flow through a blocked artery. Sometimes a small mesh tube called a stent is placed in the artery to help prevent blockages after the procedure.",Heart Attack
What are the treatments for Heart Attack ?,"Early treatment for a heart attack can prevent or limit damage to the heart muscle. Acting fast, by calling 911 at the first symptoms of a heart attack, can save your life. Medical personnel can begin diagnosis and treatment even before you get to the hospital.

Immediate Treatment

Certain treatments usually are started right away if a heart attack is suspected, even before the diagnosis is confirmed. These include:

Aspirin to prevent further blood clotting

Nitroglycerin to reduce your hearts workload and improve blood flow through the coronary arteries

Oxygen therapy

Treatment for chest pain

Once the diagnosis of a heart attack is confirmed or strongly suspected, doctors start treatments promptly to try to restore blood flow through the blood vessels supplying the heart. The two main treatments are clot-busting medicines and percutaneous coronary intervention, also known as coronary angioplasty, a procedure used to open blocked coronary arteries.



Clot-Busting Medicines

Thrombolytic medicines, also called clot busters, are used to dissolve blood clots that are blocking the coronary arteries. To work best, these medicines must be given within several hours of the start of heart attack symptoms. Ideally, the medicine should be given as soon as possible.



Percutaneous Coronary Intervention

Percutaneous coronary intervention is a nonsurgical procedure that opens blocked or narrowed coronary arteries. A thin, flexible tube (catheter) with a balloon or other device on the end is threaded through a blood vessel, usually in the groin (upper thigh), to the narrowed or blocked coronary artery. Once in place, the balloon located at the tip of the catheter is inflated to compress the plaque and related clot against the wall of the artery. This restores blood flow through the artery. During the procedure, the doctor may put a small mesh tube called a stent in the artery. The stent helps to keep the blood vessel open to prevent blockages in the artery in the months or years after the procedure.

Other Treatments for Heart Attack

Other treatments for heart attack include:

Medicines

Medical procedures

Heart-healthy lifestyle changes

Cardiac rehabilitation



Medicines

Your doctor may prescribe one or more of the following medicines.

ACE inhibitors. ACE inhibitors lower blood pressure and reduce strain on your heart. They also help slow down further weakening of the heart muscle.

Anticlotting medicines. Anticlotting medicines stop platelets from clumping together and forming unwanted blood clots. Examples of anticlotting medicines include aspirin and clopidogrel.

Anticoagulants. Anticoagulants, or blood thinners, prevent blood clots from forming in your arteries. These medicines also keep existing clots from getting larger.

Beta blockers. Beta blockers decrease your hearts workload. These medicines also are used to relieve chest pain and discomfort and to help prevent another heart attack. Beta blockers also are used to treat arrhythmias (irregular heartbeats).

Statin medicines. Statins control or lower your blood cholesterol. By lowering your blood cholesterol level, you can decrease your chance of having another heart attack orstroke.

You also may be given medicines to relieve pain and anxiety, and treat arrhythmias.Take all medicines regularly, as your doctor prescribes. Dont change the amount of your medicine or skip a dose unless your doctor tells you to.



Medical Procedures

Coronary artery bypass grafting also may be used to treat a heart attack. During coronary artery bypass grafting, a surgeon removes a healthy artery or vein from your body. The artery or vein is then connected, or grafted, to bypass the blocked section of the coronary artery. The grafted artery or vein bypasses (that is, goes around) the blocked portion of the coronary artery. This provides a new route for blood to flow to the heart muscle.



Heart-Healthy Lifestyle Changes

Treatment for a heart attack usually includes making heart-healthy lifestyle changes. Your doctor also may recommend:

Heart-healthy eating

Maintaining a healthy weight

Managing stress

Physical activity

Quitting smoking

Taking these steps can lower your chances of having another heart attack.



Heart-Healthy Eating

Your doctor may recommend a heart-healthy eating plan, which should include:

Fat-free or low-fat dairy products, such as skim milk

Fish high in omega-3 fatty acids, such as salmon, tuna, and trout, about twice a week

Fruits, such as apples, bananas, oranges, pears, and prunes

Legumes, such as kidney beans, lentils, chickpeas, black-eyed peas, and lima beans

Vegetables, such as broccoli, cabbage, and carrots

Whole grains, such as oatmeal, brown rice, and corn tortillas

When following a heart-healthy diet, you should avoid eating:

A lot of red meat

Palm and coconut oils

Sugary foods and beverages

Two nutrients in your diet make blood cholesterol levels rise:

Saturated fatfound mostly in foods that come from animals

Trans fat (trans fatty acids)found in foods made with hydrogenated oils and fats, such as stick margarine; baked goods, such as cookies, cakes, and pies; crackers; frostings; and coffee creamers. Some trans fats also occur naturally in animal fats andmeats.

Saturated fat raises your blood cholesterol more than anything else in your diet. When you follow a heart-healthy eating plan, only 5 percent to 6 percent of your daily calories should come from saturated fat. Food labels list the amounts of saturated fat. To help you stay on track, here are some examples:

If you eat:

Try to eat no more than:

1,200 calories a day 

8 grams of saturated fat a day 

1,500 calories a day

10 grams of saturated fat a day

1,800 calories a day

12 grams of saturated fat a day

2,000 calories a day

13 grams of saturated fat a day

2,500 calories a day

17 grams of saturated fat a day

Not all fats are bad. Monounsaturated and polyunsaturated fats actually help lower blood cholesterol levels.

Some sources of monounsaturated and polyunsaturated fats are:

Avocados

Corn, sunflower, and soybean oils

Nuts and seeds, such as walnuts

Olive, canola, peanut, safflower, and sesame oils

Peanut butter

Salmon and trout

Tofu

You should try to limit the amount of sodium that you eat. This means choosing and preparing foods that are lower in salt and sodium. Try to use low-sodium and no added salt foods and seasonings at the table or while cooking. Food labels tell you what you need to know about choosing foods that are lower in sodium. Try to eat no more than 2,300 milligrams of sodium a day. If you have high blood pressure, you may need to restrict your sodium intake even more.

Your doctor may recommend the Dietary Approaches to Stop Hypertension (DASH) eating plan if you have high blood pressure. The DASH eating plan focuses on fruits, vegetables, whole grains, and other foods that are heart healthy and low in fat, cholesterol, and sodium and salt.

The DASH eating plan is a good heart-healthy eating plan, even for those who dont have high blood pressure. Read more about DASH.

Try to limit alcohol intake. Too much alcohol can raise your blood pressure and triglyceride levels, a type of fat found in the blood. Alcohol also adds extra calories, which may cause weight gain.

Men should have no more than two drinks containing alcohol a day. Women should have no more than one drink containing alcohol a day. One drink is:

12 ounces of beer

5 ounces of wine

1 ounces of liquor



Maintaining a Healthy Weight

Maintaining a healthy weight is important for overall health and can lower your risk for coronary heart disease and heart attack. Aim for a Healthy Weight by following a heart-healthy eating plan and keeping physically active.

Knowing your body mass index (BMI) helps you find out if youre a healthy weight in relation to your height and gives an estimate of your total body fat. To figure out your BMI, check out the National Heart, Lung, and Blood Institutes (NHLBI) online BMI calculator or talk to your doctor. A BMI:

Below 18.5 is a sign that you are underweight.

Between 18.5 and 24.9 is in the normal range.

Between 25 and 29.9 is considered overweight.

Of 30 or more is considered obese.

A general goal to aim for is a BMI of less than 25. Your doctor or health care provider can help you set an appropriate BMI goal.

Measuring waist circumference helps screen for possible health risks. If most of your fat is around your waist rather than at your hips, youre at a higher risk for heart disease and type 2 diabetes. This risk may be high with a waist size that is greater than 35 inches for women or greater than 40 inches for men. To learn how to measure your waist, visit Assessing Your Weight and Health Risk.



Managing Stress

Research shows that the most commonly reported trigger for a heart attack is an emotionally upsetting eventparticularly one involving anger. Also, some of the ways people cope with stresssuch as drinking, smoking, or overeatingarent healthy.

Learning how to manage stress, relax, and cope with problems can improve your emotional and physical health. Consider healthy stress-reducing activities, such as:

A stress management program

Meditation

Physical activity

Relaxation therapy

Talking things out with friends or family



Physical Activity

Routine physical activity can lower many risk factors for coronary heart disease, including LDL (bad) cholesterol, high blood pressure, and excess weight. Physical activity also can lower your risk for diabetes and raise your HDL cholesterol level. HDL is the good cholesterol that helps prevent another heart attack.

Everyone should try to participate in moderate-intensity aerobic exercise at least 2hours and 30minutes per week, or vigorous aerobic exercise for 1hour and 15minutes per week. Aerobic exercise, such as brisk walking, is any exercise in which your heart beats faster and you use more oxygen than usual. The more active you are, the more you will benefit. Participate in aerobic exercise for at least 10minutes at a time spread throughout the week.

Read more about physical activity at:

Physical Activity and Your Heart

U.S. Department of Health and Human Services 2008 Physical Activity Guidelines for Americans

Talk with your doctor before you start a new exercise plan. Ask your doctor how much and what kinds of physical activity are safe for you.



Quitting Smoking

If you smoke, quit. Smoking can raise your risk for coronary heart disease and heart attack and worsen other coronary heart disease risk factors. Talk with your doctor about programs and products that can help you quit smoking. Also, try to avoid secondhandsmoke.

If you have trouble quitting smoking on your own, consider joining a support group. Many hospitals, workplaces, and community groups offer classes to help people quit smoking.

Read more about quitting smoking at Smoking and Your Heart.



Cardiac Rehabilitation

Your doctor may recommend cardiac rehabilitation (cardiac rehab) to help you recover from a heart attack and to help prevent another heart attack. Nearly everyone who has had a heart attack can benefit from rehab. Cardiac rehab is a medically supervised program that may help improve the health and well-being of people who have heart problems.

The cardiac rehab team may include doctors, nurses, exercise specialists, physical and occupational therapists, dietitians or nutritionists, and psychologists or other mental health specialists.

Rehab has two parts:

Education, counseling, and training. This part of rehab helps you understand your heart condition and find ways to reduce your risk for future heart problems. The rehab team will help you learn how to cope with the stress of adjusting to a new lifestyle and how to deal with your fears about the future.

Exercise training. This part helps you learn how to exercise safely, strengthen your muscles, and improve your stamina. Your exercise plan will be based on your personal abilities, needs, and interests.",Heart Attack
How to prevent Heart Attack ?,"Lowering your risk factors for coronary heart disease can help you prevent a heart attack. Even if you already have coronary heart disease, you still can take steps to lower your risk for a heart attack. These steps involve following a heart-healthy lifestyle and getting ongoingmedical care.

Heart-Healthy Lifestyle

A heart-healthy lifestyle can help prevent a heart attack and includes heart-healthy eating, being physically active, quitting smoking, managing stress, and managing your weight.

Ongoing Care

Treat Related Conditions

Treating conditions that make a heart attack more likely also can help lower your risk for a heart attack. These conditions may include:

Diabetes (high blood sugar). If you have diabetes, try to control your blood sugar level through diet and physical activity (as your doctor recommends). If needed, take medicine as prescribed.

High blood cholesterol. Your doctor may prescribe a statin medicine to lower your cholesterol if diet and exercise arent enough.

High blood pressure. Your doctor may prescribe medicine to keep your blood pressure under control.

Have an Emergency Action Plan

Make sure that you have an emergency action plan in case you or someone in your family has a heart attack. This is very important if youre at high risk for, or have already had, a heart attack.

Write down a list of medicines you are taking, medicines you are allergic to, your health care providers phone numbers (both during and after office hours), and contact information for a friend or relative. Keep the list in a handy place (for example, fill out this wallet card) to share in a medical emergency.

Talk with your doctor about the signs and symptoms of a heart attack, when you should call 911, and steps you can take while waiting for medical help to arrive.",Heart Attack
What is (are) Broken Heart Syndrome ?,"Broken heart syndrome is a condition in which extreme stress can lead to heart muscle failure. The failure is severe, but often short-term.

Most people who experience broken heart syndrome think they may be having a heart attack, a more common medical emergency caused by a blocked coronary (heart) artery. The two conditions have similar symptoms, including chest pain and shortness of breath. However, theres no evidence of blocked coronary arteries in broken heart syndrome, and most people have a full and quick recovery.

Overview

Broken heart syndrome is a recently recognized heart problem. It was originally reported in the Asian population in 1990 and named takotsubo cardiomyopathy (KAR-de-o-mi-OP-ah-thee). In this condition, the heart is so weak that it assumes a bulging shape (tako tsubo is the term for an octopus trap, whose shape resembles the bulging appearance of the heart during this condition). Cases have since been reported worldwide, and the first reports of broken heart syndrome in the United States appeared in 1998. The condition also is commonly called stress-induced cardiomyopathy.

The cause of broken heart syndrome is not fully known. In most cases, symptoms are triggered by extreme emotional or physical stress, such as intense grief, anger, or surprise. Researchers think that the stress releases hormones that stun the heart and affect its ability to pump blood to the body. (The term stunned is often used to indicate that the injury to the heart muscle is only temporary.)

People who have broken heart syndrome often have sudden intense chest pain and shortness of breath. These symptoms begin just a few minutes to hours after exposure to the unexpected stress. Many seek emergency care, concerned they are having a heart attack. Often, patients who have broken heart syndrome have previously been healthy.

Women are more likely than men to have broken heart syndrome. Researchers are just starting to explore what causes this disorder and how to diagnose and treat it.

Broken Heart Syndrome Versus Heart Attack

Symptoms of broken heart syndrome can look like those of a heart attack.

Most heart attacks are caused by blockages and blood clots forming in the coronary arteries, which supply the heart with blood. If these clots cut off the blood supply to the heart for a long enough period of time, heart muscle cells can die, leaving the heart with permanent damage. Heart attacks most often occur as a result of coronary heart disease (CHD), also called coronary artery disease.

Broken heart syndrome is quite different. Most people who experience broken heart syndrome have fairly normal coronary arteries, without severe blockages or clots. The heart cells are stunned by stress hormones but not killed. The stunning effects reverse quickly, often within just a few days or weeks. In most cases, there is no lasting damage to the heart.

Because symptoms are similar to a heart attack, it is important to seek help right away. You, and sometimes emergency care providers, may not be able to tell that you have broken heart syndrome until you have some tests.

All chest pain should be checked by a doctor. If you think you or someone else may be having heart attack symptoms or a heart attack, don't ignore it or feel embarrassed to call for help. Call 911 for emergency medical care. In the case of a heart attack, acting fast at the first sign of symptoms can save your life and limit damage to your heart.

Outlook

Research is ongoing to learn more about broken heart syndrome and its causes.

The symptoms of broken heart syndrome are treatable, and most people who experience it have a full recovery, usually within days or weeks. The heart muscle is not permanently damaged, and the risk of broken heart syndrome happening again is low.",Broken Heart Syndrome
What causes Broken Heart Syndrome ?,"The cause of broken heart syndrome isnt fully known. However, extreme emotional or physical stress is believed to play a role in causing the temporary disorder.

Although symptoms are similar to those of a heart attack, what is happening to the heart is quite different. Most heart attacks are caused by near or complete blockage of a coronary artery. In broken heart syndrome, the coronary arteries are not blocked, although blood flow may be reduced.

Potential Triggers

In most cases, broken heart syndrome occurs after an intense and upsetting emotional or physical event. Some potential triggers of broken heart syndrome are:

Emotional stressorsextreme grief, fear, or anger, for example as a result of the unexpected death of a loved one, financial or legal trouble, intense fear, domestic abuse, confrontational argument, car accident, public speaking, or even a surprise party.

Physical stressorsan asthma attack, serious illness or surgery, or exhausting physical effort.

Potential Causes

Researchers think that sudden stress releases hormones that overwhelm or stun the heart. (The term stunned is often used to indicate that the injury to the heart muscle is only temporary.) This can trigger changes in heart muscle cells or coronary blood vessels, or both. The heart becomes so weak that its left ventricle (which is the chamber that pumps blood from your heart to your body) bulges and cannot pump well, while the other parts of the heart work normally or with even more forceful contractions. As a result the heart is unable to pump properly. (For more information about the hearts pumping action and blood flow, go to the Health Topics How the Heart Works article.)

Researchers are trying to identify the precise way in which the stress hormones affect the heart. Broken heart syndrome may result from a hormone surge, coronary artery spasm, or microvascular dysfunction.

Hormone Surge

Intense stress causes large amounts of the fight or flight hormones, such as adrenaline and noradrenaline, to be released into your bloodstream. The hormones are meant to help you cope with the stress. Researchers think that the sudden surge of hormones overwhelms and stuns the heart muscle, producing symptoms similar to those of a heart attack.

Coronary Artery Spasm

Some research suggests that the extreme stress causes a temporary, sudden narrowing of one of the coronary arteries as a result of a spasm. The spasm slows or stops blood flow through the artery and starves part of the heart of oxygen-rich blood.

Microvascular Dysfunction

Another theory that is gaining traction is that the very small coronary arteries (called microvascular arteries) do not function well due to low hormone levels occurring before or after menopause. The microvascular arteries fail to provide enough oxygen-rich blood to the heart muscle.",Broken Heart Syndrome
Who is at risk for Broken Heart Syndrome? ?,"Broken heart syndrome affects women more often than men. Often, people who experience broken heart syndrome have previously been healthy. Research shows that the traditional risk factors for heart disease may not apply to broken heart syndrome.

People who might be at increased risk for broken heart syndrome include:

Women who have gone through menopause, particularly women in their sixties and seventies

People who often have no previous history of heart disease

Asian and White populations

Although these are the characteristics for most cases of broken heart syndrome, the condition can occur in anyone.

Research is ongoing to learn more about broken heart syndrome and its causes.",Broken Heart Syndrome
What are the symptoms of Broken Heart Syndrome ?,"All chest pain should be checked by a doctor. Because symptoms of broken heart syndrome are similar to those of a heart attack, it is important to seek help right away. Your doctor may not be able to diagnose broken heart syndrome until you have some tests.

Common Signs and Symptoms

The most common symptoms of broken heart syndrome are sudden, sharp chest pain and shortness of breath. Typically these symptoms begin just minutes to hours after experiencing a severe, and usually unexpected, stress.

Because the syndrome involves severe heart muscle weakness, some people also may experience signs and symptoms such as fainting, arrhythmias (ah-RITH-me-ahs) (fast or irregular heartbeats), cardiogenic (KAR-de-o-JEN-ik) shock (when the heart cant pump enough blood to meet the bodys needs), low blood pressure, and heart failure.

Differences From a Heart Attack

Some of the signs and symptoms of broken heart syndrome differ from those of a heart attack. For example, in people who have broken heart syndrome:

Symptoms (chest pain and shortness of breath) occur suddenly after having extreme emotional or physical stress.

EKG(electrocardiogram) results dont look the same as the results for a person having a heart attack. (An EKG is a test that records the hearts electrical activity.)

Blood tests show no signs or mild signs of heart damage.

Tests show enlarged and unusual movement of the lower left heart chamber (the left ventricle).\

Tests show no signs of blockages in the coronary arteries.

Recovery time is quick, usually within days or weeks (compared with the recovery time of a month or more for a heart attack).

Complications

Broken heart syndrome can be life threatening in some cases. It can lead to serious heart problems such as:

Heart failure, a condition in which the heart cant pump enough blood to meet the bodys needs

Heart rhythm problems that cause the heart to beat much faster or slower than normal

Heart valve problems

The good news is that most people who have broken heart syndrome make a full recovery within weeks. With medical care, even the most critically ill tend to make a quick and complete recovery.",Broken Heart Syndrome
How to diagnose Broken Heart Syndrome ?,"Because the symptoms are similar, at first your doctor may not be able to tell whether you are experiencing broken heart syndrome or having a heart attack. Therefore, the doctors immediate goals will be:

To determine whats causing your symptoms

To determine whether youre having or about to have a heart attack

Your doctor will diagnose broken heart syndrome based on your signs and symptoms, your medical and family histories, and the results from tests and procedures.

Specialists Involved

Your doctor may refer you to a cardiologist. A cardiologist is a doctor who specializes in diagnosing and treating heart diseases and conditions.

Physical Exam and Medical History

Your doctor will do a physical exam and ask you to describe your symptoms. He or she may ask questions such as when your symptoms began, where you are feeling pain or discomfort and what it feels like, and whether the pain is constant or varies.

To learn about your medical history, your doctor may ask about your overall health, risk factors for coronary heart disease (CHD) and other heart disease, and family history. Your doctor will ask whether you've recently experienced any major stresses.

Diagnostic Tests and Procedures

No single test can diagnose broken heart syndrome. The tests and procedures for broken heart syndrome are similar to those used to diagnose CHD or heart attack. The diagnosis is made based on the results of the following standards tests to rule out heart attack and imaging studies to help establish broken heart syndrome.

Standard Tests and Procedures



EKG (Electrocardiogram)



AnEKGis a simple, painless test that detects and records the hearts electrical activity. The test shows how fast your heart is beating and whether its rhythm is steady or irregular. An EKG also records the strength and timing of electrical signals as they pass through each part of the heart.

The EKG may show abnormalities in your heartbeat, a sign of broken heart syndrome as well as heart damage due to CHD.



Blood Tests

Blood tests check the levels of certain substances in your blood, such as fats, cholesterol, sugar, and proteins. Blood tests help greatly in diagnosing broken heart syndrome, because certain enzymes (proteins in the blood) may be present in the blood to indicate the condition.

Imaging Procedures



Echocardiography

Echocardiography(echo) uses sound waves to create a moving picture of your heart. The test provides information about the size and shape of your heart and how well your heart chambers and valves are working. Echo also can show areas of heart muscle that aren't contracting well because of poor blood flow or previous injury.

The echo may show slowed blood flow in the left chamber of the heart.



Chest X Ray

A chest x rayis a painless test that creates pictures of the structures in your chest, such as your heart, lungs, and blood vessels. Your doctor will need a chest x ray to analyze whether your heart has the enlarged shape that is a sign of broken heart syndrome.

A chest x ray can reveal signs of heart failure, as well as lung disorders and other causes of symptoms not related to broken heart syndrome.



Cardiac MRI

Cardiac magnetic resonance imaging (MRI) is a common test that uses radio waves, magnets, and a computer to make both still and moving pictures of your heart and major blood vessels. Doctors use cardiac MRI to get pictures of the beating heart and to look at its structure and function. These pictures can help them decide the best way to treat people who have heart problems.



Coronary Angiography and Cardiac Catheterization

Your doctor may recommend coronary angiography (an-jee-OG-rah-fee) if other tests or factors suggest you have CHD. This test uses dye and special x rays to look inside your coronary arteries.

To get the dye into your coronary arteries, your doctor will use a procedure called cardiac catheterization (KATH-eh-ter-ih-ZA-shun). A thin, flexible tube called a catheter is put into a blood vessel in your arm, groin (upper thigh), or neck. The tube is threaded into your coronary arteries, and the dye is released into your bloodstream.

Special x rays are taken while the dye is flowing through your coronary arteries. The dye lets your doctor study the flow of blood through your heart and blood vessels.



Ventriculogram

Ventriculogram is another test that can be done during a cardiac catheterization that examines the left ventricle, which is the hearts main pumping chamber. During this test, a dye is injected into the inside of the heart and x ray pictures are taken. The test can show the ventricles size and how well it pumps blood. It also shows how well the blood flows through the aortic and mitral values.",Broken Heart Syndrome
What are the treatments for Broken Heart Syndrome ?,"Even though broken heart syndrome may feel like a heart attack, its a very different problem that needs a different type of treatment.

The good news is that broken heart syndrome is usually treatable, and most people make a full recovery. Most people who experience broken heart syndrome stay in the hospital for a few days to a week.

Initial treatment is aimed at improving blood flow to the heart, and may be similar to that for a heart attack until the diagnosis is clear. Further treatment can include medicines and lifestyle changes.

Medicines

Doctors may prescribe medicines to relieve fluid buildup, treat blood pressure problems, prevent blood clots, and manage stress hormones. Medicines are often discontinued once heart function has returned to normal.

Your doctor may prescribe the following medicines:

ACE inhibitors (or angiotensin-converting enzyme inhibitors), to lower blood pressure and reduce strain on your heart

Beta blockers, to slow your heart rate and lower your blood pressure to decrease your hearts workload

Diuretics (water or fluid pills), to help reduce fluid buildup in your lungs and swelling in your feet and ankles

Anti-anxiety medicines, to help manage stress hormones

Take all of your medicines as prescribed. If you have side effects or other problems related to your medicines, tell your doctor. He or she may be able to provide other options.

Treatment of Complications

Broken heart syndrome can be life threatening in some cases. Because the syndrome involves severe heart muscle weakness, patients can experience shock, heart failure, low blood pressure, and potentially life-threatening heart rhythm abnormalities.

The good news is that this condition improves very quickly, so with proper diagnosis and management, even the most critically ill tend to make a quick and complete recovery.

Lifestyle Changes

To stay healthy, its important to find ways to reduce stress and cope with particularly upsetting situations. Learning how to manage stress, relax, and cope with problems can improve your emotional and physical health.

Having supportive people in your life with whom you can share your feelings or concerns can help relieve stress. Physical activity, medicine, and relaxation therapy also can help relieve stress. You may want to consider taking part in a stress management program.

Treatments Not Helpful for Broken Heart Syndrome

Several procedures used to treat a heart attack are not helpful in treating broken heart syndrome. These procedurespercutaneous coronary intervention (sometimes referred to as angioplasty), stent placement, and surgerytreat blocked arteries, which is not the cause of broken heart syndrome.",Broken Heart Syndrome
How to prevent Broken Heart Syndrome ?,"Researchers are still learning about broken heart syndrome, and no treatments have been shown to prevent it. For people who have experienced the condition, the risk of recurrence is low.

An emotionally upsetting or serious physical event can trigger broken heart syndrome. Learning how to manage stress, relax, and cope with problems can improve your emotional and physical health.

Having supportive people in your life with whom you can share your feelings or concerns can help relieve stress. Physical activity, medicine, and relaxation therapy also can help relieve stress. You may want to consider taking part in a stress management program.

Also, some of the ways people cope with stresssuch as drinking, smoking, or overeatingarent healthy. Learning to manage stress includes adopting healthy habits that will keep your stress levels low and make it easier to deal with stress when it does happen. A healthy lifestyle includes following a healthy diet, being physically active, maintaining a healthy weight, and quitting smoking.",Broken Heart Syndrome
Who is at risk for Smoking and Your Heart? ?,"The chemicals in tobacco smoke harm your heart and blood vessels in many ways. For example, they:

Contribute to inflammation, which may trigger plaque buildup in your arteries.

Damage blood vessel walls, making them stiff and less elastic (stretchy). This damage narrows the blood vessels and contributes to the damage caused by unhealthy cholesterol levels.

Disturb normal heart rhythms.

Increase your blood pressure and heart rate, making your heart work harder thannormal.

Lower your HDL (good) cholesterol and raise your LDL (bad) cholesterol. Smoking also increases your triglyceride level. Triglycerides are a type of fat found in theblood.

Thicken your blood and make it harder for your blood to carry oxygen.

Smoking and Heart Disease Risk

Smoking is a major risk factor for coronary heart disease, a condition in which plaque builds up inside the coronary arteries. These arteries supply your heart muscle with oxygen-rich blood.

When plaque builds up in the arteries, the condition is called atherosclerosis.

Plaque narrows the arteries and reduces blood flow to your heart muscle. The buildup of plaque also makes it more likely that blood clots will form in your arteries. Blood clots can partially or completely block blood flow.

Over time, smoking contributes to atherosclerosis and increases your risk of having and dying from heart disease, heart failure, or a heartattack.

Compared with nonsmokers, people who smoke are more likely to have heart disease and suffer from a heart attack. The risk of having or dying from a heart attack is even higher among people who smoke and already have heart disease.

For some people, such as women who use birth control pills and people who have diabetes, smoking poses an even greater risk to the heart and blood vessels.

Smoking is a major risk factor for heart disease. When combined with other risk factorssuch as unhealthy blood cholesterol levels, high blood pressure, and overweight or obesitysmoking further raises the risk of heart disease.

Smoking and the Risk of Peripheral Artery Disease

Peripheral artery disease (P.A.D.) is a disease in which plaque builds up in the arteries that carry blood to your head, organs, and limbs. Smoking is a major risk factor for P.A.D.

P.A.D. usually affects the arteries that carry blood to your legs. Blocked blood flow in the leg arteries can cause cramping, pain, weakness, and numbness in your hips, thighs, and calf muscles.

Blocked blood flow also can raise your risk of getting an infection in the affected limb. Your body might have a hard time fighting the infection.

If severe enough, blocked blood flow can cause gangrene (tissue death). In very serious cases, this can lead to leg amputation.

If you have P.A.D., your risk of heart disease and heart attack is higher than the risk for people who dont have P.A.D.

Smoking even one or two cigarettes a day can interfere with P.A.D. treatments. People who smoke and people who have diabetes are at highest risk for P.A.D. complications, including gangrene in the leg from decreased blood flow.

Secondhand Smoke Risks

Secondhand smoke is the smoke that comes from the burning end of a cigarette, cigar, or pipe. Secondhand smoke also refers to smoke thats breathed out by a person who is smoking.

Secondhand smoke contains many of the same harmful chemicals that people inhale when they smoke. It can damage the heart and blood vessels of people who dont smoke in the same way that active smoking harms people who do smoke. Secondhand smoke greatly increases adults risk of heart attack and death.

Secondhand smoke also raises the risk of future coronary heart disease in children and teens because it:

Damages heart tissues

Lowers HDL cholesterol

Raises blood pressure

The risks of secondhand smoke are especially high for premature babies who have respiratory distress syndrome and children who have conditions such asasthma.

Cigar and Pipe Smoke Risks

Researchers know less about how cigar and pipe smoke affects the heart and blood vessels than they do about cigarette smoke.

However, the smoke from cigars and pipes contains the same harmful chemicals as the smoke from cigarettes. Also, studies have shown that people who smoke cigars are at increased risk of heart disease.",Smoking and Your Heart
What is (are) Heart Failure ?,"Heart failure is a condition in which the heart can't pump enough blood to meet the body's needs. In some cases, the heart can't fill with enough blood. In other cases, the heart can't pump blood to the rest of the body with enough force. Some people have both problems.

The term ""heart failure"" doesn't mean that your heart has stopped or is about to stop working. However, heart failure is a serious condition that requires medical care.

Overview

Heart failure develops over time as the heart's pumping action grows weaker. The condition can affect the right side of the heart only, or it can affect both sides of the heart. Most cases involve both sides of the heart.

Right-side heart failure occurs if the heart can't pump enough blood to the lungs to pick up oxygen. Left-side heart failure occurs if the heart can't pump enough oxygen-rich blood to the rest of the body.

Right-side heart failure may cause fluid to build up in the feet, ankles, legs, liver, abdomen, and the veins in the neck. Right-side and left-side heart failure also may cause shortness of breath and fatigue (tiredness).

The leading causes of heart failure are diseases that damage the heart. Examples include coronary heart disease (CHD), high blood pressure, and diabetes.

Outlook

Heart failure is a very common condition. About 5.7 million people in the United States have heart failure.Both children and adults can have the condition, although the symptoms and treatments differ. The Health Topicfocuses on heart failure in adults.

Currently, heart failure has no cure. However, treatmentssuch as medicines and lifestyle changescan help people who have the condition live longer and more active lives. Researchers continue to study new ways to treat heart failure and its complications.",Heart Failure
What causes Heart Failure ?,"Conditions that damage or overwork the heart muscle can cause heart failure. Over time, the heart weakens. It isnt able to fill with and/or pump blood as well as it should. As the heart weakens, certain proteins and substances might be released into the blood. These substances have a toxic effect on the heart and blood flow, and they worsen heart failure.

Causes of heart failure include:

Coronary heart disease

Diabetes

High blood pressure

Other heart conditions or diseases

Other factors



Coronary Heart Disease

Coronary heart disease is a condition in which a waxy substance called plaque builds up inside the coronary arteries. These arteries supply oxygen-rich blood to your heart muscle.

Plaque narrows the arteries and reduces blood flow to your heart muscle. The buildup of plaque also makes it more likely that blood clots will form in your arteries. Blood clots can partially or completely block blood flow. Coronary heart disease can lead to chest pain or discomfort calledangina, aheart attack, and heart damage.



Diabetes

Diabetes is a disease in which the bodys blood glucose (sugar) level is too high. The body normally breaks down food into glucose and then carries it to cells throughout the body. The cells use a hormone called insulin to turn the glucose into energy.

In diabetes, the body doesnt make enough insulin or doesnt use its insulin properly. Over time, high blood sugar levels can damage and weaken the heart muscle and the blood vessels around the heart, leading to heart failure.



High Blood Pressure

Blood pressure is the force of blood pushing against the walls of the arteries. If this pressure rises and stays high over time, it can weaken your heart and lead to plaque buildup.

Blood pressure is considered high if it stays at or above 140/90 mmHg over time. (The mmHg is millimeters of mercurythe units used to measure blood pressure.) If you have diabetes or chronic kidney disease, high blood pressure is defined as 130/80 mmHg or higher.



Other Heart Conditions or Diseases

Other conditions and diseases also can lead to heart failure, such as:

Arrhythmia. Happens when a problem occurs with the rate or rhythm of the heartbeat.

Cardiomyopathy.Happens when the heart muscle becomes enlarged, thick, or rigid.

Congenital heart defects. Problems with the hearts structure are present at birth.

Heart valve disease. Occurs if one or more of your heart valves doesnt work properly, which can be present at birth or caused by infection, other heart conditions, and age.



Other Factors

Other factors also can injure the heart muscle and lead to heart failure. Examples include:

Alcohol abuse or cocaine and other illegal drug use

HIV/AIDS

Thyroid disorders (having either too much or too little thyroid hormone in the body)

Too much vitamin E

Treatments for cancer, such as radiation and chemotherapy",Heart Failure
Who is at risk for Heart Failure? ?,"About 5.7 million people in the United States have heart failure. The number of people who have this condition is growing.

Heart failure is more common in:

People who are age 65 or older. Aging can weaken the heart muscle. Older people also may have had diseases for many years that led to heart failure. Heart failure is a leading cause of hospital stays among people on Medicare.

Blacks are more likely to have heart failure than people of other races. Theyre also more likely to have symptoms at a younger age, have more hospital visits due to heart failure, and die from heart failure.

People who areoverweight. Excess weight puts strain on the heart. Being overweight also increases your risk of heart disease and type 2diabetes. These diseases can lead to heart failure.

People who have had a heart attack. Damage to the heart muscle from a heart attack and can weaken the heart muscle.

Children who havecongenital heart defectsalso can develop heart failure. These defects occur if the heart, heart valves, or blood vessels near the heart dont form correctly while a baby is in the womb. Congenital heart defects can make the heart work harder. This weakens the heart muscle, which can lead to heart failure. Children dont have the same symptoms of heart failure or get the same treatments as adults. This Health Topic focuses on heart failure in adults.",Heart Failure
What are the symptoms of Heart Failure ?,"The most common signs and symptoms of heart failure are:

Shortness of breath or trouble breathing

Fatigue (tiredness)

Swelling in the ankles, feet, legs, abdomen, and veins in the neck

All of these symptoms are the result of fluid buildup in your body. When symptoms start, you may feel tired and short of breath after routine physical effort, like climbing stairs.

As your heart grows weaker, symptoms get worse. You may begin to feel tired and short of breath after getting dressed or walking across the room. Some people have shortness of breath while lying flat.

Fluid buildup from heart failure also causes weight gain, frequent urination, and a cough that's worse at night and when you're lying down. This cough may be a sign of acute pulmonary edema (e-DE-ma). This is a condition in which too much fluid builds up in your lungs. The condition requires emergency treatment.

Heart Failure Signs and Symptoms",Heart Failure
How to diagnose Heart Failure ?,"Your doctor will diagnose heart failure based on your medical and family histories, a physical exam, and test results. The signs and symptoms of heart failure also are common in other conditions. Thus, your doctor will:

Find out whether you have a disease or condition that can cause heart failure, such as coronary heart disease (CHD), high blood pressure, or diabetes

Rule out other causes of your symptoms

Find any damage to your heart and check how well your heart pumps blood

Early diagnosis and treatment can help people who have heart failure live longer, more active lives.

Medical and Family Histories

Your doctor will ask whether you or others in your family have or have had a disease or condition that can cause heart failure.

Your doctor also will ask about your symptoms. He or she will want to know which symptoms you have, when they occur, how long you've had them, and how severe they are. Your answers will help show whether and how much your symptoms limit your daily routine.

Physical Exam

During the physical exam, your doctor will:

Listen to your heart for sounds that aren't normal

Listen to your lungs for the sounds of extra fluid buildup

Look for swelling in your ankles, feet, legs, abdomen, and the veins in your neck

Diagnostic Tests

No single test can diagnose heart failure. If you have signs and symptoms of heart failure, your doctor may recommend one or more tests.

Your doctor also may refer you to a cardiologist. A cardiologist is a doctor who specializes in diagnosing and treating heart diseases and conditions.

EKG (Electrocardiogram)

An EKG is a simple, painless test that detects and records the heart's electrical activity. The test shows how fast your heart is beating and its rhythm (steady or irregular). An EKG also records the strength and timing of electrical signals as they pass through your heart.

An EKG may show whether the walls in your heart's pumping chambers are thicker than normal. Thicker walls can make it harder for your heart to pump blood. An EKG also can show signs of a previous or current heart attack.

Chest X Ray

A chest x raytakes pictures of the structures inside your chest, such as your heart, lungs, and blood vessels. This test can show whether your heart is enlarged, you have fluid in your lungs, or you have lung disease.

BNP Blood Test

This test checks the level of a hormone in your blood called BNP. The level of this hormone rises during heart failure.

Echocardiography

Echocardiography (echo) uses sound waves to create a moving picture of your heart. The test shows the size and shape of your heart and how well your heart chambers and valves work.

Echo also can identify areas of poor blood flow to the heart, areas of heart muscle that aren't contracting normally, and heart muscle damage caused by lack of blood flow.

Echo might be done before and after a stress test (see below). A stress echo can show how well blood is flowing through your heart. The test also can show how well your heart pumps blood when it beats.

Doppler Ultrasound

A Doppler ultrasound uses sound waves to measure the speed and direction of blood flow. This test often is done with echo to give a more complete picture of blood flow to the heart and lungs.

Doctors often use Doppler ultrasound to help diagnose right-side heart failure.

Holter Monitor

A Holter monitor records your heart's electrical activity for a full 24- or 48-hour period, while you go about your normal daily routine.

You wear small patches called electrodes on your chest. Wires connect the patches to a small, portable recorder. The recorder can be clipped to a belt, kept in a pocket, or hung around your neck.

Nuclear Heart Scan

A nuclear heart scan shows how well blood is flowing through your heart and how much blood is reaching your heart muscle.

During a nuclear heart scan, a safe, radioactive substance called a tracer is injected into your bloodstream through a vein. The tracer travels to your heart and releases energy. Special cameras outside of your body detect the energy and use it to create pictures of your heart.

A nuclear heart scan can show where the heart muscle is healthy and where it's damaged.

A positron emission tomography (PET) scan is a type of nuclear heart scan. It shows the level of chemical activity in areas of your heart. This test can help your doctor see whether enough blood is flowing to these areas. A PET scan can show blood flow problems that other tests might not detect.

Cardiac Catheterization

During cardiac catheterization (KATH-eh-ter-ih-ZA-shun), a long, thin, flexible tube called a catheter is put into a blood vessel in your arm, groin (upper thigh), or neck and threaded to your heart. This allows your doctor to look inside your coronary (heart) arteries.

During this procedure, your doctor can check the pressure and blood flow in your heart chambers, collect blood samples, and use x rays to look at your coronary arteries.

Coronary Angiography

Coronary angiography (an-jee-OG-rah-fee) usually is done with cardiac catheterization. A dye that can be seen on x ray is injected into your bloodstream through the tip of the catheter.

The dye allows your doctor to see the flow of blood to your heart muscle. Angiography also shows how well your heart is pumping.

Stress Test

Some heart problems are easier to diagnose when your heart is working hard and beating fast. During stress testing, you exercise to make your heart work hard and beat fast.

You may walk or run on a treadmill or pedal a bicycle. If you can't exercise, you may be given medicine to raise your heart rate.

Heart tests, such as nuclear heart scanning and echo, often are done during stress testing.

Cardiac MRI

Cardiac MRI (magnetic resonance imaging) uses radio waves, magnets, and a computer to create pictures of your heart as it's beating. The test produces both still and moving pictures of your heart and major blood vessels.

A cardiac MRI can show whether parts of your heart are damaged. Doctors also have used MRI in research studies to find early signs of heart failure, even before symptoms appear.

Thyroid Function Tests

Thyroid function tests show how well your thyroid gland is working. These tests include blood tests, imaging tests, and tests to stimulate the thyroid. Having too much or too little thyroid hormone in the blood can lead to heart failure.",Heart Failure
What are the treatments for Heart Failure ?,"Early diagnosis and treatment can help people who have heart failure live longer, more active lives. Treatment for heart failure depends on the type and severity of the heart failure.

The goals of treatment for all stages of heart failure include:

Treating the conditions underlying cause, such ascoronary heart disease,high blood pressure, ordiabetes

Reducing symptoms

Stopping the heart failure from getting worse

Increasing your lifespan and improving your quality of life

Treatments usually include lifestyle changes, medicines, and ongoing care. If you have severe heart failure, you also may need medical procedures or surgery.

Heart-Healthy Lifestyle Changes

Your doctor may recommend heart-healthy lifestyle changes if you have heart failure. Heart-healthy lifestyle changes include:

Heart-healthy eating

Maintaining a healthy weight

Physical activity

Quitting smoking

Heart-Healthy Eating

Your doctor may recommend a heart-healthy eating plan, which should include:

Fat-free or low-fat dairy products, such as skim milk

Fish high in omega-3 fatty acids, such as salmon, tuna, and trout, about twice a week

Fruits, such as apples, bananas, oranges, pears, and prunes

Legumes, such as kidney beans, lentils, chickpeas, black-eyed peas, and lima beans

Vegetables, such as broccoli, cabbage, and carrots

Whole grains, such as oatmeal, brown rice, and corn tortillas

When following a heart-healthy diet, you should avoid eating:

A lot of red meat

Palm and coconut oils

Sugary foods and beverages

Two nutrients in your diet make blood cholesterol levels rise:

Saturated fatfound mostly in foods that come from animals

Trans fat (trans fatty acids)found in foods made with hydrogenated oils and fats, such as stick margarine; baked goods, such as cookies, cakes, and pies; crackers; frostings; and coffee creamers. Some trans fats also occur naturally in animal fats andmeats.

Saturated fat raises your blood cholesterol more than anything else in your diet. When you follow a heart-healthy eating plan, only 5 percent to 6 percent of your daily calories should come from saturated fat. Food labels list the amounts of saturated fat. To help you stay on track, here are some examples:

If you eat:

Try to eat no more than:

1,200 calories a day 

8 grams of saturated fat a day 

1,500 calories a day

10 grams of saturated fat a day

1,800 calories a day

12 grams of saturated fat a day

2,000 calories a day

13 grams of saturated fat a day

2,500 calories a day

17 grams of saturated fat a day

Not all fats are bad. Monounsaturated and polyunsaturated fats actually help lower blood cholesterollevels.

Some sources of monounsaturated and polyunsaturated fats are:

Avocados

Corn, sunflower, and soybean oils

Nuts and seeds, such as walnuts

Olive, canola, peanut, safflower, and sesame oils

Peanut butter

Salmon and trout

Tofu

Sodium

You should try to limit the amount of sodium that you eat. This means choosing and preparing foods that are lower in salt and sodium. Try to use low-sodium and no added salt foods and seasonings at the table or while cooking. Food labels tell you what you need to know about choosing foods that are lower in sodium. Try to eat no more than 2,300 milligrams of sodium a day. If you have high blood pressure, you may need to restrict your sodium intake even more.

Dietary Approaches to Stop Hypertension

Your doctor may recommend the Dietary Approaches to Stop Hypertension (DASH) eating plan if you have high blood pressure. The DASH eating plan focuses on fruits, vegetables, whole grains, and other foods that are heart healthy and low in fat, cholesterol, and sodium and salt.

The DASH eating plan is a good heart-healthy eating plan, even for those who dont have high blood pressure. Read more about DASH.

Liquid Intake

Its important for people who have heart failure to take in the correct amounts and types of liquids. Consuming too much liquid can worsen heart failure. Also, if you have heart failure, you shouldnt drink alcohol. Talk with your doctor about what amounts and types of liquids you should have each day.

Maintaining a Healthy Weight

Maintaining a healthy weight is important for overall health and can lower your risk for heart failure and coronary heart disease. Aim for a Healthy Weight by following a heart-healthy eating plan and keeping physically active.

Knowing your body mass index (BMI) helps you find out if youre a healthy weight in relation to your height and gives an estimate of your total body fat. To figure out your BMI, check out the National Heart, Lung, and Blood Institutes (NHLBI) online BMI calculator or talk to your doctor. A BMI:

Below 18.5 is a sign that you are underweight.

Between 18.5 and 24.9 is in the normal range.

Between 25 and 29.9 is considered overweight.

Of 30 or more is considered obese.

A general goal to aim for is a BMI below 25. Your doctor or health care provider can help you set an appropriate BMI goal.

Measuring waist circumference helps screen for possible health risks. If most of your fat is around your waist rather than at your hips, youre at a higher risk for heart disease and type 2 diabetes. This risk may be higher with a waist size that is greater than 35 inches for women or greater than 40 inches for men. To learn how to measure your waist, visit Assessing Your Weight and Health Risk.

If youre overweight or obese, try to lose weight. A loss of just 3 percent to 5 percent of your current weight can lower your triglycerides, blood glucose, and the risk of developing type 2 diabetes. Greater amounts of weight loss can improve blood pressure readings, lower LDL cholesterol, and increase HDL cholesterol.

Physical Activity

Routine physical activity can lower many coronary heart disease risk factors, including LDL (bad) cholesterol, high blood pressure, and excess weight. Physical activity also can lower your risk for diabetes and raise your HDL cholesterol level. HDL is the good cholesterol that helps prevent coronary heart disease.

Everyone should try to participate in moderate-intensity aerobic exercise at least 2hours and 30minutes per week, or vigorous aerobic exercise for 1hour and 15minutes per week. Aerobic exercise, such as brisk walking, is any exercise in which your heart beats faster and you use more oxygen than usual. The more active you are, the more you will benefit. Participate in aerobic exercise for at least 10minutes at a time spread throughout the week.

Read more about physical activity at:

Physical Activity and Your Heart

U.S. Department of Health and Human Services 2008 Physical Activity Guidelines forAmericans

Talk with your doctor before you start a new exercise plan. Ask your doctor how much and what kinds of physical activity are safe for you.

Quitting Smoking

If you smoke, quit. Smoking can raise your risk for coronary heart disease and heart attack and worsen heart failure. Talk with your doctor about programs and products that can help you quit smoking. Also, try to avoid secondhand smoke.

If you have trouble quitting smoking on your own, consider joining a support group. Many hospitals, workplaces, and community groups offer classes to help people quit smoking.

Read more about quitting smoking at Smoking and Your Heart.

Medicines

Your doctor will prescribe medicines based on the type of heart failure you have, how severe it is, and your response to certain medicines. The following medicines are commonly used to treat heart failure:

ACE inhibitors lower blood pressure and reduce strain on your heart. They also may reduce the risk of a futureheart attack.

Aldosterone antagonists trigger the body to remove excess sodium through urine. This lowers the volume of blood that the heart must pump.

Angiotensin receptor blockers relax your blood vessels and lower blood pressure to decrease your hearts workload.

Beta blockers slow your heart rate and lower your blood pressure to decrease your hearts workload.

Digoxin makes the heart beat stronger and pump more blood.

Diuretics (fluid pills) help reduce fluid buildup in your lungs and swelling in your feet and ankles.

Isosorbide dinitrate/hydralazine hydrochloride helps relax your blood vessels so your heart doesnt work as hard to pump blood. Studies have shown that this medicine can reduce the risk of death in blacks. More studies are needed to find out whether this medicine will benefit other racial groups.

Take all medicines regularly, as your doctor prescribes. Dont change the amount of your medicine or skip a dose unless your doctor tells you to. You should still follow a heart healthy lifestyle, even if you take medicines to treat your heart failure.

Ongoing Care

You should watch for signs that heart failure is getting worse. For example, weight gain may mean that fluids are building up in your body. Ask your doctor how often you should check your weight and when to report weight changes.

Getting medical care for other related conditions is important. If you have diabetes or high blood pressure, work with your health care team to control these conditions. Have your blood sugar level and blood pressure checked. Talk with your doctor about when you should have tests and how often to take measurements at home.

Try to avoid respiratory infections like the flu andpneumonia. Talk with your doctor or nurse about getting flu and pneumonia vaccines.

Many people who have severe heart failure may need treatment in a hospital from time to time. Your doctor may recommend oxygen therapy, which can be given in a hospital or at home.

Medical Procedures and Surgery

As heart failure worsens, lifestyle changes and medicines may no longer control your symptoms. You may need a medical procedure or surgery.

In heart failure, the right and left sides of the heart may no longer contract at the same time. This disrupts the hearts pumping. To correct this problem, your doctor might implant a cardiac resynchronization therapy device (a type ofpacemaker) near your heart. This device helps both sides of your heart contract at the same time, which can decrease heart failure symptoms.

Some people who have heart failure have very rapid, irregular heartbeats. Without treatment, these heartbeats can causesudden cardiac arrest. Your doctor might implant an implantable cardioverter defibrillator (ICD) near your heart to solve this problem. An ICD checks your heart rate and uses electrical pulses to correct irregular heart rhythms.

People who have severe heart failure symptoms at rest, despite other treatments, may need:

A mechanical heart pump, such as aleft ventricular assist device. This device helps pump blood from the heart to the rest of the body. You may use a heart pump until you have surgery or as a long-term treatment.

Heart transplant. A heart transplant is an operation in which a persons diseased heart is replaced with a healthy heart from a deceased donor. Heart transplants are done as a life-saving measure for end-stage heart failure when medical treatment and less drastic surgery have failed.",Heart Failure
How to prevent Heart Failure ?,"You can take steps to prevent heart failure. The sooner you start, the better your chances of preventing or delaying the condition.

For People Who Have Healthy Hearts

If you have a healthy heart, you can take action to prevent heart disease and heart failure. To reduce your risk of heart disease:

Avoid using illegal drugs.

Be physically active. The more active you are, the more you will benefit.

Follow a heart-healthy eating plan.

If yousmoke, make an effort to quit. Talk with your doctor about programs and products that can help you quit smoking. Also, try to avoid secondhand smoke.

Maintain a healthy weight. Work with your health care team to create a reasonable weight-loss plan.

For People Who Are at High Risk for Heart Failure

Even if youre at high risk for heart failure, you can take steps to reduce your risk. People at high risk include those who have coronary heart disease,high blood pressure, ordiabetes.

Follow all of the steps listed above. Talk with your doctor about what types and amounts of physical activity are safe for you.

Treat and control any conditions that can cause heart failure. Take medicines as your doctor prescribes.

Avoid drinking alcohol.

See your doctor for ongoing care.

For People Who Have Heart Damage but No Signs of Heart Failure

If you have heart damage but no signs of heart failure, you can still reduce your risk of developing the condition. In addition to the steps above, take your medicines as prescribed to reduce your hearts workload.",Heart Failure
What is (are) Diabetic Heart Disease ?,"The term ""diabetic heart disease"" (DHD) refers to heart disease that develops in people who have diabetes. Compared with people who don't have diabetes, people who have diabetes:

Are at higher risk for heart disease

Have additional causes of heart disease

May develop heart disease at a younger age

May have more severe heart disease

What Is Diabetes?

Diabetes is a disease in which the body's blood glucose (sugar) level is too high. Normally, the body breaks down food into glucose and carries it to cells throughout the body. The cells use a hormone called insulin to turn the glucose into energy.

The two main types of diabetes are type 1 and type 2. In type 1 diabetes, the body doesn't make enough insulin. This causes the body's blood sugar level to rise.

In type 2 diabetes, the body's cells don't use insulin properly (a condition called insulin resistance). At first, the body reacts by making more insulin. Over time, though, the body can't make enough insulin to control its blood sugar level.

For more information about diabetes, go to the National Institute of Diabetes and Digestive and Kidney Diseases' Introduction to Diabetes Web page.

What Heart Diseases Are Involved in Diabetic Heart Disease?

DHD may include coronary heart disease (CHD), heart failure, and/or diabetic cardiomyopathy (KAR-de-o-mi-OP-ah-thee).

Coronary Heart Disease

In CHD, a waxy substance called plaque (plak) builds up inside the coronary arteries. These arteries supply your heart muscle with oxygen-rich blood.

Plaque is made up of fat, cholesterol, calcium, and other substances found in the blood. When plaque builds up in the arteries, the condition is called atherosclerosis (ATH-er-o-skler-O-sis).

Plaque narrows the coronary arteries and reduces blood flow to your heart muscle. The buildup of plaque also makes it more likely that blood clots will form in your arteries. Blood clots can partially or completely block blood flow.

CHD can lead to chest pain or discomfort called angina (an-JI-nuh or AN-juh-nuh), irregular heartbeats called arrhythmias (ah-RITH-me-ahs), a heart attack, or even death.

Heart Failure

Heart failure is a condition in which your heart can't pump enough blood to meet your body's needs. The term heart failure doesn't mean that your heart has stopped or is about to stop working. However, heart failure is a serious condition that requires medical care.

If you have heart failure, you may tire easily and have to limit your activities. CHD can lead to heart failure by weakening the heart muscle over time.

Diabetic Cardiomyopathy

Diabetic cardiomyopathy is a disease that damages the structure and function of the heart. This disease can lead to heart failure and arrhythmias, even in people who have diabetes but don't have CHD.

Overview

People who have type 1 or type 2 diabetes can develop DHD. The higher a person's blood sugar level is, the higher his or her risk of DHD.

Diabetes affects heart disease risk in three major ways.

First, diabetes alone is a very serious risk factor for heart disease, just like smoking, high blood pressure, and high blood cholesterol. In fact, people who have type 2 diabetes have the same risk of heart attack and dying from heart disease as people who already have had heart attacks.

Second, when combined with other risk factors, diabetes further raises the risk of heart disease. Although research is ongoing, it's clear that diabetes and other conditionssuch as overweight and obesity and metabolic syndromeinteract to cause harmful physical changes to the heart.

Third, diabetes raises the risk of earlier and more severe heart problems. Also, people who have DHD tend to have less success with some heart disease treatments, such as coronary artery bypass grafting and percutaneous coronary intervention,also known as coronary angioplasty.

Outlook

If you have diabetes, you can lower your risk of DHD. Making lifestyle changes and taking prescribed medicines can help you prevent or control many risk factors.

Taking action to manage multiple risk factors helps improve your outlook. The good news is that many lifestyle changes help control multiple risk factors. For example, physical activity can lower your blood pressure, help control your blood sugar level and your weight, and reduce stress.

It's also very important to follow your treatment plan for diabetes and see your doctor for ongoing care.

If you already have DHD, follow your treatment plan as your doctors advises. This may help you avoid or delay serious problems, such as a heart attack or heart failure.",Diabetic Heart Disease
What causes Diabetic Heart Disease ?,"At least four complex processes, alone or combined, can lead to diabetic heart disease (DHD). They include coronary atherosclerosis; metabolic syndrome; insulin resistance in people who have type 2 diabetes; and the interaction of coronary heart disease (CHD), high blood pressure, and diabetes.

Researchers continue to study these processes because all of the details aren't yet known.

Coronary Atherosclerosis

Atherosclerosis is a disease in which plaque builds up inside the arteries. The exact cause of atherosclerosis isn't known. However, studies show that it is a slow, complex disease that may start in childhood. The disease develops faster as you age.

Coronary atherosclerosis may start when certain factors damage the inner layers of the coronary (heart) arteries. These factors include:

Smoking

High amounts of certain fats and cholesterol in the blood

High blood pressure

High amounts of sugar in the blood due to insulin resistance or diabetes

Plaque may begin to build up where the arteries are damaged. Over time, plaque hardens and narrows the arteries. This reduces the flow of oxygen-rich blood to your heart muscle.

Eventually, an area of plaque can rupture (break open). When this happens, blood cell fragments called platelets (PLATE-lets) stick to the site of the injury. They may clump together to form blood clots.

Blood clots narrow the coronary arteries even more. This limits the flow of oxygen-rich blood to your heart and may worsen angina (chest pain) or cause a heart attack.

Metabolic Syndrome

Metabolic syndrome is the name for a group of risk factors that raises your risk of both CHD and type 2 diabetes.

If you have three or more of the five metabolic risk factors, you have metabolic syndrome. The risk factors are:

A large waistline (a waist measurement of 35 inches or more for women and 40 inches or more for men).

A high triglyceride (tri-GLIH-seh-ride) level (or youre on medicine to treat high triglycerides). Triglycerides are a type of fat found in the blood.

A low HDL cholesterol level (or you're on medicine to treat low HDL cholesterol). HDL sometimes is called ""good"" cholesterol. This is because it helps remove cholesterol from your arteries.

High blood pressure (or youre on medicine to treat high blood pressure).

A high fasting blood sugar level (or you're on medicine to treat high blood sugar).

It's unclear whether these risk factors have a common cause or are mainly related by their combined effects on the heart.

Obesity seems to set the stage for metabolic syndrome. Obesity can cause harmful changes in body fats and how the body uses insulin.

Chronic (ongoing) inflammation also may occur in people who have metabolic syndrome. Inflammation is the body's response to illness or injury. It may raise your risk of CHD and heart attack. Inflammation also may contribute to or worsen metabolic syndrome.

Research is ongoing to learn more about metabolic syndrome and how metabolic risk factors interact.

Insulin Resistance in People Who Have Type 2 Diabetes

Type 2 diabetes usually begins with insulin resistance. Insulin resistance means that the body can't properly use the insulin it makes.

People who have type 2 diabetes and insulin resistance have higher levels of substances in the blood that cause blood clots. Blood clots can block the coronary arteries and cause a heart attack or even death.

The Interaction of Coronary Heart Disease, High Blood Pressure, and Diabetes

Each of these risk factors alone can damage the heart. CHD reduces the flow of oxygen-rich blood to your heart muscle. High blood pressure and diabetes may cause harmful changes in the structure and function of the heart.

Having CHD, high blood pressure, and diabetes is even more harmful to the heart. Together, these conditions can severely damage the heart muscle. As a result, the heart has to work harder than normal. Over time, the heart weakens and isnt able to pump enough blood to meet the bodys needs. This condition is called heart failure.

As the heart weakens, the body may release proteins and other substances into the blood. These proteins and substances also can harm the heart and worsen heart failure.",Diabetic Heart Disease
Who is at risk for Diabetic Heart Disease? ?,"People who have type 1 or type 2 diabetes are at risk for diabetic heart disease (DHD). Diabetes affects heart disease risk in three major ways.

First, diabetes alone is a very serious risk factor for heart disease. Second, when combined with other risk factors, diabetes further raises the risk of heart disease. Third, compared with people who don't have diabetes, people who have the disease are more likely to:

Have heart attacks and other heart and blood vessel diseases. In men, the risk is double; in women, the risk is triple.

Have more complications after a heart attack, such as angina (chest pain or discomfort) and heart failure.

Die from heart disease.

The higher your blood sugar level is, the higher your risk of DHD. (A higher than normal blood sugar level is a risk factor for heart disease even in people who don't have diabetes.)

Type 2 diabetes raises your risk of having silent heart diseasethat is, heart disease with no signs or symptoms. You can even have a heart attack without feeling symptoms. Diabetes-related nerve damage that blunts heart pain may explain why symptoms aren't noticed.

Other Risk Factors

Other factors also can raise the risk of coronary heart disease (CHD) in people who have diabetes and in those who don't. You can control most of these risk factors, but some you can't.

For a more detailed discussion of these risk factors, go to the Health Topics Coronary Heart Disease Risk Factors article.

Risk Factors You Can Control

Unhealthy blood cholesterol levels. This includes high LDL cholesterol (sometimes called ""bad"" cholesterol) and low HDL cholesterol (sometimes called ""good"" cholesterol).

High blood pressure. Blood pressure is considered high if it stays at or above 140/90 mmHg over time. If you have diabetes or chronic kidney disease, high blood pressure is defined as 130/80 mmHg or higher. (The mmHg is millimeters of mercurythe units used to measure blood pressure.)

Smoking. Smoking can damage and tighten blood vessels, lead to unhealthy cholesterol levels, and raise blood pressure. Smoking also can limit how much oxygen reaches the body's tissues.

Prediabetes. This is a condition in which your blood sugar level is higher than normal, but not as high as it is in diabetes. If you have prediabetes and don't take steps to manage it, you'll likely develop type 2 diabetes within 10 years.

Overweight or obesity. Being overweight or obese raises your risk of heart disease and heart attack. Overweight and obesity also are linked to other heart disease risk factors, such as high blood cholesterol, high blood pressure, and diabetes. Most people who have type 2 diabetes are overweight.

Metabolic syndrome. Metabolic syndrome is the name for a group of risk factors that raises your risk of heart disease and type 2 diabetes. Metabolic syndrome also raises your risk of other health problems, such as stroke.

Lack of physical activity. Lack of physical activity can worsen other risk factors for heart disease, such as unhealthy blood cholesterol levels, high blood pressure, diabetes, and overweight or obesity.

Unhealthy diet. An unhealthy diet can raise your risk of heart disease. Foods that are high in saturated and trans fats, cholesterol, sodium (salt), and sugar can worsen other heart disease risk factors.

Stress. Stress and anxiety can trigger your arteries to tighten. This can raise your blood pressure and your risk of having a heart attack. Stress also may indirectly raise your risk of heart disease if it makes you more likely to smoke or overeat foods high in fat and sugar.

Risk Factors You Can't Control

Age. As you get older, your risk of heart disease and heart attack rises. In men, the risk of heart disease increases after age 45. In women, the risk increases after age 55. In people who have diabetes, the risk of heart disease increases after age 40.

Gender. Before age 55, women seem to have a lower risk of heart disease than men. After age 55, however, the risk of heart disease increases similarly in both women and men.

Family history of early heart disease. Your risk increases if your father or a brother was diagnosed with heart disease before 55 years of age, or if your mother or a sister was diagnosed with heart disease before 65 years of age.

Preeclampsia (pre-e-KLAMP-se-ah). This condition can develop during pregnancy. The two main signs of preeclampsia are a rise in blood pressure and excess protein in the urine. Preeclampsia is linked to an increased lifetime risk of CHD, heart attack, heart failure, and high blood pressure.",Diabetic Heart Disease
What are the symptoms of Diabetic Heart Disease ?,"Some people who have diabetic heart disease (DHD) may have no signs or symptoms of heart disease. This is called silent heart disease. Diabetes-related nerve damage that blunts heart pain may explain why symptoms aren't noticed.

Thus, people who have diabetes should have regular medical checkups. Tests may reveal a problem before they're aware of it. Early treatment can reduce or delay related problems.

Some people who have DHD will have some or all of the typical symptoms of heart disease. Be aware of the symptoms described below and seek medical care if you have them.

If you think you're having a heart attack, call 911 right away for emergency care. Treatment for a heart attack works best when it's given right after symptoms occur.

Coronary Heart Disease

A common symptom of coronary heart disease (CHD) is angina. Angina is chest pain or discomfort that occurs if your heart muscle doesn't get enough oxygen-rich blood.

Angina may feel like pressure or squeezing in your chest. You also may feel it in your shoulders, arms, neck, jaw, or back. Angina pain may even feel like indigestion. The pain tends to get worse with activity and go away with rest. Emotional stress also can trigger the pain.

See your doctor if you think you have angina. He or she may recommend tests to check your coronary arteries and to see whether you have CHD risk factors.

Other CHD signs and symptoms include nausea (feeling sick to your stomach), fatigue (tiredness), shortness of breath, sweating, light-headedness, and weakness.

Some people don't realize they have CHD until they have a heart attack. A heart attack occurs if a blood clot forms in a coronary artery and blocks blood flow to part of the heart muscle.

The most common heart attack symptom is chest pain or discomfort. Most heart attacks involve discomfort in the center or left side of the chest that often lasts for more than a few minutes or goes away and comes back.

The discomfort can feel like uncomfortable pressure, squeezing, fullness, or pain. The feeling can be mild or severe. Heart attack pain sometimes feels like indigestion or heartburn. Shortness of breath may occur with or before chest discomfort.

Heart attacks also can cause upper body discomfort in one or both arms, the back, neck, jaw, or upper part of the stomach. Other heart attack symptoms include nausea, vomiting, light-headedness or sudden dizziness, breaking out in a cold sweat, sleep problems, fatigue, and lack of energy.

Some heart attack symptoms are similar to angina symptoms. Angina pain usually lasts for only a few minutes and goes away with rest. Chest pain or discomfort that doesn't go away or changes from its usual pattern (for example, occurs more often or while you're resting) can be a sign of a heart attack.

If you don't know whether your chest pain is angina or a heart attack, call 911 right away for emergency care.

Not everyone who has a heart attack has typical symptoms. If you've already had a heart attack, your symptoms may not be the same for another one. Also, diabetes-related nerve damage can interfere with pain signals in the body. As a result, some people who have diabetes may have heart attacks without symptoms.

Heart Failure

The most common symptoms of heart failure are shortness of breath or trouble breathing, fatigue, and swelling in the ankles, feet, legs, abdomen, and veins in your neck. As the heart weakens, heart failure symptoms worsen.

People who have heart failure can live longer and more active lives if the condition is diagnosed early and they follow their treatment plans. If you have any form of DHD, talk with your doctor about your risk of heart failure.

Diabetic Cardiomyopathy

Diabetic cardiomyopathy may not cause symptoms in its early stages. Later, you may have weakness, shortness of breath, a severe cough, fatigue, and swelling of the legs and feet.",Diabetic Heart Disease
How to diagnose Diabetic Heart Disease ?,"Your doctor will diagnose diabetic heart disease (DHD) based on your signs and symptoms, medical and family histories, a physical exam, and the results from tests and procedures.

Doctors and researchers are still trying to find out whether routine testing for DHD will benefit people who have diabetes but no heart disease symptoms.

Initial Tests

No single test can diagnose DHD, which may involve coronary heart disease (CHD), heart failure, and/or diabetic cardiomyopathy. Initially, your doctor may recommend one or more of the following tests.

Blood Pressure Measurement

To measure your blood pressure, your doctor or nurse will use some type of a gauge, a stethoscope (or electronic sensor), and a blood pressure cuff.

Most often, you'll sit or lie down with the cuff around your arm as your doctor or nurse checks your blood pressure. If he or she doesn't tell you what your blood pressure numbers are, you should ask.

Blood Tests

Blood tests check the levels of certain fats, cholesterol, sugar, and proteins in your blood. Abnormal levels of these substances may show that you're at risk for DHD.

A blood test also can check the level of a hormone called BNP (brain natriuretic peptide) in your blood. The heart makes BNP, and the level of BNP rises during heart failure.

Chest X Ray

A chest x ray takes pictures of the organs and structures inside your chest, such as your heart, lungs, and blood vessels. A chest x ray can reveal signs of heart failure.

EKG (Electrocardiogram)

An EKG is a simple, painless test that detects and records your heart's electrical activity. The test shows how fast your heart is beating and its rhythm (steady or irregular). An EKG also records the strength and timing of electrical signals as they pass through your heart.

An EKG can show signs of heart damage due to CHD and signs of a previous or current heart attack.

Stress Test

Some heart problems are easier to diagnose when your heart is working hard and beating fast. Stress testing gives your doctor information about how your heart works during physical stress.

During a stress test, you exercise (walk or run on a treadmill or pedal a bicycle) to make your heart work hard and beat fast. Tests are done on your heart while you exercise. If you cant exercise, you may be given medicine to raise your heart rate.

Urinalysis

For this test, you'll give a sample of urine for analysis. The sample is checked for abnormal levels of protein or blood cells. In people who have diabetes, protein in the urine is a risk factor for DHD.

Other Tests and Procedures

Your doctor may refer you to a cardiologist if your initial test results suggest that you have a form of DHD. A cardiologist is a doctor who specializes in diagnosing and treating heart diseases and conditions.

The cardiologist may recommend other tests or procedures to get more detailed information about the nature and extent of your DHD.

For more information about other tests and procedures, go to the diagnosis sections of the Health Topics Coronary Heart Disease, Heart Failure, and Cardiomyopathy articles.",Diabetic Heart Disease
What are the treatments for Diabetic Heart Disease ?,"Diabetic heart disease (DHD) is treated with lifestyle changes, medicines, and medical procedures. The goals of treating DHD include:

Controlling diabetes and any other heart disease risk factors you have, such as unhealthy blood cholesterol levels and high blood pressure

Reducing or relieving heart disease symptoms, such as angina (chest pain or discomfort)

Preventing or delaying heart disease complications, such as a heart attack

Repairing heart and coronary artery damage

Following the treatment plan your doctor recommends is very important. Compared with people who don't have diabetes, people who have the disease are at higher risk for heart disease, have additional causes of heart disease, may develop heart disease at a younger age, and may have more severe heart disease.

Taking action to manage multiple risk factors helps improve your outlook. The good news is that many lifestyle changes help control multiple risk factors.

Lifestyle Changes

Following a healthy lifestyle is an important part of treating diabetes and DHD. Some people who have diabetes can manage their blood pressure and blood cholesterol levels with lifestyle changes alone.

Following a Healthy Diet

A healthy diet includes a variety of vegetables and fruits. It also includes whole grains, fat-free or low-fat dairy products, and protein foods, such as lean meats, poultry without skin, seafood, processed soy products, nuts, seeds, beans, and peas.

A healthy diet is low in sodium (salt), added sugars, solid fats, and refined grains. Solid fats are saturated fat and trans fatty acids. Refined grains come from processing whole grains, which results in a loss of nutrients (such as dietary fiber).

For more information about following a healthy diet, go to the National Heart, Lung, and Blood Institutes (NHLBIs) Your Guide to Lowering Your Blood Pressure With DASH and the U.S. Department of Agricultures ChooseMyPlate.gov Web site. Both resources provide general information about healthy eating.

Maintaining a Healthy Weight

Controlling your weight helps you control heart disease risk factors. If youre overweight or obese, work with your doctor to create a reasonable weight-loss plan.

For more information about losing weight or maintaining your weight, go to the Health Topics Overweight and Obesity article.

Being Physically Active

Regular physical activity can lower many heart disease risk factors, and it helps control your blood sugar level. Physical activity also can improve how insulin works. (Insulin is a hormone that helps turn glucose into energy.)

Generally, adults should do at least 150 minutes (2hours and 30 minutes) of moderate-intensity physical activity each week. You dont have to do the activity all at once. You can break it up into shorter periods of at least 10 minutes each.

Talk with your doctor about what types and amounts and physical activity are safe for you. People who have diabetes must be careful to watch their blood sugar levels and avoid injury to their feet during physical activity.

For more information about physical activity, go to the U.S. Department of Health and Human Services' ""2008 Physical Activity Guidelines for Americans,"" the Health Topics Physical Activity and Your Heart article, and the NHLBI's ""Your Guide to Physical Activity and Your Heart.""

Quitting Smoking

Smoking can damage your blood vessels and raise your risk of heart disease. Talk with your doctor about programs and products that can help you quit smoking. Also, try to avoid secondhand smoke.

If you have trouble quitting smoking on your own, consider joining a support group. Many hospitals, workplaces, and community groups offer classes to help people quit smoking.

For more information about how to quit smoking, go to the Health Topics Smoking and Your Heart article and the NHLBI's ""Your Guide to a Healthy Heart.""

Managing Stress

Research shows that strong emotions, such as anger, can trigger a heart attack. Learning how to managestress, relax, and cope with problems can improve your emotional and physical health.

Medicines

Medicines are an important part of treatment for people who have diabetes and for people who have DHD.

Medicines can help control blood sugar levels, lower blood pressure, reduce the risk of blood clots, improve blood cholesterol levels, reduce the heart's workload, and treat angina symptoms.

Your doctor will prescribe medicines based on your specific needs.

Medical Procedures

If you have DHD, your doctor may recommend a medical procedure. The type of procedure will depend on the type of heart disease you have.

For example, both percutaneous coronary intervention (PCI),also known as coronaryangioplasty, and coronary artery bypass grafting (CABG) are used to treat coronary heart disease (CHD). Both of these procedures improve blood flow to your heart. PCI also can relieve chest pain. CABG can relieve chest pain and may help prevent a heart attack.

If you have heart damage and severe heart failure symptoms, your doctor may recommend a cardiac resynchronization therapy (CRT) device or an implantable cardioverter defibrillator (ICD).

A CRT device is a type of pacemaker. A pacemaker is a small device that helps control abnormal heart rhythms. Its placed under the skin of the chest or abdomen. A CRT device helps the heart's lower chambers contract at the same time, which may decrease heart failure symptoms.

An ICD is similar to a pacemaker. An ICD is a small device thats placed under the skin of the chest or abdomen. The device uses electrical pulses or shocks to help control dangerous heart rhythms.

Your doctor also may recommend a pacemaker or ICD to treat diabetic cardiomyopathy. Other types of surgery also are used to treat this type of heart disease.

For more information about medical procedures used to treat diabetes-related heart diseases, go to the treatment sections of the Health Topics Coronary Heart Disease, Heart Failure, and Cardiomyopathy articles.

Diabetes-Specific Treatment Issues

The treatments described above are used for people who have DHD and for people who have heart disease without diabetes. However, some aspects of heart disease treatment differ for people who have diabetes.

Treatment for High Blood Pressure and High Blood Cholesterol

Treatment for high blood pressure and high blood cholesterol often begins earlier in people who have diabetes than in those who don't. People who have diabetes also may have more aggressive treatment goals.

For example, your doctor may prescribe medicines called statins even if your blood cholesterol levels are in the normal range. Your doctor also may prescribe statins if you're older than 40 and have other heart disease risk factors.

Target goals for LDL cholesterol (sometimes called ""bad"" cholesterol) and high blood pressure also are lower for people who have diabetes than for those who don't. Studies suggest that most people who have diabetes will need more than one blood pressure medicine to reach their goals.

Research also has shown that some people who have diabetes may benefit more from certain blood pressure and cholesterol medicines than from others.

One example is a group of cholesterol medicines called bile acid sequestrants (such as cholestyramine). This type of medicine may offer advantages for people who have type 2 diabetes. It appears to improve blood sugar control and lower LDL cholesterol.

Treatment for Heart Failure

Some studies suggest that certain medicines may have advantages for treating heart failure in people who have diabetes. These medicines include ACE inhibitors, angiotensin receptor blockers, aldosterone antagonists, and beta blockers.

Research shows that two blood sugar medicines (insulin and sulfanylureas) don't seem to reduce the risk of heart failure in people who have type 2 diabetes. A third medicine (metformin) shows promise, but research is still ongoing.

Heart Attack Prevention

Doctors may recommend aspirin for people with diabetes who are at increased risk for heart disease and heart attack. Taken each day, low-dose aspirin may prevent blood clots that can lead to a heart attack.

People with diabetes who are at increased risk include most men older than 50 and most women older than 60 who have one or more of the following risk factors:

Smoking

High blood pressure

High blood cholesterol

A family history of early heart disease

A higher than normal level of protein in their urine

Blood Sugar Control

Controlling blood sugar levels is good for heart health. For example, controlling blood sugar improves everyday heart function for people who have diabetes and heart failure.",Diabetic Heart Disease
How to prevent Diabetic Heart Disease ?,"Taking action to control risk factors can help prevent or delay heart disease in people who have diabetes and in those who don't. Your risk of heart disease increases with the number of risk factors you have.

One step you can take is to adopt a healthy lifestyle. A healthy lifestyle should be part of a lifelong approach to healthy living. A healthy lifestyle includes:

Following a healthy diet

Maintaining a healthy weight

Being physically active

Quitting smoking

Managing stress

You also should know your family history of diabetes and heart disease. If you or someone in your family has diabetes, heart disease, or both, let your doctor know.

Your doctor may prescribe medicines to control certain risk factors, such as high blood pressure and high blood cholesterol. Take all of your medicines exactly as your doctor advises.

People who have diabetes also need good blood sugar control. Controlling your blood sugar level is good for heart health. Ask your doctor about the best ways to control your blood sugar level.

For more information about lifestyle changes and medicines, go to ""How Is Diabetic Heart Disease Treated?""",Diabetic Heart Disease
What is (are) Coronary Heart Disease ?,"Espaol

Coronary heart disease (CHD) is a disease in which a waxy substance called plaque builds up inside the coronary arteries. These arteries supply oxygen-rich blood to your heart muscle.

When plaque builds up in the arteries, the condition is called atherosclerosis. The buildup of plaque occurs over many years.

Atherosclerosis



Over time, plaque can harden or rupture (break open). Hardened plaque narrows the coronary arteries and reduces the flow of oxygen-rich blood to the heart.

If the plaque ruptures, a blood clot can form on its surface. A large blood clot can mostly or completely block blood flow through a coronary artery. Over time, ruptured plaque also hardens and narrows the coronary arteries.

Overview

If the flow of oxygen-rich blood to your heart muscle is reduced or blocked, angina or a heart attack can occur.

Angina is chest pain or discomfort. It may feel like pressure or squeezing in your chest. The pain also can occur in your shoulders, arms, neck, jaw, or back. Angina pain may even feel like indigestion.

A heart attack occurs if the flow of oxygen-rich blood to a section of heart muscle is cut off. If blood flow isnt restored quickly, the section of heart muscle begins to die. Without quick treatment, a heart attack can lead to serious health problems or death.

Over time, CHD can weaken the heart muscle and lead to heart failure and arrhythmias. Heart failure is a condition in which your heart can't pump enough blood to meet your bodys needs. Arrhythmias are problems with the rate or rhythm of the heartbeat.

Outlook

Lifestyle changes, medicines, and medical procedures can help prevent or treat coronary heart disease. These treatments may reduce the risk of related health problems.",Coronary Heart Disease
What causes Coronary Heart Disease ?,"Research suggests that coronary heart disease (CHD) starts when certain factors damage the inner layers of the coronary arteries. These factors include:

Smoking

High levels of certain fats and cholesterol in the blood

High blood pressure

High levels of sugar in the blood due to insulin resistance or diabetes

Blood vessel inflammation

Plaque might begin to build up where the arteries are damaged. The buildup of plaque in the coronary arteries may start in childhood.

Over time, plaque can harden or rupture (break open). Hardened plaque narrows the coronary arteries and reduces the flow of oxygen-rich blood to the heart. This can cause angina (chest pain or discomfort).

If the plaque ruptures, blood cell fragments called platelets (PLATE-lets) stick to the site of the injury. They may clump together to form blood clots.

Blood clots can further narrow the coronary arteries and worsen angina. If a clot becomes large enough, it can mostly or completely block a coronary artery and cause a heart attack.",Coronary Heart Disease
Who is at risk for Coronary Heart Disease? ?,"In the United States, coronary heart disease (CHD) is a leading cause of death for both men and women. Each year, about 370,000 Americans die from coronary heart disease.

Certain traits, conditions, or habits may raise your risk for CHD. The more risk factors you have, the more likely you are to develop the disease.

You can control many risk factors, which may help prevent or delay CHD.

Major Risk Factors

Unhealthy blood cholesterol levels. This includes high LDL cholesterol (sometimes called bad cholesterol) and low HDL cholesterol (sometimes called good cholesterol).

High blood pressure. Blood pressure is considered high if it stays at or above 140/90 mmHg over time. If you have diabetes or chronic kidney disease, high blood pressure is defined as 130/80 mmHg or higher. (The mmHg is millimeters of mercurythe units used to measure blood pressure.)

Smoking. Smoking can damage and tighten blood vessels, lead to unhealthy cholesterol levels, and raise blood pressure. Smoking also can limit how much oxygen reaches the body's tissues.

Insulin resistance. This condition occurs if the body can't use its own insulin properly. Insulin is a hormone that helps move blood sugar into cells where it's used for energy. Insulin resistance may lead to diabetes.

Diabetes. With this disease, the body's blood sugar level is too high because the body doesn't make enough insulin or doesn't use its insulin properly.

Overweight or obesity. The terms overweight and obesity refer to body weight thats greater than what is considered healthy for a certain height.

Metabolic syndrome. Metabolic syndrome is the name for a group of risk factors that raises your risk for CHD and other health problems, such as diabetes and stroke.

Lack of physical activity. Being physically inactive can worsen other risk factors for CHD, such as unhealthy blood cholesterol levels, high blood pressure, diabetes, and overweight or obesity.

Unhealthy diet. An unhealthy diet can raise your risk for CHD. Foods that are high in saturated and trans fats, cholesterol, sodium, and sugar can worsen other risk factors for CHD.

Older age. Genetic or lifestyle factors cause plaque to build up in your arteries as you age. In men, the risk for coronary heart disease increases starting at age 45. In women, the risk for coronary heart disease increases starting at age 55.

A family history of early coronary heart disease is a risk factor for developing coronary heart disease, specifically if a father or brother is diagnosed before age 55, or a mother or sister is diagnosed before age 65.

Although older age and a family history of early heart disease are risk factors, it doesn't mean that youll develop CHD if you have one or both. Controlling other risk factors often can lessen genetic influences and help prevent CHD, even in older adults.

Emerging Risk Factors

Researchers continue to study other possible risk factors for CHD.

High levels of a protein called C-reactive protein (CRP) in the blood may raise the risk of CHD and heart attack. High levels of CRP are a sign of inflammation in the body.

Inflammation is the body's response to injury or infection. Damage to the arteries' inner walls may trigger inflammation and help plaque grow.

Research is under way to find out whether reducing inflammation and lowering CRP levels also can reduce the risk of CHD and heart attack.

High levels of triglycerides in the blood also may raise the risk of CHD, especially in women. Triglycerides are a type of fat.

Other Risks Related to Coronary Heart Disease

Other conditions and factors also may contribute to CHD, including:

Sleep apnea. Sleep apnea is a common disorder in which you have one or more pauses in breathing or shallow breaths while you sleep. Untreated sleep apnea can increase your risk for high blood pressure, diabetes, and even a heart attack or stroke.

Stress. Research shows that the most commonly reported ""trigger"" for a heart attack is an emotionally upsetting event, especially one involving anger.

Alcohol. Heavy drinking can damage the heart muscle and worsen other CHD risk factors. Men should have no more than two drinks containing alcohol a day. Women should have no more than one drink containing alcohol a day.

Preeclampsia. This condition can occur during pregnancy. The two main signs of preeclampsia are a rise in blood pressure and excess protein in the urine. Preeclampsia is linked to an increased lifetime risk of heart disease, including CHD, heart attack, heart failure, and high blood pressure.

For more detailed information, go to the Health Topics Coronary Heart Disease Risk Factors article.",Coronary Heart Disease
What are the symptoms of Coronary Heart Disease ?,"A common symptom of coronary heart disease (CHD) is angina. Angina is chest pain or discomfort that occurs if an area of your heart muscle doesn't get enough oxygen-rich blood.

Angina may feel like pressure or squeezing in your chest. You also may feel it in your shoulders, arms, neck, jaw, or back. Angina pain may even feel like indigestion. The pain tends to get worse with activity and go away with rest. Emotional stress also can trigger the pain.

Another common symptom of CHD is shortness of breath. This symptom occurs if CHD causes heart failure. When you have heart failure, your heart can't pump enough blood to meet your bodys needs. Fluid builds up in your lungs, making it hard to breathe.

The severity of these symptoms varies. They may get more severe as the buildup of plaque continues to narrow the coronary arteries.

Signs and Symptoms of Heart Problems Related to Coronary Heart Disease

Some people who have CHD have no signs or symptomsa condition called silent CHD. The disease might not be diagnosed until a person has signs or symptoms of a heart attack, heart failure, or an arrhythmia (an irregular heartbeat).

Heart Attack

A heart attack occurs if the flow of oxygen-rich blood to a section of heart muscle is cut off. This can happen if an area of plaque in a coronary artery ruptures (breaks open).

Blood cell fragments called platelets stick to the site of the injury and may clump together to form blood clots. If a clot becomes large enough, it can mostly or completely block blood flow through a coronary artery.

If the blockage isnt treated quickly, the portion of heart muscle fed by the artery begins to die. Healthy heart tissue is replaced with scar tissue. This heart damage may not be obvious, or it may cause severe or long-lasting problems.

Heart With Muscle Damage and a Blocked Artery





The most common heart attack symptom is chest pain or discomfort. Most heart attacks involve discomfort in the center or left side of the chest that often lasts for more than a few minutes or goes away and comes back.

The discomfort can feel like uncomfortable pressure, squeezing, fullness, or pain. The feeling can be mild or severe. Heart attack pain sometimes feels like indigestion or heartburn.

The symptoms of angina can be similar to the symptoms of a heart attack. Angina pain usually lasts for only a few minutes and goes away with rest.

Chest pain or discomfort that doesnt go away or changes from its usual pattern (for example, occurs more often or while youre resting) might be a sign of a heart attack. If you dont know whether your chest pain is angina or a heart attack, call 911.

All chest pain should be checked by a doctor.

Other common signs and symptoms of a heart attack include:

Upper body discomfort in one or both arms, the back, neck, jaw, or upper part of the stomach

Shortness of breath, which may occur with or before chest discomfort

Nausea (feeling sick to your stomach), vomiting, light-headedness or fainting, or breaking out in a cold sweat

Sleep problems, fatigue (tiredness), or lack of energy

For more information, go to the Health Topics Heart Attack article.

Heart Failure

Heart failure is a condition in which your heart can't pump enough blood to meet your bodys needs. Heart failure doesn't mean that your heart has stopped or is about to stop working.

The most common signs and symptoms of heart failure are shortness of breath or trouble breathing; fatigue; and swelling in the ankles, feet, legs, stomach, and veins in the neck.

All of these symptoms are the result of fluid buildup in your body. When symptoms start, you may feel tired and short of breath after routine physical effort, like climbing stairs.

For more information, go to the Health Topics Heart Failure article.

Arrhythmia

An arrhythmia is a problem with the rate or rhythm of the heartbeat. When you have an arrhythmia, you may notice that your heart is skipping beats or beating too fast.

Some people describe arrhythmias as a fluttering feeling in the chest. These feelings are called palpitations (pal-pih-TA-shuns).

Some arrhythmias can cause your heart to suddenly stop beating. This condition is called sudden cardiac arrest (SCA). SCA usually causes death if it's not treated within minutes.

For more information, go to the Health Topics Arrhythmia article.",Coronary Heart Disease
How to diagnose Coronary Heart Disease ?,"Your doctor will diagnose coronary heart disease (CHD) based on your medical and family histories, your risk factors for CHD, a physical exam, and the results from tests and procedures.

No single test can diagnose CHD. If your doctor thinks you have CHD, he or she may recommend one or more of the following tests.

EKG (Electrocardiogram)

An EKG is a simple, painless test that detects and records the heart's electrical activity. The test shows how fast the heart is beating and its rhythm (steady or irregular). An EKG also records the strength and timing of electrical signals as they pass through the heart.

An EKG can show signs of heart damage due to CHD and signs of a previous or current heart attack.

Stress Testing

During stress testing, you exercise to make your heart work hard and beat fast while heart tests are done. If you can't exercise, you may be given medicine to raise your heart rate.

When your heart is working hard and beating fast, it needs more blood and oxygen. Plaque-narrowed arteries can't supply enough oxygen-rich blood to meet your heart's needs.

A stress test can show possible signs and symptoms of CHD, such as:

Abnormal changes in your heart rate or blood pressure

Shortness of breath or chest pain

Abnormal changes in your heart rhythm or your heart's electrical activity

If you can't exercise for as long as what is considered normal for someone your age, your heart may not be getting enough oxygen-rich blood. However, other factors also can prevent you from exercising long enough (for example, lung diseases, anemia, or poor general fitness).

As part of some stress tests, pictures are taken of your heart while you exercise and while you rest. These imaging stress tests can show how well blood is flowing in your heart and how well your heart pumps blood when it beats.

Echocardiography

Echocardiography(echo) uses sound waves to create a moving picture of your heart. The picture shows the size and shape of your heart and how well your heart chambers and valves are working.

Echo also can show areas of poor blood flow to the heart, areas of heart muscle that aren't contracting normally, and previous injury to the heart muscle caused by poor blood flow.

Chest X Ray

A chest x ray takes pictures of the organs and structures inside your chest, such as your heart, lungs, and blood vessels.

A chest x ray can reveal signs of heart failure, as well as lung disorders and other causes of symptoms not related to CHD.

Blood Tests

Blood tests check the levels of certain fats, cholesterol, sugar, and proteins in your blood. Abnormal levels might be a sign that you're at risk for CHD.

Coronary Angiography and Cardiac Catheterization

Your doctor may recommend coronary angiography (an-jee-OG-rah-fee) if other tests or factors show that you're likely to have CHD. This test uses dye and special x rays to show the insides of your coronary arteries.

To get the dye into your coronary arteries, your doctor will use a procedure called cardiac catheterization (KATH-eh-ter-ih-ZA-shun).

A thin, flexible tube called a catheter is put into a blood vessel in your arm, groin (upper thigh), or neck. The tube is threaded into your coronary arteries, and the dye is released into your bloodstream.

Special x rays are taken while the dye is flowing through your coronary arteries. The dye lets your doctor study the flow of blood through your heart and blood vessels.

Cardiac catheterization usually is done in a hospital. You're awake during the procedure. It usually causes little or no pain, although you may feel some soreness in the blood vessel where your doctor inserts the catheter.",Coronary Heart Disease
What are the treatments for Coronary Heart Disease ?,"Treatments for coronary heart disease include heart-healthy lifestyle changes, medicines, medical procedures and surgery, and cardiac rehabilitation. Treatment goals may include:

Lowering the risk of blood clots forming (blood clots can cause a heart attack)

Preventing complications of coronary heart disease

Reducing risk factors in an effort to slow, stop, or reverse the buildup of plaque

Relieving symptoms

Widening or bypassing clogged arteries



Heart-Healthy Lifestyle Changes

Your doctor may recommend heart-healthy lifestyle changes if you have coronary heart disease. Heart-healthy lifestyle changes include:

Heart-healthy eating

Maintaining a healthy weight

Managing stress

Physical activity

Quitting smoking



Heart-Healthy Eating

Your doctor may recommend heart-healthy eating, which should include:

Fat-free or low-fat dairy products, such as fat-free milk

Fish high in omega-3 fatty acids, such as salmon, tuna, and trout, about twice a week

Fruits, such as apples, bananas, oranges, pears, and prunes

Legumes, such as kidney beans, lentils, chickpeas, black-eyed peas, and lima beans

Vegetables, such as broccoli, cabbage, and carrots

Whole grains, such as oatmeal, brown rice, and corn tortillas

When following a heart-healthy diet, you should avoid eating:

A lot of red meat

Palm and coconut oils

Sugary foods and beverages

Two nutrients in your diet make blood cholesterol levels rise:

Saturated fatfound mostly in foods that come from animals

Trans fat (trans fatty acids)found in foods made with hydrogenated oils and fats, such as stick margarine; baked goods, such as cookies, cakes, and pies; crackers; frostings; and coffee creamers. Some trans fats also occur naturally in animal fats andmeats.

Saturated fat raises your blood cholesterol more than anything else in your diet. When you follow a heart-healthy eating plan, only 5 percent to 6 percent of your daily calories should come from saturated fat. Food labels list the amounts of saturated fat. To help you stay on track, here are some examples:

1,200 calories a day

8 grams of saturated fat a day

1,500 calories a day

10 grams of saturated fat a day

1,800 calories a day

12 grams of saturated fat a day

2,000 calories a day

13 grams of saturated fat a day

2,500 calories a day

17 grams of saturated fat a day

Not all fats are bad. Monounsaturated and polyunsaturated fats actually help lower blood cholesterol levels.

Some sources of monounsaturated and polyunsaturated fats are:

Avocados

Corn, sunflower, and soybean oils

Nuts and seeds, such as walnuts

Olive, canola, peanut, safflower, and sesame oils

Peanut butter

Salmon and trout

Tofu

Sodium

You should try to limit the amount of sodium that you eat. This means choosing and preparing foods that are lower in salt and sodium. Try to use low-sodium and no added salt foods and seasonings at the table or while cooking. Food labels tell you what you need to know about choosing foods that are lower in sodium. Try to eat no more than 2,300 milligrams of sodium a day. If you have high blood pressure, you may need to restrict your sodium intake even more.

Dietary Approaches to Stop Hypertension

Your doctor may recommend the Dietary Approaches to Stop Hypertension (DASH) eating plan if you have high blood pressure. The DASH eating plan focuses on fruits, vegetables, whole grains, and other foods that are heart healthy and low in fat, cholesterol, and sodium and salt. The DASH eating plan is a good heart-healthy eating plan, even for those who dont have high blood pressure. Read more about DASH.

Alcohol

Try to limit alcohol intake. Too much alcohol canraise your blood pressure and triglyceride levels, a type of fat found in the blood. Alcohol also adds extra calories, which may cause weight gain.

Men should have no more than two drinks containing alcohol a day. Women should have no more than one drink containing alcohol a day. One drink is:

12 ounces of beer

5 ounces of wine

1 ounces of liquor



Maintaining a Healthy Weight

Maintaining a healthy weight is important for overall health and can lower your risk for coronary heart disease. Aim for a Healthy Weight by following a heart-healthy eating plan and keeping physically active.

Knowing your body mass index (BMI) helps you find out if youre a healthy weight in relation to your height and gives an estimate of your total body fat. To figure out your BMI, check out the National Heart, Lung, and Blood Institutes (NHLBI) online BMI calculator or talk to your doctor. A BMI:

Below 18.5 is a sign that you are underweight.

Between 18.5 and 24.9 is in the normal range.

Between 25 and 29.9 is considered overweight.

Of 30 or more is considered obese.

A general goal to aim for is a BMI of less than 25. Your doctor or health care provider can help you set an appropriate BMI goal.

Measuring waist circumference helps screen for possible health risks. If most of your fat is around your waist rather than at your hips, youre at a higher risk for heart disease and type 2 diabetes. This risk may be high with a waist size that is greater than 35 inches for women or greater than 40 inches for men. To learn how to measure your waist, visit Assessing Your Weight and Health Risk.

If youre overweight or obese, try to lose weight. A loss of just 3 percent to 5 percent of your current weight can lower your triglycerides, blood glucose, and the risk of developing type 2 diabetes. Greater amounts of weight loss can improve blood pressure readings, lower LDL cholesterol, and increase HDL cholesterol.

Managing Stress

Research shows that the most commonly reported trigger for a heart attack is an emotionally upsetting eventparticularly one involving anger. Also, some of the ways people cope with stresssuch as drinking, smoking, or overeatingarent healthy.

Learning how to manage stress, relax, and cope with problems can improve your emotional and physical health. Consider healthy stress-reducing activities, such as:

A stress management program

Meditation

Physical activity

Relaxation therapy

Talking things out with friends or family

Physical Activity

Routine physical activity can lower many coronary heart disease risk factors, including LDL (bad) cholesterol, high blood pressure, and excess weight. Physical activity also can lower your risk for diabetes and raise your HDL cholesterol level. HDL is the good cholesterol that helps prevent coronary heart disease.

Everyone should try to participate in moderate-intensity aerobic exercise at least 2hours and 30minutes per week, or vigorous aerobic exercise for 1hour and 15minutes per week. Aerobic exercise, such as brisk walking, is any exercise in which your heart beats faster and you use more oxygen than usual. The more active you are, the more you will benefit. Participate in aerobic exercise for at least 10 minutes at a time spread throughout the week.

Read more about physical activity at:

Physical Activity and Your Heart

U.S. Department of Health and Human Services 2008 Physical Activity Guidelines forAmericans

Talk with your doctor before you start a new exercise plan. Ask your doctor how much and what kinds of physical activity are safe for you.

Quitting Smoking

If you smoke, quit. Smoking can raise your risk for coronary heart disease and heart attack and worsen other coronary heart disease risk factors. Talk with your doctor about programs and products that can help you quit smoking. Also, try to avoid secondhand smoke.

If you have trouble quitting smoking on your own, consider joining a support group. Many hospitals, workplaces, and community groups offer classes to help people quit smoking. Read more about quitting smoking at Smoking and Your Heart.



Medicines

Sometimes lifestyle changes arent enough to control your blood cholesterol levels. For example, you may need statin medications to control or lower your cholesterol. By lowering your cholesterol level, you can decrease your chance of having a heart attack or stroke. Doctors usually prescribe statins for people who have:

Coronary heart disease, peripheral artery disease, or had a stroke

Diabetes

High LDL cholesterol levels

Doctors may discuss beginning statin treatment with those who have an elevated risk for developing heart disease or having a stroke.

Your doctor also may prescribe other medications to:

Decrease your chance of having a heart attack or dying suddenly.

Lower your blood pressure.

Prevent blood clots, which can lead to heart attack or stroke.

Prevent or delay the need for a stent or percutaneous coronary intervention (PCI) or surgery, such as coronary artery bypass grafting (CABG).

Reduce your hearts workload and relieve coronary heart disease symptoms.

Take all medicines regularly, as your doctor prescribes. Dont change the amount of your medicine or skip a dose unless your doctor tells you to. You should still follow a heart healthy lifestyle, even if you take medicines to treat your coronary heart disease.



Medical Procedures and Surgery

You may need a procedure or surgery to treat coronary heart disease. Both PCIand CABG are used to treat blocked coronary arteries. You and your doctor can discuss which treatment is right for you.

Percutaneous Coronary Intervention

Percutaneous coronary intervention, commonly known as angioplasty, is a nonsurgical procedure that opens blocked or narrowed coronary arteries. A thin, flexible tube with a balloon or other device on the end is threaded through a blood vessel to the narrowed or blocked coronary artery. Once in place, the balloon is inflated to compress the plaque against the wall of the artery. This restores blood flow through the artery.

During the procedure, the doctor may put a small mesh tube called a stent in the artery. The stent helps prevent blockages in the artery in the months or years after angioplasty. Read more about this procedure at PCI.

Coronary Artery Bypass Grafting

CABG is a type of surgery in which arteries or veins from other areas in your body are used to bypass (that is, go around) your narrowed coronary arteries. CABG can improve blood flow to your heart, relieve chest pain, and possibly prevent a heart attack.

Read more about this surgery at CABG.

Cardiac Rehabilitation

Your doctor may prescribe cardiac rehabilitation (rehab) for angina or after CABG, angioplasty, or a heart attack. Nearly everyone who has coronary heart disease can benefit from cardiac rehab. Cardiac rehab is a medically supervised program that may help improve the health and well-being of people who have heart problems.

The cardiac rehab team may include doctors, nurses, exercise specialists, physical and occupational therapists, dietitians or nutritionists, and psychologists or other mental health specialists.

Rehab has two parts:

Education, counseling, and training. This part of rehab helps you understand your heart condition and find ways to reduce your risk for future heart problems. The rehab team will help you learn how to cope with the stress of adjusting to a new lifestyle and how to deal with your fears about the future.

Exercise training. This part helps you learn how to exercise safely, strengthen your muscles, and improve your stamina. Your exercise plan will be based on your personal abilities, needs, and interests.

Read more about this therapy at Cardiac Rehabilitation.",Coronary Heart Disease
How to prevent Coronary Heart Disease ?,"You can prevent and control coronary heart disease (CHD)by taking action to control your risk factors with heart-healthy lifestyle changes and medicines. Examples of risk factors you can control include high blood cholesterol, high blood pressure, and overweight and obesity. Only a few risk factorssuch as age, gender, and family historycant be controlled.

Your risk for CHD increases with the number of risk factors you have. To reduce your risk of CHD and heart attack, try to control each risk factor you have by adopting the following heart-healthy lifestyles:

Heart-healthy eating

Maintaining a healthy weight

Managing stress

Physical activity

Quitting smoking

Know your family history of health problems related to CHD. If you or someone in your family has CHD, be sure to tell your doctor. If lifestyle changes aren't enough, you also may need medicines to control your CHD risk factors.",Coronary Heart Disease
What is (are) Heart Valve Disease ?,"Heart valve disease occurs if one or more of your heart valves don't work well. The heart has four valves: the tricuspid, pulmonary, mitral,and aortic valves.

These valves have tissue flaps that open and close with each heartbeat. The flaps make sure blood flows in the right direction through your heart's four chambers and to the rest of your body.

Healthy Heart Cross-Section



Birth defects, age-related changes, infections, or other conditions can cause one or more of your heart valves to not open fully or to let blood leak back into the heart chambers. This can make your heart work harder and affect its ability to pump blood.

Overview

How the Heart Valves Work

At the start of each heartbeat, blood returning from the body and lungs fills the atria (the heart's two upper chambers). The mitral and tricuspid valves are located at the bottom of these chambers. As the blood builds up in the atria, these valves open to allow blood to flow into the ventricles (the heart's two lower chambers).

After a brief delay, as the ventricles begin to contract, the mitral and tricuspid valves shut tightly. This prevents blood from flowing back into the atria.

As the ventricles contract, they pump blood through the pulmonary and aortic valves. The pulmonary valve opens to allow blood to flow from the right ventricle into the pulmonary artery. This artery carries blood to the lungs to get oxygen.

At the same time, the aortic valve opens to allow blood to flow from the left ventricle into the aorta. The aorta carries oxygen-rich blood to the body. As the ventricles relax, the pulmonary and aortic valves shut tightly. This prevents blood from flowing back into the ventricles.

For more information about how the heart pumps blood and detailed animations, go to the Health Topics How the Heart Works article.

Heart Valve Problems

Heart valves can have three basic kinds of problems: regurgitation, stenosis, and atresia.

Regurgitation, or backflow, occurs if a valve doesn't close tightly. Blood leaks back into the chambers rather than flowing forward through the heart or into an artery.

In the United States, backflow most often is due to prolapse. ""Prolapse"" is when the flaps of the valve flop or bulge back into an upper heart chamber during a heartbeat. Prolapse mainly affects the mitral valve.

Stenosis occurs if the flaps of a valve thicken, stiffen, or fuse together. This prevents the heart valve from fully opening. As a result, not enough blood flows through the valve. Some valves can have both stenosis and backflow problems.

Atresia occurs if a heart valve lacks an opening for blood to pass through.

Some people are born with heart valve disease, while others acquire it later in life. Heart valve disease that develops before birth is called congenitalheart valve disease. Congenital heart valve disease can occur alone or with other congenital heart defects.

Congenital heart valve disease often involves pulmonary or aortic valves that don't form properly. These valves may not have enough tissue flaps, they may be the wrong size or shape, or they may lack an opening through which blood can flow properly.

Acquired heart valve disease usually involves aortic or mitral valves. Although the valves are normal at first, problems develop over time.

Both congenital and acquired heart valve disease can cause stenosis or backflow.

Outlook

Many people have heart valve defects or disease but don't have symptoms. For some people, the condition mostly stays the same throughout their lives and doesn't cause any problems.

For other people, heart valve disease slowly worsens until symptoms develop. If not treated, advanced heart valve disease can cause heart failure, stroke, blood clots, or death due to sudden cardiac arrest (SCA).

Currently, no medicines can cure heart valve disease. However, lifestyle changes and medicines can relieve many of its symptoms and complications. 

These treatments also can lower your risk of developing a life-threatening condition, such as stroke or SCA. Eventually, you may need to have your faulty heart valve repaired or replaced.

Some types of congenital heart valve disease are so severe that the valve is repaired or replaced during infancy, childhood, or even before birth. Other types may not cause problems until middle-age or older, if at all.",Heart Valve Disease
What causes Heart Valve Disease ?,"Heart conditions and other disorders, age-related changes, rheumatic fever, or infections can cause acquired heart valve disease. These factors change the shape or flexibility of once-normal heart valves.

The cause of congenital heart valve disease isnt known. It occurs before birth as the heart is forming. Congenital heart valve disease can occur alone or with other types of congenital heartdefects.

Heart Conditions and Other Disorders

Certain conditions can stretch and distort the heart valves. These conditions include:

Advanced high blood pressure and heart failure, thiscan enlarge the heart or the main arteries.

Atherosclerosis in the aorta. Atherosclerosis is a condition in which a waxy substance called plaque builds up inside the arteries. The aorta is the main artery that carries oxygen-rich blood to the body.

Damage and scar tissue due to a heart attack or injury to the heart.

Rheumatic Fever

Untreated strep throat or other infections with strep bacteria that progress to rheumatic fever can cause heart valve disease.

When the body tries to fight the strep infection, one or more heart valves may be damaged or scarred in the process. The aortic and mitral valves most often are affected. Symptoms of heart valve damage often dont appear until many years after recovery from rheumatic fever.

Today, most people who have strep infections are treated with antibiotics before rheumatic fever occurs. If you have strep throat, take all of the antibiotics your doctor prescribes, even if you feel better before the medicine is gone.

Heart valve disease caused by rheumatic fever mainly affects older adults who had strep infections before antibiotics were available. It also affects people from developing countries, where rheumatic fever is more common.

Infections

Common germs that enter the bloodstream and get carried to the heart can sometimes infect the inner surface of the heart, including the heart valves. This rare but serious infection is called infective endocarditis.

The germs can enter the bloodstream through needles, syringes, or other medical devices and through breaks in the skin or gums. Often, the bodys defenses fight off the germs and no infection occurs. Sometimes these defenses fail, which leads to infective endocarditis.

Infective endocarditis can develop in people who already have abnormal blood flow through a heart valve as the result of congenital or acquired heart valve disease. The abnormal blood flow causes blood clots to form on the surface of the valve. The blood clots make it easier for germs to attach to and infect the valve.

Infective endocarditis can worsen existing heart valve disease.

Other Conditions and Factors Linked to Heart Valve Disease

Many other conditions and factors are linked to heart valve disease. However, the role they play in causing heart valve disease often isnt clear.

Autoimmune disorders. Autoimmune disorders, such as lupus, can affect the aortic and mitral valves.

Carcinoid syndrome. Tumors in the digestive tract that spread to the liver or lymph nodes can affect the tricuspid and pulmonary valves.

Diet medicines. The use of fenfluramine and phentermine (fen-phen) sometimes has been linked to heart valve problems. These problems typically stabilize or improve after the medicine is stopped.

Marfan syndrome. Congenital disorders, such as Marfan syndrome and other connective tissue disorders, can affect the heart valves.

Metabolic disorders. Relatively uncommon diseases (such as Fabry disease) and other metabolic disorders (such as high blood cholesterol) can affect the heart valves.

Radiation therapy. Radiation therapy to the chest area can cause heart valve disease. This therapy is used to treat cancer. Heart valve disease due to radiation therapy may not cause symptoms until years after the therapy.",Heart Valve Disease
Who is at risk for Heart Valve Disease? ?,"Older age is a risk factor for heart valve disease. As you age, your heart valves thicken and become stiffer. Also, people are living longer now than in the past. As a result, heart valve disease has become an increasing problem.

People who have a history of infective endocarditis (IE), rheumatic fever, heart attack, or heart failureor previous heart valve diseasealso are at higher risk for heart valve disease. In addition, having risk factors for IE, such as intravenous drug use, increases the risk of heart valve disease.

You're also at higher risk for heart valve disease if you have risk factors for coronary heart disease. These risk factors include high blood cholesterol, high blood pressure, smoking, insulin resistance, diabetes, overweight or obesity, lack of physical activity, and a family history of early heart disease.

Some people are born with an aortic valve that has two flaps instead of three. Sometimes an aortic valve may have three flaps, but two flaps are fused together and act as one flap. This is called a bicuspid or bicommissural aortic valve. People who have this congenital condition are more likely to develop aortic heart valve disease.",Heart Valve Disease
What are the symptoms of Heart Valve Disease ?,"Major Signs and Symptoms

The main sign of heart valve disease is an unusual heartbeat sound called a heart murmur. Your doctor can hear a heart murmur with a stethoscope.

However, many people have heart murmurs without having heart valve disease or any other heart problems. Others may have heart murmurs due to heart valve disease, but have no other signs or symptoms.

Heart valve disease often worsens over time, so signs and symptoms may occur years after a heart murmur is first heard. Many people who have heart valve disease don't have any symptoms until they're middle-aged or older.

Other common signs and symptoms of heart valve disease relate to heart failure, which heart valve disease can cause. These signs and symptoms include:

Unusual fatigue (tiredness)

Shortness of breath, especially when you exert yourself or when you're lying down

Swelling in your ankles, feet, legs, abdomen, and veins in the neck

Other Signs and Symptoms

Heart valve disease can cause chest pain that may happen only when you exert yourself. You also may notice a fluttering, racing, or irregular heartbeat. Some types of heart valve disease, such as aortic or mitral valve stenosis, can cause dizziness or fainting.",Heart Valve Disease
How to diagnose Heart Valve Disease ?,"Your primary care doctor may detect a heart murmur or other signs of heart valve disease. However, a cardiologist usually will diagnose the condition. A cardiologist is a doctor who specializes in diagnosing and treating heart problems.

To diagnose heart valve disease, your doctor will ask about your signs and symptoms. He or she also will do a physical exam and look at the results from tests and procedures.

Physical Exam

Your doctor will listen to your heart with a stethoscope. He or she will want to find out whether you have a heart murmur that's likely caused by a heart valve problem.

Your doctor also will listen to your lungs as you breathe to check for fluid buildup. He or she will check for swollen ankles and other signs that your body is retaining water.

Tests and Procedures

Echocardiography (echo) is the main test for diagnosing heart valve disease. But an EKG (electrocardiogram) or chest x ray commonly is used to reveal certain signs of the condition. If these signs are present, echo usually is done to confirm the diagnosis.

Your doctor also may recommend other tests and procedures if you're diagnosed with heart valve disease. For example, you may have cardiac catheterization, (KATH-eh-ter-ih-ZA-shun), stress testing, or cardiac MRI (magnetic resonance imaging). These tests and procedures help your doctor assess how severe your condition is so he or she can plan your treatment.

EKG

This simple test detects and records the heart's electrical activity. An EKG can detect an irregular heartbeat and signs of a previous heart attack. It also can show whether your heart chambers are enlarged.

An EKG usually is done in a doctor's office.

Chest X Ray

This test can show whether certain sections of your heart are enlarged, whether you have fluid in your lungs, or whether calcium deposits are present in your heart.

A chest x ray helps your doctor learn which type of valve defect you have, how severe it is, and whether you have any other heart problems.

Echocardiography

Echo uses sound waves to create a moving picture of your heart as it beats. A device called a transducer is placed on the surface of your chest.

The transducer sends sound waves through your chest wall to your heart. Echoes from the sound waves are converted into pictures of your heart on a computer screen.

Echo can show:

The size and shape of your heart valves and chambers

How well your heart is pumping blood

Whether a valve is narrow or has backflow

Your doctor may recommend transesophageal (tranz-ih-sof-uh-JEE-ul) echo, or TEE, to get a better image of your heart.

During TEE, the transducer is attached to the end of a flexible tube. The tube is guided down your throat and into your esophagus (the passage leading from your mouth to your stomach). From there, your doctor can get detailed pictures of your heart.

You'll likely be given medicine to help you relax during this procedure.

Cardiac Catheterization

For this procedure, a long, thin, flexible tube called a catheter is put into a blood vessel in your arm, groin (upper thigh), or neck and threaded to your heart. Your doctor uses x-ray images to guide the catheter.

Through the catheter, your doctor does diagnostic tests and imaging that show whether backflow is occurring through a valve and how fully the valve opens. You'll be given medicine to help you relax, but you will be awake during the procedure.

Your doctor may recommend cardiac catheterization if your signs and symptoms of heart valve disease aren't in line with your echo results.

The procedure also can help your doctor assess whether your symptoms are due to specific valve problems or coronary heart disease. All of this information helps your doctor decide the best way to treat you.

Stress Test

During stress testing, you exercise to make your heart work hard and beat fast while heart tests and imaging are done. If you can't exercise, you may be given medicine to raise your heart rate.

A stress test can show whether you have signs and symptoms of heart valve disease when your heart is working hard. It can help your doctor assess the severity of your heart valve disease.

Cardiac MRI

Cardiac MRI uses a powerful magnet and radio waves to make detailed images of your heart. A cardiac MRI image can confirm information about valve defects or provide more detailed information.

This information can help your doctor plan your treatment. An MRI also may be done before heart valve surgery to help your surgeon plan for the surgery.",Heart Valve Disease
What are the treatments for Heart Valve Disease ?,"Currently, no medicines can cure heart valve disease. However, lifestyle changes and medicines often can treat symptoms successfully and delay problems for many years. Eventually, though, you may need surgery to repair or replace a faulty heart valve.

The goals of treating heart valve disease might include:

Medicines

Repairing or replacing faulty valves

Lifestyle changes to treat other related heart conditions

Medicines

In addition to heart-healthy lifestyle changes, your doctor may prescribe medicines to:

Lower high blood pressure or high blood cholesterol.

Prevent arrhythmias (irregular heartbeats).

Thin the blood and prevent clots (if you have a man-made replacement valve). Doctors also prescribe these medicines for mitral stenosis or other valve defects that raise the risk of blood clots.

Treat coronary heart disease. Medicines for coronary heart disease can reduce your hearts workload and relieve symptoms.

Treatheart failure. Heart failure medicines widen blood vessels and rid the body of excess fluid.

Repairing or Replacing Heart Valves

Your doctor may recommend repairing or replacing your heart valve(s), even if your heart valve disease isnt causing symptoms. Repairing or replacing a valve can prevent lasting damage to your heart and sudden death.

The decision to repair or replace heart valves depends on many factors, including:

The severity of your valve disease

Whether you need heart surgery for other conditions, such as bypass surgery to treat coronary heart disease. Bypass surgery and valve surgery can be performed at the sametime.

Your age and general health

When possible, heart valve repair is preferred over heart valve replacement. Valve repair preserves the strength and function of the heart muscle. People who have valve repair also have a lower risk of infective endocarditis after the surgery, and they dont need to take blood-thinning medicines for the rest of their lives.

However, heart valve repair surgery is harder to do than valve replacement. Also, not all valves can be repaired. Mitral valves often can be repaired. Aortic and pulmonary valves often have to be replaced.

Repairing Heart Valves

Heart surgeons can repair heart valves by:

Adding tissue to patch holes or tears or to increase the support at the base of the valve

Removing or reshaping tissue so the valve can close tighter

Separating fused valve flaps

Sometimes cardiologists repair heart valves using cardiac catheterization. Although catheter procedures are less invasive than surgery, they may not work as well for some patients. Work with your doctor to decide whether repair is appropriate. If so, your doctor can advise you on the best procedure.

Heart valves that cannot open fully (stenosis) can be repaired with surgery or with a less invasive catheter procedure called balloon valvuloplasty. This procedure also is called balloonvalvotomy.

During the procedure, a catheter (thin tube) with a balloon at its tip is threaded through a blood vessel to the faulty valve in your heart. The balloon is inflated to help widen the opening of the valve. Your doctor then deflates the balloon and removes both it and the tube. Youre awake during the procedure, which usually requires an overnight stay in a hospital.

Balloon valvuloplasty relieves many symptoms of heart valve disease, but may not cure it. The condition can worsen over time. You still may need medicines to treat symptoms or surgery to repair or replace the faulty valve. Balloon valvuloplasty has a shorter recovery time than surgery. The procedure may work as well as surgery for some patients who have mitral valve stenosis. For these people, balloon valvuloplasty often is preferred over surgical repair or replacement.

Balloon valvuloplasty doesnt work as well as surgery for adults who have aortic valve stenosis. Doctors often use balloon valvuloplasty to repair valve stenosis in infants and children.

Replacing Heart Valves

Sometimes heart valves cant be repaired and must be replaced. This surgery involves removing the faulty valve and replacing it with a man-made or biological valve.

Biological valves are made from pig, cow, or human heart tissue and may have man-made parts as well. These valves are specially treated, so you wont need medicines to stop your body from rejecting the valve.

Man-made valves last longer than biological valves and usually dont have to be replaced. Biological valves usually have to be replaced after about 10 years, although newer ones may last 15years or longer. Unlike biological valves, however, man-made valves require you to take blood-thinning medicines for the rest of your life. These medicines prevent blood clots from forming on the valve. Blood clots can cause a heart attack or stroke. Man-made valves also raise your risk of infective endocarditis.

You and your doctor will decide together whether you should have a man-made or biological replacement valve.

If youre a woman of childbearing age or if youre athletic, you may prefer a biological valve so you dont have to take blood-thinning medicines. If youre elderly, you also may prefer a biological valve, as it will likely last for the rest of your life.

Ross Procedure

Doctors also can treat faulty aortic valves with the Ross procedure. During this surgery, your doctor removes your faulty aortic valve and replaces it with your pulmonary valve. Your pulmonary valve is then replaced with a pulmonary valve from a deceased humandonor.

This is more involved surgery than typical valve replacement, and it has a greater risk of complications. The Ross procedure may be especially useful for children because the surgically replaced valves continue to grow with the child. Also, lifelong treatment with blood-thinning medicines isnt required. But in some patients, one or both valves fail to work well within a few years of the surgery. Researchers continue to study the use of this procedure.

Other Approaches for Repairing and Replacing Heart Valves

Some forms of heart valve repair and replacement surgery are less invasive than traditional surgery. These procedures use smaller incisions (cuts) to reach the heart valves. Hospital stays for these newer types of surgery usually are 3 to 5 days, compared with a 5-day stay for traditional heart valve surgery.

New surgeries tend to cause less pain and have a lower risk of infection. Recovery time also tends to be shorter2to 4weeks versus 6to 8weeks for traditional surgery.

Transcatheter Valve Therapy

Interventional cardiologists perform procedures that involve threading clips or other devices to repair faulty heart valves using a catheter (tube) inserted through a large blood vessel. The clips or devices are used to reshape the valves and stop the backflow of blood. People who receive these clips recover more easily than people who have surgery. However, the clips may not treat backflow as well as surgery.

Doctors also may use a catheter to replace faulty aortic valves. This procedure is called transcatheter aortic valve replacement (TAVR). For this procedure, the catheter usually is inserted into an artery in the groin (upper thigh) and threaded to the heart. A deflated balloon with a folded replacement valve around it is at the end of the catheter.

Once the replacement valve is placed properly, the balloon is used to expand the new valve so it fits securely within the old valve. The balloon is then deflated, and the balloon and catheter are removed.

A replacement valve also can be inserted in an existing replacement valve that is failing. This is called a valve-in-valve procedure.

Lifestyle Changes to Treat Other Related Heart

To help treat heart conditions related to heart valve disease, your doctor may advise you to make heart-healthy lifestyle changes, such as:

Heart-healthy eating

Maintaining a healthy weight

Managing stress

Physical activity

Quitting smoking

Heart-Healthy Eating

Your doctor may recommend heart-healthy eating, which should include:

Fat-free or low-fat dairy products, such as skim milk

Fish high in omega-3 fatty acids, such as salmon, tuna, and trout, about twice a week

Fruits, such as apples, bananas, oranges, pears, and prunes

Legumes, such as kidney beans, lentils, chickpeas, black-eyed peas, and lima beans

Vegetables, such as broccoli, cabbage, and carrots

Whole grains, such as oatmeal, brown rice, and corn tortillas

When following a heart-healthy diet, you should avoid eating:

A lot of red meat

Palm and coconut oils

Sugary foods and beverages

Two nutrients in your diet make blood cholesterol levels rise:

Saturated fatfound mostly in foods that come from animals

Trans fat (trans fatty acids)found in foods made with hydrogenated oils and fats, such as stick margarine; baked goods, such as cookies, cakes, and pies; crackers; frostings; and coffee creamers. Some trans fats also occur naturally in animal fats and meats.

Saturated fat raises your blood cholesterol more than anything else in your diet. When you follow a heart-healthy eating plan, only 5percent to 6percent of your daily calories should come from saturated fat. Food labels list the amounts of saturated fat. To help you stay on track, here are some examples:

AvocadosNot all fats are bad. Monounsaturated and polyunsaturated fats actually help lower blood cholesterol levels. Some sources of monounsaturated and polyunsaturated fats are:

Corn, sunflower, and soybean oils

Nuts and seeds, such as walnuts

Olive, canola, peanut, safflower, and sesame oils

Peanut butter

Salmon and trout

Tofu

Sodium

You should try to limit the amount of sodium that you eat. This means choosing and preparing foods that are lower in salt and sodium. Try to use low-sodium and no added salt foods and seasonings at the table or while cooking. Food labels tell you what you need to know about choosing foods that are lower in sodium. Try to eat no more than 2,300milligrams of sodium a day. If you have high blood pressure, you may need to restrict your sodium intake even more.

Dietary Approaches to Stop Hypertension

Your doctor may recommend the Dietary Approaches to Stop Hypertension (DASH) eating plan if you have high blood pressure. The DASH eating plan focuses on fruits, vegetables, whole grains, and other foods that are heart healthy and low in fat, cholesterol, and sodium and salt.

The DASH eating plan is a good heart-healthy eating plan, even for those who dont have high blood pressure. Read more about DASH.

Alcohol

Try to limit alcohol intake. Too much alcohol can raise your blood pressure and triglyceride levels, a type of fat found in the blood. Alcohol also adds extra calories, which may cause weightgain.

Men should have no more than two drinks containing alcohol a day. Women should have no more than one drink containing alcohol a day. One drink is:

12 ounces of beer

5 ounces of wine

1 ounces of liquor

Maintaining a Healthy Weight

Maintaining a healthy weight is important for overall health and can lower your risk for heart valve disease. Aim for a Healthy Weight by following a heart-healthy eating plan and keeping physically active.

Knowing your body mass index (BMI) helps you find out if youre a healthy weight in relation to your height and gives an estimate of your total body fat. To figure out your BMI, check out the National Heart, Lung, and Blood Institutes online BMI calculator or talk to your doctor. A BMI:

Below 18.5 is a sign that you are underweight.

Between 18.5 and 24.9 is in the normal range.

Between 25.0 and 29.9 is considered overweight.

Of 30.0 or higher is considered obese.

A general goal to aim for is a BMI of less than 25. Your doctor or health care provider can help you set an appropriate BMI goal.

Measuring waist circumference helps screen for possible health risks. If most of your fat is around your waist rather than at your hips, youre at a higher risk for heart disease and type2 diabetes. This risk may be higher with a waist size that is greater than 35 inches for women or greater than 40 inches for men. To learn how to measure your waist, visit Assessing Your Weight and Health Risk.

If youre overweight or obese, try to lose weight. A loss of just 3 percent to 5 percent of your current weight can lower your triglycerides, blood glucose, and the risk of developing type 2 diabetes. Greater amounts of weight loss can improve blood pressure readings, lower LDL cholesterol, and increase HDL cholesterol.

Managing Stress

Learning how to manage stress, relax, and cope with problems can improve your emotional and physical health. Consider healthy stress-reducing activities, such as:

A stress management program

Meditation

Physical activity

Relaxation therapy

Talking things out with friends or family

Physical Activity

Regular physical activity can lower many heart valve disease risk factors.

Everyone should try to participate in moderate-intensity aerobic exercise at least 2hours and 30minutes per week or vigorous aerobic exercise for 1hour and 15minutes per week. Aerobic exercise, such as brisk walking, is any exercise in which your heart beats faster and you use more oxygen than usual. The more active you are, the more you will benefit. Participate in aerobic exercise for at least 10minutes at a time spread throughout the week.

Talk with your doctor before you start a new exercise plan. Ask your doctor how much and what kinds of physical activity are safe for you.

Read more about physical activity at:

Physical Activity and Your Heart

U.S. Department of Health and Human Services, 2008 Physical Activity Guidelines for Americans

Quitting Smoking

If you smoke or use tobacco, quit. Smoking can damage and tighten blood vessels and raise your risk for atherosclerosis and other health problems. Talk with your doctor about programs and products that can help you quit. Also, try to avoid secondhand smoke. If you have trouble quitting smoking on your own, consider joining a support group. Many hospitals, workplaces, and community groups offer classes to help people quit smoking.

For more information about how to quit smoking, visit the Smoking and Your Heart Health Topic.",Heart Valve Disease
How to prevent Heart Valve Disease ?,"To prevent heart valve disease caused by rheumatic fever, see your doctor if you have signs of a strep infection. These signs include a painful sore throat, fever, and white spots on your tonsils. If you do have a strep infection, be sure to take all medicines prescribed to treat it. Prompt treatment of strep infections can prevent rheumatic fever, which damages the heartvalves.

Its possible that exercise, a heart-healthy diet, and medicines that lower cholesterol might prevent aortic stenosis (thickening and stiffening of the aortic valve). Researchers continue to study this possibility.

Heart-healthy eating, physical activity, other heart-healthy lifestyle changes, and medicines aimed at preventing a heart attack, high blood pressure, or heart failure also may help prevent heart valve disease.",Heart Valve Disease
What is (are) Heart Block ?,"Heart block is a problem that occurs with the heart's electrical system. This system controls the rate and rhythm of heartbeats. (""Rate"" refers to the number of times your heart beats per minute. ""Rhythm"" refers to the pattern of regular or irregular pulses produced as the heart beats.)

With each heartbeat, an electrical signal spreads across the heart from the upper to the lower chambers. As it travels, the signal causes the heart to contract and pump blood.

Heart block occurs if the electrical signal is slowed or disrupted as it moves through the heart.

Overview

Heart block is a type of arrhythmia (ah-RITH-me-ah). An arrhythmia is any problem with the rate or rhythm of the heartbeat.

Some people are born with heart block, while others develop it during their lifetimes. If you're born with the condition, it's called congenital (kon-JEN-ih-tal) heart block. If the condition develops after birth, it's called acquired heart block.

Doctors might detect congenital heart block before or after a baby is born. Certain diseases that may occur during pregnancy can cause heart block in a baby. Some congenital heart defects also can cause heart block. Congenital heart defects are problems with the heart's structure that are present at birth. Often, doctors don't know what causes these defects.

Acquired heart block is more common than congenital heart block. Damage to the heart muscle or its electrical system causes acquired heart block. Diseases, surgery, or medicines can cause this damage.

The three types of heart block are first degree, second degree, and third degree. First degree is the least severe, and third degree is the most severe. This is true for both congenital and acquired heart block.

Doctors use a test called an EKG (electrocardiogram) to help diagnose heart block. This test detects and records the heart's electrical activity. It maps the data on a graph for the doctor to review.

Outlook

The symptoms and severity of heart block depend on which type you have. First-degree heart block may not cause any severe symptoms.

Second-degree heart block may result in the heart skipping a beat or beats. This type of heart block also can make you feel dizzy or faint.

Third-degree heart block limits the heart's ability to pump blood to the rest of the body. This type of heart block may cause fatigue (tiredness), dizziness, and fainting. Third-degree heart block requires prompt treatment because it can be fatal.

A medical device called a pacemaker is used to treat third-degree heart block and some cases of second-degree heart block. This device uses electrical pulses to prompt the heart to beat at a normal rate. Pacemakers typically are not used to treat first-degree heart block.

All types of heart block may increase your risk for other arrhythmias, such as atrial fibrillation (A-tre-al fih-brih-LA-shun). Talk with your doctor to learn more about the signs and symptoms of arrhythmias.",Heart Block
What causes Heart Block ?,"Heart block has many causes. Some people are born with the disorder (congenital), while others develop it during their lifetimes (acquired).

Congenital Heart Block

One form of congenital heart block occurs in babies whose mothers have autoimmune diseases, such as lupus. People who have these diseases make proteins called antibodies that attack and damage the body's tissues or cells.

In pregnant women, antibodies can cross the placenta. (The placenta is the organ that attaches the umbilical cord to the mother's womb.) These proteins can damage the baby's heart and lead to congenital heart block.

Congenital heart defects also may cause congenital heart block. These defects are problems with the heart's structure that are present at birth. Often, doctors don't know what causes these defects.

Acquired Heart Block

Many factors can cause acquired heart block. Examples include:

Damage to the heart from a heart attack. This is the most common cause of acquired heart block.

Coronary heart disease, also called coronary artery disease.

Myocarditis (MI-o-kar-DI-tis), or inflammation of the heart muscle.

Heart failure.

Rheumatic (roo-MAT-ik) fever.

Cardiomyopathy (KAR-de-o-mi-OP-a-the), or heart muscle diseases.

Other diseases may increase the risk of heart block. Examples include sarcoidosis (sar-koy-DOE-sis) and the degenerative muscle disorders Lev's disease and Lenegre's disease.

Certain types of surgery also may damage the heart's electrical system and lead to heart block.

Exposure to toxic substances and taking certain medicinesincluding digitalis, beta blockers, and calcium channel blockersalso may cause heart block. Doctors closely watch people who are taking these medicines for signs of problems.

Some types of heart block have been linked to genetic mutations (changes in the genes).

An overly active vagus nerve also can cause heart block. You have one vagus nerve on each side of your body. These nerves run from your brain stem all the way to your abdomen. Activity in the vagus nerve slows the heart rate.

In some cases, acquired heart block may go away if the factor causing it is treated or resolved. For example, heart block that occurs after a heart attack or surgery may go away during recovery.

Also, if a medicine is causing heart block, the disorder may go away if the medicine is stopped or the dosage is lowered. Always talk with your doctor before you change the way you take your medicines.",Heart Block
Who is at risk for Heart Block? ?,"The risk factors for congenital and acquired heart block are different.

Congenital Heart Block

If a pregnant woman has an autoimmune disease, such as lupus, her fetus is at risk for heart block.

Autoimmune diseases can cause the body to make proteins called antibodies that can cross the placenta. (The placenta is the organ that attaches the umbilical cord to the mother's womb.) These antibodies may damage the baby's heart and lead to congenital heart block.

Congenital heart defects also can cause heart block. These defects are problems with the heart's structure that are present at birth. Most of the time, doctors don't know what causes congenital heart defects.

Heredity may play a role in certain heart defects. For example, a parent who has a congenital heart defect might be more likely than other people to have a child with the condition.

Acquired Heart Block

Acquired heart block can occur in people of any age. However, most types of the condition are more common in older people. This is because many of the risk factors are more common in older people.

People who have a history of heart disease or heart attacks are at increased risk for heart block. Examples of heart disease that can lead to heart block include heart failure, coronary heart disease, and cardiomyopathy (heart muscle diseases).

Other diseases also may raise the risk of heart block, such as sarcoidosis and the degenerative muscle disorders Lev's disease and Lenegre's disease.

Exposure to toxic substances or taking certain medicines, such as digitalis, also can raise your risk for heart block.

Well-trained athletes and young people are at higher risk for first-degree heart block caused by an overly active vagus nerve. You have one vagus nerve on each side of your body. These nerves run from your brain stem all the way to your abdomen. Activity in the vagus nerve slows the heart rate.",Heart Block
What are the symptoms of Heart Block ?,"Signs and symptoms depend on the type of heart block you have. First-degree heart block may not cause any symptoms.

Signs and symptoms of second- and third-degree heart block include:

Fainting

Dizziness or light-headedness

Fatigue (tiredness)

Shortness of breath

Chest pain

These symptoms may suggest other health problems as well. If these symptoms are new or severe, call 911 or have someone drive you to the hospital emergency room. If you have milder symptoms, talk with your doctor right away to find out whether you need prompt treatment.",Heart Block
How to diagnose Heart Block ?,"Heart block might be diagnosed as part of a routine doctor's visit or during an emergency situation. (Third-degree heart block often is an emergency.)

Your doctor will diagnose heart block based on your family and medical histories, a physical exam, and test results.

Specialists Involved

Your primary care doctor might be involved in diagnosing heart block. However, if you have the condition, you might need to see a heart specialist. Heart specialists include:

Cardiologists (doctors who diagnose and treat adults who have heart problems)

Pediatric cardiologists (doctors who diagnose and treat babies and children who have heart problems)

Electrophysiologists (cardiologists or pediatric cardiologists who specialize in the heart's electrical system)

Family and Medical Histories

Your doctor may ask whether:

You have any signs or symptoms of heart block

You have any health problems, such as heart disease

Any of your family members have been diagnosed with heart block or other health problems

You're taking any medicines, including herbal products and prescription and over-the-counter medicines

You smoke or use alcohol or drugs

Your doctor also may ask about other health habits, such as how physically active you are.

Physical Exam

During the physical exam, your doctor will listen to your heart. He or she will listen carefully for abnormal rhythms or heart murmurs (extra or unusual sounds heard during heartbeats).

Your doctor also may:

Check your pulse to find out how fast your heart is beating

Check for swelling in your legs or feet, which could be a sign of an enlarged heart or heart failure

Look for signs of other diseases that could be causing heart rate or rhythm problems (such as coronary heart disease)

Diagnostic Tests and Procedures

EKG (Electrocardiogram)

Doctors usually use an EKG (electrocardiogram) to help diagnose heart block. This simple test detects and records the heart's electrical activity.

An EKG shows how fast the heart is beating and its rhythm (steady or irregular). The test also records the strength and timing of electrical signals as they pass through the heart.

The data are recorded on a graph. Different types of heart block have different patterns on the graph. (For more information, go to ""Types of Heart Block."")

A standard EKG only records the heart's activity for a few seconds. To diagnose heart rhythm problems that come and go, your doctor may have you wear a portable EKG monitor.

The most common types of portable EKGs are Holter and event monitors. Your doctor may have you use one of these monitors to diagnose first- or second-degree heart block.

Holter and Event Monitors

A Holter monitor records the heart's electrical signals for a full 24- or 48-hour period. You wear one while you do your normal daily activities. This allows the monitor to record your heart for a longer time than a standard EKG.

An event monitor is similar to a Holter monitor. You wear an event monitor while doing your normal activities. However, an event monitor only records your heart's electrical activity at certain times while you're wearing it.

You may wear an event monitor for 1 to 2 months, or as long as it takes to get a recording of your heart during symptoms.

Electrophysiology Study

For some cases of heart block, doctors may do electrophysiology studies (EPS). During this test, a thin, flexible wire is passed through a vein in your groin (upper thigh) or arm to your heart. The wire records your heart's electrical signals.

Other Tests

To diagnose heart block, your doctor may recommend tests to rule out other types of arrhythmias (irregular heartbeats). For more information, go to ""How Are Arrhythmias Diagnosed?""",Heart Block
What are the treatments for Heart Block ?,"Treatment depends on the type of heart block you have. If you have first-degree heart block, you may not need treatment.

If you have second-degree heart block, you may need a pacemaker. A pacemaker is a small device that's placed under the skin of your chest or abdomen. This device uses electrical pulses to prompt the heart to beat at a normal rate.

If you have third-degree heart block, you will need a pacemaker. In an emergency, a temporary pacemaker might be used until you can get a long-term device. Most people who have third-degree heart block need pacemakers for the rest of their lives.

Some people who have third-degree congenital heart block don't need pacemakers for many years. Others may need pacemakers at a young age or during infancy.

If a pregnant woman has an autoimmune disease, such as lupus, her fetus is at risk for heart block. If heart block is detected in a fetus, the mother might be given medicine to reduce the fetus' risk of developing serious heart block.

Sometimes acquired heart block goes away if the factor causing it is treated or resolved. For example, heart block that occurs after a heart attack or surgery may go away during recovery.

Also, if a medicine is causing heart block, the condition may go away if the medicine is stopped or the dosage is lowered. (Always talk with your doctor before you change the way you take your medicines.)",Heart Block
What is (are) Heart Murmur ?,"A heart murmur is an extra or unusual sound heard during a heartbeat. Murmurs range from very faint to very loud. Sometimes they sound like a whooshing or swishing noise.

Normal heartbeats make a ""lub-DUPP"" or ""lub-DUB"" sound. This is the sound of the heart valves closing as blood moves through the heart. Doctors can hear these sounds and heart murmurs using a stethoscope.

Overview

The two types of heart murmurs are innocent (harmless) and abnormal.

Innocent heart murmurs aren't caused by heart problems. These murmurs are common in healthy children. Many children will have heart murmurs heard by their doctors at some point in their lives.

People who have abnormal heart murmurs may have signs or symptoms of heart problems. Most abnormal murmurs in children are caused by congenital (kon-JEN-ih-tal) heart defects. These defects are problems with the heart's structure that are present at birth.

In adults, abnormal heart murmurs most often are caused by acquired heart valve disease. This is heart valve disease that develops as the result of another condition. Infections, diseases, and aging can cause heart valve disease.

Outlook

A heart murmur isn't a disease, and most murmurs are harmless. Innocent murmurs don't cause symptoms. Having one doesn't require you to limit your physical activity or do anything else special. Although you may have an innocent murmur throughout your life, you won't need treatment for it.

The outlook and treatment for abnormal heart murmurs depend on the type and severity of the heart problem causing them.",Heart Murmur
What causes Heart Murmur ?,"Innocent Heart Murmurs

Why some people have innocent heart murmurs and others do not isn't known. Innocent murmurs are simply sounds made by blood flowing through the heart's chambers and valves, or through blood vessels near the heart.

Extra blood flow through the heart also may cause innocent heart murmurs. After childhood, the most common cause of extra blood flow through the heart is pregnancy. This is because during pregnancy, women's bodies make extra blood. Most heart murmurs that occur in pregnant women are innocent.

Abnormal Heart Murmurs

Congenital heart defects or acquired heart valve disease often are the cause of abnormal heart murmurs.

Congenital Heart Defects

Congenital heart defects are the most common cause of abnormal heart murmurs in children. These defects are problems with the heart's structure that are present at birth. They change the normal flow of blood through the heart.

Congenital heart defects can involve the interior walls of the heart, the valves inside the heart, or the arteries and veins that carry blood to and from the heart. Some babies are born with more than one heart defect.

Heart valve problems, septal defects (also called holes in the heart), and diseases of the heart muscle such as hypertrophic cardiomyopathy are common heart defects that cause abnormal heart murmurs.

Examples of valve problems are narrow valves that limit blood flow or leaky valves that don't close properly. Septal defects are holes in the wall that separates the right and left sides of the heart. This wall is called the septum.

A hole in the septum between the heart's two upper chambers is called an atrial septal defect. A hole in the septum between the heart's two lower chambers is called a ventricular septal defect.

Hypertrophic (hi-per-TROF-ik) cardiomyopathy (kar-de-o-mi-OP-ah-thee) (HCM) occurs if heart muscle cells enlarge and cause the walls of the ventricles (usually the left ventricle) to thicken. The thickening may block blood flow out of the ventricle. If a blockage occurs, the ventricle must work hard to pump blood to the body. HCM also can affect the hearts mitral valve, causing blood to leak backward through the valve.

Heart Defects That Can Cause Abnormal Heart Murmurs



For more information, go to the Health Topics Congenital Heart Defects article.

Acquired Heart Valve Disease

Acquired heart valve disease often is the cause of abnormal heart murmurs in adults. This is heart valve disease that develops as the result of another condition.

Many conditions can cause heart valve disease. Examples include heart conditions and other disorders, age-related changes, rheumatic (ru-MAT-ik) fever, and infections.

Heart conditions and other disorders. Certain conditions can stretch and distort the heart valves, such as:

Damage and scar tissue from a heart attack or injury to the heart.

Advanced high blood pressure and heart failure. These conditions can enlarge the heart or its main arteries.

Age-related changes. As you get older, calcium deposits or other deposits may form on your heart valves. These deposits stiffen and thicken the valve flaps and limit blood flow. This stiffening and thickening of the valve is called sclerosis (skle-RO-sis).

Rheumatic fever. The bacteria that cause strep throat, scarlet fever, and, in some cases, impetigo (im-peh-TI-go) also can cause rheumatic fever. This serious illness can develop if you have an untreated or not fully treated streptococcal (strep) infection.

Rheumatic fever can damage and scar the heart valves. The symptoms of this heart valve damage often don't occur until many years after recovery from rheumatic fever.

Today, most people who have strep infections are treated with antibiotics before rheumatic fever develops. It's very important to take all of the antibiotics your doctor prescribes for strep throat, even if you feel better before the medicine is gone.

Infections. Common germs that enter the bloodstream and get carried to the heart can sometimes infect the inner surface of the heart, including the heart valves. This rare but sometimes life-threatening infection is called infective endocarditis (EN-do-kar-DI-tis), or IE.

IE is more likely to develop in people who already have abnormal blood flow through a heart valve because of heart valve disease. The abnormal blood flow causes blood clots to form on the surface of the valve. The blood clots make it easier for germs to attach to and infect the valve.

IE can worsen existing heart valve disease.

Other Causes

Some heart murmurs occur because of an illness outside of the heart. The heart is normal, but an illness or condition can cause blood flow that's faster than normal. Examples of this type of illness include fever, anemia (uh-NEE-me-eh), and hyperthyroidism.

Anemia is a condition in which the body has a lower than normal number of red blood cells. Hyperthyroidism is a condition in which the body has too much thyroid hormone.",Heart Murmur
What are the symptoms of Heart Murmur ?,"People who have innocent (harmless) heart murmurs don't have any signs or symptoms other than the murmur itself. This is because innocent heart murmurs aren't caused by heart problems.

People who have abnormal heart murmurs may have signs or symptoms of the heart problems causing the murmurs. These signs and symptoms may include:

Poor eating and failure to grow normally (in infants)

Shortness of breath, which may occur only with physical exertion

Excessive sweating with minimal or no exertion

Chest pain

Dizziness or fainting

A bluish color on the skin, especially on the fingertips and lips

Chronic cough

Swelling or sudden weight gain

Enlarged liver

Enlarged neck veins

Signs and symptoms depend on the problem causing the heart murmur and its severity.",Heart Murmur
How to diagnose Heart Murmur ?,"Doctors use a stethoscope to listen to heart sounds and hear heart murmurs. They may detect heart murmurs during routine checkups or while checking for another condition.

If a congenital heart defect causes a murmur, it's often heard at birth or during infancy. Abnormal heart murmurs caused by other heart problems can be heard in patients of any age.

Specialists Involved

Primary care doctors usually refer people who have abnormal heart murmurs to cardiologists or pediatric cardiologists for further care and testing.

Cardiologists are doctors who specialize in diagnosing and treating heart problems in adults. Pediatric cardiologists specialize in diagnosing and treating heart problems in children.

Physical Exam

Your doctor will carefully listen to your heart or your child's heart with a stethoscope to find out whether a murmur is innocent or abnormal. He or she will listen to the loudness, location, and timing of the murmur. This will help your doctor diagnose the cause of the murmur.

Your doctor also may:

Ask about your medical and family histories.

Do a complete physical exam. He or she will look for signs of illness or physical problems. For example, your doctor may look for a bluish color on your skin. In infants, doctors may look for delayed growth and feeding problems.

Ask about your symptoms, such as chest pain, shortness of breath (especially with physical exertion), dizziness, or fainting.

Evaluating Heart Murmurs

When evaluating a heart murmur, your doctor will pay attention to many things, such as:

How faint or loud the sound is. Your doctor will grade the murmur on a scale of 1 to 6 (1 is very faint and 6 is very loud).

When the sound occurs in the cycle of the heartbeat.

Where the sound is heard in the chest and whether it also can be heard in the neck or back.

Whether the sound has a high, medium, or low pitch.

How long the sound lasts.

How breathing, physical activity, or a change in body position affects the sound.

Diagnostic Tests and Procedures

If your doctor thinks you or your child has an abnormal heart murmur, he or she may recommend one or more of the following tests.

Chest X Ray

A chest x ray is a painless test that creates pictures of the structures inside your chest, such as your heart, lungs, and blood vessels. This test is done to find the cause of symptoms, such as shortness of breath and chest pain.

EKG

An EKG (electrocardiogram) is a simple test that detects and records the heart's electrical activity. An EKG shows how fast the heart is beating and its rhythm (steady or irregular). An EKG also records the strength and timing of electrical signals as they pass through each part of the heart.

This test is used to detect and locate the source of heart problems. The results from an EKG also may be used to rule out certain heart problems.

Echocardiography

Echocardiography (EK-o-kar-de-OG-ra-fee), or echo, is a painless test that uses sound waves to create pictures of your heart. The test shows the size and shape of your heart and how well your heart's chambers and valves are working.

Echo also can show areas of poor blood flow to the heart, areas of heart muscle that aren't contracting normally, and previous injury to the heart muscle caused by poor blood flow.

There are several types of echo, including a stress echo. This test is done both before and after a stress test. During this test, you exercise to make your heart work hard and beat fast. If you cant exercise, you may be given medicine to make your heart work hard and beat fast. Echo is used to take pictures of your heart before you exercise and as soon as you finish.

Stress echo shows whether you have decreased blood flow to your heart (a sign of coronary heart disease).",Heart Murmur
What are the treatments for Heart Murmur ?,"A heart murmur isn't a disease. It's an extra or unusual sound heard during the heartbeat. Thus, murmurs themselves don't require treatment. However, if an underlying condition is causing a heart murmur, your doctor may recommend treatment for that condition.

Innocent (Harmless) Heart Murmurs

Healthy children who have innocent (harmless) heart murmurs don't need treatment. Their heart murmurs aren't caused by heart problems or other conditions.

Pregnant women who have innocent heart murmurs due to extra blood volume also don't need treatment. Their heart murmurs should go away after pregnancy.

Abnormal Heart Murmurs

If you or your child has an abnormal heart murmur, your doctor will recommend treatment for the disease or condition causing the murmur.

Some medical conditions, such as anemia or hyperthyroidism, can cause heart murmurs that aren't related to heart disease. Treating these conditions should make the heart murmur go away.

If a congenital heart defect is causing a heart murmur, treatment will depend on the type and severity of the defect. Treatment may include medicines or surgery. For more information about treatments for congenital heart defects, go to the Health Topics Congenital Heart Defects article.

If acquired heart valve disease is causing a heart murmur, treatment usually will depend on the type, amount, and severity of the disease.

Currently, no medicines can cure heart valve disease. However, lifestyle changes and medicines can treat symptoms and help delay complications. Eventually, though, you may need surgery to repair or replace a faulty heart valve.

For more information about treatments for heart valve disease, go to the Health Topics Heart Valve Disease article.",Heart Murmur
What is (are) Heart Palpitations ?,"Palpitations (pal-pi-TA-shuns) are feelings that your heart is skipping a beat, fluttering, or beating too hard or too fast. You may have these feelings in your chest, throat, or neck. They can occur during activity or even when you're sitting still or lying down.

Overview

Many things can trigger palpitations, including:

Strong emotions

Vigorous physical activity

Medicines such as diet pills and decongestants

Caffeine, alcohol, nicotine, and illegal drugs

Certain medical conditions, such as thyroid disease or anemia (uh-NEE-me-uh)

These factors can make the heart beat faster or stronger than usual, or they can cause premature (extra) heartbeats. In these situations, the heart is still working normally. Thus, these palpitations usually are harmless.

Some palpitations are symptoms of arrhythmias (ah-RITH-me-ahs). Arrhythmias are problems with the rate or rhythm of the heartbeat.

Some arrhythmias are signs of heart conditions, such as heart attack, heart failure, heart valve disease, or heart muscle disease. However, less than half of the people who have palpitations have arrhythmias.

You can take steps to reduce or prevent palpitations. Try to avoid things that trigger them (such as stress and stimulants) and treat related medical conditions.

Outlook

Palpitations are very common. They usually aren't serious or harmful, but they can be bothersome. If you have them, your doctor can decide whether you need treatment or ongoing care.",Heart Palpitations
What causes Heart Palpitations ?,"Many things can cause palpitations. You may have these feelings even when your heart is beating normally or somewhat faster than normal.

Most palpitations are harmless and often go away on their own. However, some palpitations are signs of a heart problem. Sometimes the cause of palpitations can't be found.

If you start having palpitations, see your doctor to have them checked.

Causes Not Related to Heart Problems

Strong Emotions

You may feel your heart pounding or racing during anxiety, fear, or stress. You also may have these feelings if you're having a panic attack.

Vigorous Physical Activity

Intense activity can make your heart feel like its beating too hard or too fast, even though it's working normally. Intense activity also can cause occasional premature (extra) heartbeats.

Medical Conditions

Some medical conditions can cause palpitations. These conditions can make the heart beat faster or stronger than usual. They also can cause premature (extra) heartbeats.

Examples of these medical conditions include:

An overactive thyroid

A low blood sugar level

Anemia

Some types of low blood pressure

Fever

Dehydration (not enough fluid in the body)

Hormonal Changes

The hormonal changes that happen during pregnancy, menstruation, and the perimenopausal period may cause palpitations. The palpitations will likely improve or go away as these conditions go away or change.

Some palpitations that occur during pregnancy may be due to anemia.

Medicines and Stimulants

Many medicines can trigger palpitations because they can make the heart beat faster or stronger than usual. Medicines also can cause premature (extra) heartbeats.

Examples of these medicines include:

Inhaled asthma medicines.

Medicines to treat an underactive thyroid. Taking too much of these medicines can cause an overactive thyroid and lead to palpitations.

Medicines to prevent arrhythmias. Medicines used to treat irregular heart rhythms can sometimes cause other irregular heart rhythms.

Over-the-counter medicines that act as stimulants also may cause palpitations. These include decongestants (found in cough and cold medicines) and some herbal and nutritional supplements.

Caffeine, nicotine (found in tobacco), alcohol, and illegal drugs (such as cocaine and amphetamines) also can cause palpitations.

Causes Related to Heart Problems

Some palpitations are symptoms of arrhythmias. Arrhythmias are problems with the rate or rhythm of the heartbeat. However, less than half of the people who have palpitations have arrhythmias.

During an arrhythmia, the heart can beat too fast, too slow, or with an irregular rhythm. An arrhythmia happens if some part of the heart's electrical system doesn't work as it should.

Palpitations are more likely to be related to an arrhythmia if you:

Have had a heart attack or are at risk for one.

Have coronary heart disease (CHD) or risk factors for CHD.

Have other heart problems, such as heart failure, heart valve disease, or heart muscle disease.

Have abnormal electrolyte levels. Electrolytes are minerals, such as potassium and sodium, found in blood and body fluids. They're vital for normal health and functioning of the body.",Heart Palpitations
Who is at risk for Heart Palpitations? ?,"Some people may be more likely than others to have palpitations. People at increased risk include those who:

Have anxiety or panic attacks, or people who are highly stressed

Take certain medicines or stimulants

Have certain medical conditions that aren't related to heart problems, such as an overactive thyroid

Have certain heart problems, such as arrhythmias (irregular heartbeats), a previous heart attack, heart failure, heart valve disease, or heart muscle disease

Women who are pregnant, menstruating, or perimenopausal also may be at higher risk for palpitations because of hormonal changes. Some palpitations that occur during pregnancy may be due to anemia.

For more information about these risk factors, go to ""What Causes Palpitations?""",Heart Palpitations
What are the symptoms of Heart Palpitations ?,"Symptoms of palpitations include feelings that your heart is:

Skipping a beat

Fluttering

Beating too hard or too fast

You may have these feelings in your chest, throat, or neck. They can occur during activity or even when you're sitting still or lying down.

Palpitations often are harmless, and your heart is working normally. However, these feelings can be a sign of a more serious problem if you also:

Feel dizzy or confused

Are light-headed, think you may faint, or do faint

Have trouble breathing

Have pain, pressure, or tightness in your chest, jaw, or arms

Feel short of breath

Have unusual sweating

Your doctor may have already told you that your palpitations are harmless. Even so, see your doctor again if your palpitations:

Start to occur more often or are more noticeable or bothersome

Occur with other symptoms, such as those listed above

Your doctor will want to check whether your palpitations are the symptom of a heart problem, such as an arrhythmia (irregular heartbeat).",Heart Palpitations
How to diagnose Heart Palpitations ?,"First, your doctor will want to find out whether your palpitations are harmless or related to a heart problem. He or she will ask about your symptoms and medical history, do a physical exam, and recommend several basic tests.

This information may point to a heart problem as the cause of your palpitations. If so, your doctor may recommend more tests. These tests will help show what the problem is, so your doctor can decide how to treat it.

The cause of palpitations may be hard to diagnose, especially if symptoms don't occur regularly.

Specialists Involved

Several types of doctors may work with you to diagnose and treat your palpitations. These include a:

Primary care doctor

Cardiologist (a doctor who specializes in diagnosing and treating heart diseases and conditions)

Electrophysiologist (a cardiologist who specializes in the heart's electrical system)

Medical History

Your doctor will ask questions about your palpitations, such as:

When did they begin?

How long do they last?

How often do they occur?

Do they start and stop suddenly?

Does your heartbeat feel steady or irregular during the palpitations?

Do other symptoms occur with the palpitations?

Do your palpitations have a pattern? For example, do they occur when you exercise or drink coffee? Do they happen at a certain time of day?

Your doctor also may ask about your use of caffeine, alcohol, supplements, and illegal drugs.

Physical Exam

Your doctor will take your pulse to find out how fast your heart is beating and whether its rhythm is normal. He or she also will use a stethoscope to listen to your heartbeat.

Your doctor may look for signs of conditions that can cause palpitations, such as an overactive thyroid.

Diagnostic Tests

Often, the first test that's done is an EKG (electrocardiogram). This simple test records your heart's electrical activity.

An EKG shows how fast your heart is beating and its rhythm (steady or irregular). It also records the strength and timing of electrical signals as they pass through your heart.

Even if your EKG results are normal, you may still have a medical condition that's causing palpitations. If your doctor suspects this is the case, you may have blood tests to gather more information about your heart's structure, function, and electrical system.

Holter or Event Monitor

A standard EKG only records the heartbeat for a few seconds. It won't detect heart rhythm problems that don't happen during the test. To diagnose problems that come and go, your doctor may have you wear a Holter or event monitor.

A Holter monitor records the hearts electrical activity for a full 24- or 48-hour period. You wear patches called electrodes on your chest. Wires connect the patches to a small, portable recorder. The recorder can be clipped to a belt, kept in a pocket, or hung around your neck.

During the 24- or 48-hour period, you do your usual daily activities. You use a notebook to record any symptoms you have and the time they occur. You then return both the recorder and the notebook to your doctor to read the results. Your doctor can see how your heart was beating at the time you had symptoms.

An event monitor is similar to a Holter monitor. You wear an event monitor while doing your normal activities. However, an event monitor only records your heart's electrical activity at certain times while you're wearing it.

For many event monitors, you push a button to start the monitor when you feel symptoms. Other event monitors start automatically when they sense abnormal heart rhythms.

You can wear an event monitor for weeks or until symptoms occur.

Holter or Event Monitor



Echocardiography

Echocardiography uses sound waves to create a moving picture of your heart. The picture shows the size and shape of your heart and how well your heart chambers and valves are working.

The test also can identify areas of poor blood flow to the heart, areas of heart muscle that aren't contracting normally, and previous injury to the heart muscle caused by poor blood flow.

Stress Test

Some heart problems are easier to diagnose when your heart is working hard and beating fast. During stress testing, you exercise to make your heart work hard and beat fast while heart tests are done. If you cant exercise, you may be given medicine to make your heart work hard and beat fast.",Heart Palpitations
What are the treatments for Heart Palpitations ?,"Treatment for palpitations depends on their cause. Most palpitations are harmless and often go away on their own. In these cases, no treatment is needed.

Avoiding Triggers

Your palpitations may be harmless but bothersome. If so, your doctor may suggest avoiding things that trigger them. For examples, your doctor may advise you to:

Reduce anxiety and stress. Anxiety and stress (including panic attacks) are a common cause of harmless palpitations. Relaxation exercises, yoga or tai chi, biofeedback or guided imagery, or aromatherapy may help you relax.

Avoid or limit stimulants, such as caffeine, nicotine, or alcohol.

Avoid illegal drugs, such as cocaine and amphetamines.

Avoid medicines that act as stimulants, such as cough and cold medicines and some herbal and nutritional supplements.

Treating Medical Conditions That May Cause Palpitations

Work with your doctor to control medical conditions that can cause palpitations, such as an overactive thyroid. If you're taking medicine that's causing palpitations, your doctor will try to find a different medicine for you.

If your palpitations are caused by an arrhythmia (irregular heartbeat), your doctor may recommend medicines or procedures to treat the problem. For more information, go to the Health Topics Arrhythmia article.",Heart Palpitations
How to prevent Heart Palpitations ?,"You can take steps to prevent palpitations. Try to avoid things that trigger them. For example:

Reduce anxiety and stress. Anxiety and stress (including panic attacks) are a common cause of harmless palpitations. Relaxation exercises, yoga or tai chi, biofeedback or guided imagery, or aromatherapy may help you relax.

Avoid or limit stimulants, such as caffeine, nicotine, or alcohol.

Avoid illegal drugs, such as cocaine and amphetamines.

Avoid medicines that act as stimulants, such as cough and cold medicines and some herbal and nutritional supplements.

Also, work with your doctor to treat medical conditions that can cause palpitations.",Heart Palpitations
What is (are) Diabetic Neuropathy ?,"Diabetic neuropathy is a peripheral nerve disorder caused by diabetes or poor blood sugar control. The most common types of diabetic neuropathy result in problems with sensation in the feet. It can develop slowly after many years of diabetes or may occur early in the disease. The symptoms are numbness, pain, or tingling in the feet or lower legs. The pain can be intense and require treatment to relieve the discomfort. The loss of sensation in the feet may also increase the possibility that foot injuries will go unnoticed and develop into ulcers or lesions that become infected. In some cases, diabetic neuropathy can be associated with difficulty walking and some weakness in the foot muscles. There are other types of diabetic-related neuropathies that affect specific parts of the body. For example, diabetic amyotrophy causes pain, weakness and wasting of the thigh muscles, or cranial nerve infarcts that may result in double vision, a drooping eyelid, or dizziness. Diabetes can also affect the autonomic nerves that control blood pressure, the digestive tract, bladder function, and sexual organs. Problems with the autonomic nerves may cause lightheadedness, indigestion, diarrhea or constipation, difficulty with bladder control, and impotence.",Diabetic Neuropathy
What are the treatments for Diabetic Neuropathy ?,"The goal of treating diabetic neuropathy is to prevent further tissue damage and relieve discomfort. The first step is to bring blood sugar levels under control by diet and medication. Another important part of treatment involves taking special care of the feet by wearing proper fitting shoes and routinely checking the feet for cuts and infections. Analgesics, low doses of antidepressants, and some anticonvulsant medications may be prescribed for relief of pain, burning, or tingling. Some individuals find that walking regularly, taking warm baths, or using elastic stockings may help relieve leg pain.",Diabetic Neuropathy
What is the outlook for Diabetic Neuropathy ?,"The prognosis for diabetic neuropathy depends largely on how well the underlying condition of diabetes is handled. Treating diabetes may halt progression and improve symptoms of the neuropathy, but recovery is slow. The painful sensations of diabetic neuropathy may become severe enough to cause depression in some patients.",Diabetic Neuropathy
what research (or clinical trials) is being done for Diabetic Neuropathy ?,The NINDS conducts and supports research on diabetic neuropathy to increase understanding of the disorder and find ways to prevent and cure it. New medications are currently being examined to assess improvement or stabilization of neuropathic symptoms.,Diabetic Neuropathy
What is (are) 6q24-related transient neonatal diabetes mellitus ?,"6q24-related transient neonatal diabetes mellitus is a type of diabetes that occurs in infants. This form of diabetes is characterized by high blood sugar levels (hyperglycemia) resulting from a shortage of the hormone insulin. Insulin controls how much glucose (a type of sugar) is passed from the blood into cells for conversion to energy. People with 6q24-related transient neonatal diabetes mellitus experience very slow growth before birth (severe intrauterine growth retardation). Affected infants have hyperglycemia and an excessive loss of fluids (dehydration), usually beginning in the first week of life. Signs and symptoms of this form of diabetes are transient, which means that they gradually lessen over time and generally disappear between the ages of 3 months and 18 months. Diabetes may recur, however, especially during childhood illnesses or pregnancy. Up to half of individuals with 6q24-related transient neonatal diabetes mellitus develop permanent diabetes mellitus later in life. Other features of 6q24-related transient neonatal diabetes mellitus that occur in some affected individuals include an unusually large tongue (macroglossia); a soft out-pouching around the belly-button (an umbilical hernia); malformations of the brain, heart, or kidneys; weak muscle tone (hypotonia); deafness; and developmental delay.",6q24-related transient neonatal diabetes mellitus
How many people are affected by 6q24-related transient neonatal diabetes mellitus ?,"Between 1 in 215,000 and 1 in 400,000 babies are born with diabetes mellitus. In about half of these babies, the diabetes is transient. Researchers estimate that approximately 70 percent of transient diabetes in newborns is caused by 6q24-related transient neonatal diabetes mellitus.",6q24-related transient neonatal diabetes mellitus
What are the genetic changes related to 6q24-related transient neonatal diabetes mellitus ?,"6q24-related transient neonatal diabetes mellitus is caused by the overactivity (overexpression) of certain genes in a region of the long (q) arm of chromosome 6 called 6q24. People inherit two copies of their genes, one from their mother and one from their father. Usually both copies of each gene are active, or ""turned on,"" in cells. In some cases, however, only one of the two copies is normally turned on. Which copy is active depends on the parent of origin: some genes are normally active only when they are inherited from a person's father; others are active only when inherited from a person's mother. This phenomenon is known as genomic imprinting. The 6q24 region includes paternally expressed imprinted genes, which means that normally only the copy of each gene that comes from the father is active. The copy of each gene that comes from the mother is inactivated (silenced) by a mechanism called methylation. Overactivity of one of the paternally expressed imprinted genes in this region, PLAGL1, is believed to cause 6q24-related transient neonatal diabetes mellitus. Other paternally expressed imprinted genes in the region, some of which have not been identified, may also be involved in this disorder. There are three ways that overexpression of imprinted genes in the 6q24 region can occur. About 40 percent of cases of 6q24-related transient neonatal diabetes mellitus are caused by a genetic change known as paternal uniparental disomy (UPD) of chromosome 6. In paternal UPD, people inherit both copies of the affected chromosome from their father instead of one copy from each parent. Paternal UPD causes people to have two active copies of paternally expressed imprinted genes, rather than one active copy from the father and one inactive copy from the mother. Another 40 percent of cases of 6q24-related transient neonatal diabetes mellitus occur when the copy of chromosome 6 that comes from the father has a duplication of genetic material including the paternally expressed imprinted genes in the 6q24 region. The third mechanism by which overexpression of genes in the 6q24 region can occur is by impaired silencing of the maternal copy of the genes (maternal hypomethylation). Approximately 20 percent of cases of 6q24-related transient neonatal diabetes mellitus are caused by maternal hypomethylation. Some people with this disorder have a genetic change in the maternal copy of the 6q24 region that prevents genes in that region from being silenced. Other affected individuals have a more generalized impairment of gene silencing involving many imprinted regions, called hypomethylation of imprinted loci (HIL). About half the time, HIL is caused by mutations in the ZFP57 gene. Studies indicate that the protein produced from this gene is important in establishing and maintaining gene silencing. The other causes of HIL are unknown. Because HIL can cause overexpression of many genes, this mechanism may account for the additional health problems that occur in some people with 6q24-related transient neonatal diabetes mellitus. It is not well understood how overexpression of PLAGL1 and other genes in the 6q24 region causes 6q24-related transient neonatal diabetes mellitus and why the condition improves after infancy. The protein produced from the PLAGL1 gene helps control another protein called the pituitary adenylate cyclase-activating polypeptide receptor (PACAP1), and one of the functions of this protein is to stimulate insulin secretion by beta cells in the pancreas. In addition, overexpression of the PLAGL1 protein has been shown to stop the cycle of cell division and lead to the self-destruction of cells (apoptosis). Researchers suggest that PLAGL1 gene overexpression may reduce the number of insulin-secreting beta cells or impair their function in affected individuals. Lack of sufficient insulin results in the signs and symptoms of diabetes mellitus. In individuals with 6q24-related transient neonatal diabetes mellitus, these signs and symptoms are most likely to occur during times of physiologic stress, including the rapid growth of infancy, childhood illnesses, and pregnancy. Because insulin acts as a growth promoter during early development, a shortage of this hormone may account for the intrauterine growth retardation seen in 6q24-related transient neonatal diabetes mellitus.",6q24-related transient neonatal diabetes mellitus
Is 6q24-related transient neonatal diabetes mellitus inherited ?,"Most cases of 6q24-related transient neonatal diabetes mellitus are not inherited, particularly those caused by paternal uniparental disomy. In these cases, genetic changes occur as random events during the formation of reproductive cells (eggs and sperm) or in early embryonic development. Affected people typically have no history of the disorder in their family. Sometimes, the genetic change responsible for 6q24-related transient neonatal diabetes mellitus is inherited. For example, a duplication of genetic material on the paternal chromosome 6 can be passed from one generation to the next. When 6q24-related transient neonatal diabetes mellitus is caused by ZFP57 gene mutations, it is inherited in an autosomal recessive pattern. Autosomal recessive inheritance means both copies of the gene in each cell have mutations. The parents of an individual with an autosomal recessive condition each carry one copy of the mutated gene, but they typically do not show signs and symptoms of the condition.",6q24-related transient neonatal diabetes mellitus
What are the treatments for 6q24-related transient neonatal diabetes mellitus ?,"These resources address the diagnosis or management of 6q24-related transient neonatal diabetes mellitus: - Gene Review: Gene Review: Diabetes Mellitus, 6q24-Related Transient Neonatal - Genetic Testing Registry: Transient neonatal diabetes mellitus 1 - The Merck Manual for Healthcare Professionals - University of Chicago Kovler Diabetes Center These resources from MedlinePlus offer information about the diagnosis and management of various health conditions: - Diagnostic Tests - Drug Therapy - Surgery and Rehabilitation - Genetic Counseling - Palliative Care",6q24-related transient neonatal diabetes mellitus
What is (are) type 1 diabetes ?,"Type 1 diabetes is a disorder characterized by abnormally high blood sugar levels. In this form of diabetes, specialized cells in the pancreas called beta cells stop producing insulin. Insulin controls how much glucose (a type of sugar) is passed from the blood into cells for conversion to energy. Lack of insulin results in the inability to use glucose for energy or to control the amount of sugar in the blood. Type 1 diabetes can occur at any age; however, it usually develops by early adulthood, most often starting in adolescence. The first signs and symptoms of the disorder are caused by high blood sugar and may include frequent urination (polyuria), excessive thirst (polydipsia), fatigue, blurred vision, tingling or loss of feeling in the hands and feet, and weight loss. These symptoms may recur during the course of the disorder if blood sugar is not well controlled by insulin replacement therapy. Improper control can also cause blood sugar levels to become too low (hypoglycemia). This may occur when the body's needs change, such as during exercise or if eating is delayed. Hypoglycemia can cause headache, dizziness, hunger, shaking, sweating, weakness, and agitation. Uncontrolled type 1 diabetes can lead to a life-threatening complication called diabetic ketoacidosis. Without insulin, cells cannot take in glucose. A lack of glucose in cells prompts the liver to try to compensate by releasing more glucose into the blood, and blood sugar can become extremely high. The cells, unable to use the glucose in the blood for energy, respond by using fats instead. Breaking down fats to obtain energy produces waste products called ketones, which can build up to toxic levels in people with type 1 diabetes, resulting in diabetic ketoacidosis. Affected individuals may begin breathing rapidly; develop a fruity odor in the breath; and experience nausea, vomiting, facial flushing, stomach pain, and dryness of the mouth (xerostomia). In severe cases, diabetic ketoacidosis can lead to coma and death. Over many years, the chronic high blood sugar associated with diabetes may cause damage to blood vessels and nerves, leading to complications affecting many organs and tissues. The retina, which is the light-sensitive tissue at the back of the eye, can be damaged (diabetic retinopathy), leading to vision loss and eventual blindness. Kidney damage (diabetic nephropathy) may also occur and can lead to kidney failure and end-stage renal disease (ESRD). Pain, tingling, and loss of normal sensation (diabetic neuropathy) often occur, especially in the feet. Impaired circulation and absence of the normal sensations that prompt reaction to injury can result in permanent damage to the feet; in severe cases, the damage can lead to amputation. People with type 1 diabetes are also at increased risk of heart attacks, strokes, and problems with urinary and sexual function.",type 1 diabetes
How many people are affected by type 1 diabetes ?,"Type 1 diabetes occurs in 10 to 20 per 100,000 people per year in the United States. By age 18, approximately 1 in 300 people in the United States develop type 1 diabetes. The disorder occurs with similar frequencies in Europe, the United Kingdom, Canada, and New Zealand. Type 1 diabetes occurs much less frequently in Asia and South America, with reported incidences as low as 1 in 1 million per year. For unknown reasons, during the past 20 years the worldwide incidence of type 1 diabetes has been increasing by 2 to 5 percent each year. Type 1 diabetes accounts for 5 to 10 percent of cases of diabetes worldwide. Most people with diabetes have type 2 diabetes, in which the body continues to produce insulin but becomes less able to use it.",type 1 diabetes
What are the genetic changes related to type 1 diabetes ?,"The causes of type 1 diabetes are unknown, although several risk factors have been identified. The risk of developing type 1 diabetes is increased by certain variants of the HLA-DQA1, HLA-DQB1, and HLA-DRB1 genes. These genes provide instructions for making proteins that play a critical role in the immune system. The HLA-DQA1, HLA-DQB1, and HLA-DRB1 genes belong to a family of genes called the human leukocyte antigen (HLA) complex. The HLA complex helps the immune system distinguish the body's own proteins from proteins made by foreign invaders such as viruses and bacteria. Type 1 diabetes is generally considered to be an autoimmune disorder. Autoimmune disorders occur when the immune system attacks the body's own tissues and organs. For unknown reasons, in people with type 1 diabetes the immune system damages the insulin-producing beta cells in the pancreas. Damage to these cells impairs insulin production and leads to the signs and symptoms of type 1 diabetes. HLA genes, including HLA-DQA1, HLA-DQB1, and HLA-DRB1, have many variations, and individuals have a certain combination of these variations, called a haplotype. Certain HLA haplotypes are associated with a higher risk of developing type 1 diabetes, with particular combinations of HLA-DQA1, HLA-DQB1, and HLA-DRB1 gene variations resulting in the highest risk. These haplotypes seem to increase the risk of an inappropriate immune response to beta cells. However, these variants are also found in the general population, and only about 5 percent of individuals with the gene variants develop type 1 diabetes. HLA variations account for approximately 40 percent of the genetic risk for the condition. Other HLA variations appear to be protective against the disease. Additional contributors, such as environmental factors and variations in other genes, are also thought to influence the development of this complex disorder.",type 1 diabetes
Is type 1 diabetes inherited ?,"A predisposition to develop type 1 diabetes is passed through generations in families, but the inheritance pattern is unknown.",type 1 diabetes
What are the treatments for type 1 diabetes ?,"These resources address the diagnosis or management of type 1 diabetes: - Food and Drug Administration: Blood Glucose Measuring Devices - Food and Drug Administration: Insulin - Genetic Testing Registry: Diabetes mellitus type 1 - Genetic Testing Registry: Diabetes mellitus, insulin-dependent, 10 - Genetic Testing Registry: Diabetes mellitus, insulin-dependent, 11 - Genetic Testing Registry: Diabetes mellitus, insulin-dependent, 12 - Genetic Testing Registry: Diabetes mellitus, insulin-dependent, 13 - Genetic Testing Registry: Diabetes mellitus, insulin-dependent, 15 - Genetic Testing Registry: Diabetes mellitus, insulin-dependent, 17 - Genetic Testing Registry: Diabetes mellitus, insulin-dependent, 18 - Genetic Testing Registry: Diabetes mellitus, insulin-dependent, 19 - Genetic Testing Registry: Diabetes mellitus, insulin-dependent, 2 - Genetic Testing Registry: Diabetes mellitus, insulin-dependent, 20 - Genetic Testing Registry: Diabetes mellitus, insulin-dependent, 21 - Genetic Testing Registry: Diabetes mellitus, insulin-dependent, 22 - Genetic Testing Registry: Diabetes mellitus, insulin-dependent, 23 - Genetic Testing Registry: Diabetes mellitus, insulin-dependent, 24 - Genetic Testing Registry: Diabetes mellitus, insulin-dependent, 3 - Genetic Testing Registry: Diabetes mellitus, insulin-dependent, 4 - Genetic Testing Registry: Diabetes mellitus, insulin-dependent, 5 - Genetic Testing Registry: Diabetes mellitus, insulin-dependent, 6 - Genetic Testing Registry: Diabetes mellitus, insulin-dependent, 7 - Genetic Testing Registry: Diabetes mellitus, insulin-dependent, 8 - Genetic Testing Registry: Diabetes mellitus, insulin-dependent, X-linked, susceptibility to - MedlinePlus Encyclopedia: Anti-Insulin Antibody Test - MedlinePlus Encyclopedia: Home Blood Sugar Testing - MedlinePlus Health Topic: Islet Cell Transplantation - MedlinePlus Health Topic: Pancreas Transplantation - Type 1 Diabetes in Adults: National Clinical Guideline for Diagnosis and Management in Primary and Secondary Care (2004) - Type 1 Diabetes: Diagnosis and Management of Type 1 Diabetes in Children and Young People (2004) These resources from MedlinePlus offer information about the diagnosis and management of various health conditions: - Diagnostic Tests - Drug Therapy - Surgery and Rehabilitation - Genetic Counseling - Palliative Care",type 1 diabetes
What is (are) nephrogenic diabetes insipidus ?,"Nephrogenic diabetes insipidus is a disorder of water balance. The body normally balances fluid intake with the excretion of fluid in urine. However, people with nephrogenic diabetes insipidus produce too much urine (polyuria), which causes them to be excessively thirsty (polydipsia). Affected individuals can quickly become dehydrated if they do not drink enough water, especially in hot weather or when they are sick. Nephrogenic diabetes insipidus can be either acquired or hereditary. The acquired form is brought on by certain drugs and chronic diseases and can occur at any time during life. The hereditary form is caused by genetic mutations, and its signs and symptoms usually become apparent within the first few months of life. Infants with hereditary nephrogenic diabetes insipidus may eat poorly and fail to gain weight and grow at the expected rate (failure to thrive). They may also be irritable and experience fevers, diarrhea, and vomiting. Recurrent episodes of dehydration can lead to slow growth and delayed development. If the condition is not well-managed, over time it can damage the bladder and kidneys leading to pain, infections, and kidney failure. With appropriate treatment, affected individuals usually have few complications and a normal lifespan. Nephrogenic diabetes insipidus should not be confused with diabetes mellitus, which is much more common. Diabetes mellitus is characterized by high blood sugar levels resulting from a shortage of the hormone insulin or an insensitivity to this hormone. Although nephrogenic diabetes insipidus and diabetes mellitus have some features in common, they are separate disorders with different causes.",nephrogenic diabetes insipidus
How many people are affected by nephrogenic diabetes insipidus ?,"The prevalence of nephrogenic diabetes insipidus is unknown, although the condition is thought to be rare. The acquired form occurs more frequently than the hereditary form.",nephrogenic diabetes insipidus
What are the genetic changes related to nephrogenic diabetes insipidus ?,"The hereditary form of nephrogenic diabetes insipidus can be caused by mutations in at least two genes. About 90 percent of all cases of hereditary nephrogenic diabetes insipidus result from mutations in the AVPR2 gene. Most of the remaining 10 percent of cases are caused by mutations in the AQP2 gene. Both of these genes provide instructions for making proteins that help determine how much water is excreted in urine. The acquired form of nephrogenic diabetes insipidus can result from chronic kidney disease, certain medications (such as lithium), low levels of potassium in the blood (hypokalemia), high levels of calcium in the blood (hypercalcemia), or an obstruction of the urinary tract. The kidneys filter the blood to remove waste and excess fluid, which are stored in the bladder as urine. The balance between fluid intake and urine excretion is controlled by a hormone called vasopressin or antidiuretic hormone (ADH). ADH directs the kidneys to concentrate urine by reabsorbing some of the water into the bloodstream. Normally, when a person's fluid intake is low or when a lot of fluid is lost (for example, through sweating), increased levels of ADH in the blood tell the kidneys to make less urine. When fluid intake is adequate, lower levels of ADH tell the kidneys to make more urine. Mutations in the AVPR2 or AQP2 genes prevent the kidneys from responding to signals from ADH. Chronic kidney disease, certain drugs, and other factors can also impair the kidneys' ability to respond to this hormone. As a result, the kidneys do not reabsorb water as they should, and the body makes excessive amounts of urine. These problems with water balance are characteristic of nephrogenic diabetes insipidus.",nephrogenic diabetes insipidus
Is nephrogenic diabetes insipidus inherited ?,"When nephrogenic diabetes insipidus results from mutations in the AVPR2 gene, the condition has an X-linked recessive pattern of inheritance. The AVPR2 gene is located on the X chromosome, which is one of the two sex chromosomes. In males (who have only one X chromosome), one altered copy of the gene in each cell is sufficient to cause the condition. In females (who have two X chromosomes), a mutation usually has to occur in both copies of the gene to cause the disorder. However, some females who carry a single mutated copy of the AVPR2 gene have features of nephrogenic diabetes insipidus, including polyuria and polydipsia. A characteristic of X-linked inheritance is that fathers cannot pass X-linked traits to their sons. When nephrogenic diabetes insipidus is caused by mutations in the AQP2 gene, it can have either an autosomal recessive or, less commonly, an autosomal dominant pattern of inheritance. In autosomal recessive inheritance, both copies of the gene in each cell have mutations. The parents of an individual with an autosomal recessive condition each carry one copy of the mutated gene, but they typically do not show signs and symptoms of the condition. In autosomal dominant inheritance, one mutated copy of the AQP2 gene in each cell is sufficient to cause the disorder.",nephrogenic diabetes insipidus
What are the treatments for nephrogenic diabetes insipidus ?,"These resources address the diagnosis or management of nephrogenic diabetes insipidus: - Gene Review: Gene Review: Nephrogenic Diabetes Insipidus - Genetic Testing Registry: Nephrogenic diabetes insipidus - Genetic Testing Registry: Nephrogenic diabetes insipidus, X-linked - Genetic Testing Registry: Nephrogenic diabetes insipidus, autosomal - MedlinePlus Encyclopedia: ADH - MedlinePlus Encyclopedia: Diabetes Insipidus - Nephrogenic These resources from MedlinePlus offer information about the diagnosis and management of various health conditions: - Diagnostic Tests - Drug Therapy - Surgery and Rehabilitation - Genetic Counseling - Palliative Care",nephrogenic diabetes insipidus
What is (are) critical congenital heart disease ?,"Critical congenital heart disease (CCHD) is a term that refers to a group of serious heart defects that are present from birth. These abnormalities result from problems with the formation of one or more parts of the heart during the early stages of embryonic development. CCHD prevents the heart from pumping blood effectively or reduces the amount of oxygen in the blood. As a result, organs and tissues throughout the body do not receive enough oxygen, which can lead to organ damage and life-threatening complications. Individuals with CCHD usually require surgery soon after birth. Although babies with CCHD may appear healthy for the first few hours or days of life, signs and symptoms soon become apparent. These can include an abnormal heart sound during a heartbeat (heart murmur), rapid breathing (tachypnea), low blood pressure (hypotension), low levels of oxygen in the blood (hypoxemia), and a blue or purple tint to the skin caused by a shortage of oxygen (cyanosis). If untreated, CCHD can lead to shock, coma, and death. However, most people with CCHD now survive past infancy due to improvements in early detection, diagnosis, and treatment. Some people with treated CCHD have few related health problems later in life. However, long-term effects of CCHD can include delayed development and reduced stamina during exercise. Adults with these heart defects have an increased risk of abnormal heart rhythms, heart failure, sudden cardiac arrest, stroke, and premature death. Each of the heart defects associated with CCHD affects the flow of blood into, out of, or through the heart. Some of the heart defects involve structures within the heart itself, such as the two lower chambers of the heart (the ventricles) or the valves that control blood flow through the heart. Others affect the structure of the large blood vessels leading into and out of the heart (including the aorta and pulmonary artery). Still others involve a combination of these structural abnormalities. People with CCHD have one or more specific heart defects. The heart defects classified as CCHD include coarctation of the aorta, double-outlet right ventricle, D-transposition of the great arteries, Ebstein anomaly, hypoplastic left heart syndrome, interrupted aortic arch, pulmonary atresia with intact septum, single ventricle, total anomalous pulmonary venous connection, tetralogy of Fallot, tricuspid atresia, and truncus arteriosus.",critical congenital heart disease
How many people are affected by critical congenital heart disease ?,"Heart defects are the most common type of birth defect, accounting for more than 30 percent of all infant deaths due to birth defects. CCHD represents some of the most serious types of heart defects. About 7,200 newborns, or 18 per 10,000, in the United States are diagnosed with CCHD each year.",critical congenital heart disease
What are the genetic changes related to critical congenital heart disease ?,"In most cases, the cause of CCHD is unknown. A variety of genetic and environmental factors likely contribute to this complex condition. Changes in single genes have been associated with CCHD. Studies suggest that these genes are involved in normal heart development before birth. Most of the identified mutations reduce the amount or function of the protein that is produced from a specific gene, which likely impairs the normal formation of structures in the heart. Studies have also suggested that having more or fewer copies of particular genes compared with other people, a phenomenon known as copy number variation, may play a role in CCHD. However, it is unclear whether genes affected by copy number variation are involved in heart development and how having missing or extra copies of those genes could lead to heart defects. Researchers believe that single-gene mutations and copy number variation account for a relatively small percentage of all CCHD. CCHD is usually isolated, which means it occurs alone (without signs and symptoms affecting other parts of the body). However, the heart defects associated with CCHD can also occur as part of genetic syndromes that have additional features. Some of these genetic conditions, such as Down syndrome, Turner syndrome, and 22q11.2 deletion syndrome, result from changes in the number or structure of particular chromosomes. Other conditions, including Noonan syndrome and Alagille syndrome, result from mutations in single genes. Environmental factors may also contribute to the development of CCHD. Potential risk factors that have been studied include exposure to certain chemicals or drugs before birth, viral infections (such as rubella and influenza) that occur during pregnancy, and other maternal illnesses including diabetes and phenylketonuria. Although researchers are examining risk factors that may be associated with this complex condition, many of these factors remain unknown.",critical congenital heart disease
Is critical congenital heart disease inherited ?,"Most cases of CCHD are sporadic, which means they occur in people with no history of the disorder in their family. However, close relatives (such as siblings) of people with CCHD may have an increased risk of being born with a heart defect compared with people in the general population.",critical congenital heart disease
What are the treatments for critical congenital heart disease ?,"These resources address the diagnosis or management of critical congenital heart disease: - Baby's First Test: Critical Congenital Heart Disease - Boston Children's Hospital - Centers for Disease Control and Prevention: Screening for Critical Congenital Heart Defects - Children's Hospital of Philadelphia - Cincinnati Children's Hospital Medical Center - Cleveland Clinic - Genetic Testing Registry: Congenital heart disease - Genetic Testing Registry: Ebstein's anomaly - Genetic Testing Registry: Hypoplastic left heart syndrome - Genetic Testing Registry: Hypoplastic left heart syndrome 2 - Genetic Testing Registry: Persistent truncus arteriosus - Genetic Testing Registry: Pulmonary atresia with intact ventricular septum - Genetic Testing Registry: Pulmonary atresia with ventricular septal defect - Genetic Testing Registry: Tetralogy of Fallot - Genetic Testing Registry: Transposition of the great arteries - Genetic Testing Registry: Transposition of the great arteries, dextro-looped 2 - Genetic Testing Registry: Transposition of the great arteries, dextro-looped 3 - Genetic Testing Registry: Tricuspid atresia - Screening, Technology, and Research in Genetics (STAR-G) - University of California, San Francisco Fetal Treatment Center: Congenital Heart Disease These resources from MedlinePlus offer information about the diagnosis and management of various health conditions: - Diagnostic Tests - Drug Therapy - Surgery and Rehabilitation - Genetic Counseling - Palliative Care",critical congenital heart disease
What is (are) maternally inherited diabetes and deafness ?,"Maternally inherited diabetes and deafness (MIDD) is a form of diabetes that is often accompanied by hearing loss, especially of high tones. The diabetes in MIDD is characterized by high blood sugar levels (hyperglycemia) resulting from a shortage of the hormone insulin, which regulates the amount of sugar in the blood. In MIDD, the diabetes and hearing loss usually develop in mid-adulthood, although the age that they occur varies from childhood to late adulthood. Typically, hearing loss occurs before diabetes. Some people with MIDD develop an eye disorder called macular retinal dystrophy, which is characterized by colored patches in the light-sensitive tissue that lines the back of the eye (the retina). This disorder does not usually cause vision problems in people with MIDD. Individuals with MIDD also may experience muscle cramps or weakness, particularly during exercise; heart problems; kidney disease; and constipation. Individuals with MIDD are often shorter than their peers.",maternally inherited diabetes and deafness
How many people are affected by maternally inherited diabetes and deafness ?,About 1 percent of people with diabetes have MIDD. The condition is most common in the Japanese population and has been found in populations worldwide.,maternally inherited diabetes and deafness
What are the genetic changes related to maternally inherited diabetes and deafness ?,"Mutations in the MT-TL1, MT-TK, or MT-TE gene cause MIDD. These genes are found in mitochondrial DNA, which is part of cellular structures called mitochondria. Although most DNA is packaged in chromosomes within the cell nucleus, mitochondria also have a small amount of their own DNA (known as mitochondrial DNA or mtDNA). The MT-TL1, MT-TK, and MT-TE genes provide instructions for making molecules called transfer RNAs (tRNAs), which are chemical cousins of DNA. These molecules help assemble protein building blocks (amino acids) into functioning proteins. The MT-TL1 gene provides instructions for making a specific form of tRNA that is designated as tRNALeu(UUR). During protein assembly, this molecule attaches to the amino acid leucine (Leu) and inserts it into the appropriate locations in the growing protein. Similarly, the protein produced from the MT-TK gene, called tRNALys, attaches to the amino acid lysine (Lys) and inserts it into proteins being assembled. Also, the protein produced from the MT-TE gene, called tRNAGlu, attaches to the amino acid glutamic acid (Glu) and adds it to growing proteins. These tRNA molecules are present only in mitochondria, and they help assemble proteins that are involved in producing energy for cells. In certain cells in the pancreas called beta cells, mitochondria also play a role in controlling the amount of sugar (glucose) in the bloodstream. In response to high glucose levels, mitochondria help trigger the release of insulin, which stimulates cells to take up glucose from the blood. Mutations in the MT-TL1, MT-TK, or MT-TE gene reduce the ability of tRNA to add amino acids to growing proteins, which slows protein production in mitochondria and impairs their functioning. Researchers believe that the disruption of mitochondrial function lessens the ability of mitochondria to help trigger insulin release. In people with this condition, diabetes results when the beta cells do not produce enough insulin to regulate blood sugar effectively. Researchers have not determined how the mutations lead to hearing loss or the other features of MIDD.",maternally inherited diabetes and deafness
Is maternally inherited diabetes and deafness inherited ?,"MIDD is inherited in a mitochondrial pattern, which is also known as maternal inheritance. This pattern of inheritance applies to genes contained in mtDNA. Because egg cells, but not sperm cells, contribute mitochondria to the developing embryo, children can only inherit disorders resulting from mtDNA mutations from their mother. These disorders can appear in every generation of a family and can affect both males and females, but fathers do not pass traits associated with changes in mtDNA to their children. Most of the body's cells contain thousands of mitochondria, each with one or more copies of mtDNA. These cells can have a mix of mitochondria containing mutated and unmutated DNA (heteroplasmy). The severity of MIDD is thought to be associated with the percentage of mitochondria with the mtDNA mutation.",maternally inherited diabetes and deafness
What are the treatments for maternally inherited diabetes and deafness ?,These resources address the diagnosis or management of MIDD: - Genetic Testing Registry: Diabetes-deafness syndrome maternally transmitted These resources from MedlinePlus offer information about the diagnosis and management of various health conditions: - Diagnostic Tests - Drug Therapy - Surgery and Rehabilitation - Genetic Counseling - Palliative Care,maternally inherited diabetes and deafness
What is (are) progressive familial heart block ?,"Progressive familial heart block is a genetic condition that alters the normal beating of the heart. A normal heartbeat is controlled by electrical signals that move through the heart in a highly coordinated way. These signals begin in a specialized cluster of cells called the sinoatrial node (the heart's natural pacemaker) located in the heart's upper chambers (the atria). From there, a group of cells called the atrioventricular node carries the electrical signals to another cluster of cells called the bundle of His. This bundle separates into multiple thin spindles called bundle branches, which carry electrical signals into the heart's lower chambers (the ventricles). Electrical impulses move from the sinoatrial node down to the bundle branches, stimulating a normal heartbeat in which the ventricles contract slightly later than the atria. Heart block occurs when the electrical signaling is obstructed anywhere from the atria to the ventricles. In people with progressive familial heart block, the condition worsens over time: early in the disorder, the electrical signals are partially blocked, but the block eventually becomes complete, preventing any signals from passing through the heart. Partial heart block causes a slow or irregular heartbeat (bradycardia or arrhythmia, respectively), and can lead to the buildup of scar tissue (fibrosis) in the cells that carry electrical impulses. Fibrosis contributes to the development of complete heart block, resulting in uncoordinated electrical signaling between the atria and the ventricles and inefficient pumping of blood in the heart. Complete heart block can cause a sensation of fluttering or pounding in the chest (palpitations), shortness of breath, fainting (syncope), or sudden cardiac arrest and death. Progressive familial heart block can be divided into type I and type II, with type I being further divided into types IA and IB. These types differ in where in the heart signaling is interrupted and the genetic cause. In types IA and IB, the heart block originates in the bundle branch, and in type II, the heart block originates in the atrioventricular node. The different types of progressive familial heart block have similar signs and symptoms. Most cases of heart block are not genetic and are not considered progressive familial heart block. The most common cause of heart block is fibrosis of the heart, which occurs as a normal process of aging. Other causes of heart block can include the use of certain medications or an infection of the heart tissue.",progressive familial heart block
How many people are affected by progressive familial heart block ?,"The prevalence of progressive familial heart block is unknown. In the United States, about 1 in 5,000 individuals have complete heart block from any cause; worldwide, about 1 in 2,500 individuals have complete heart block.",progressive familial heart block
What are the genetic changes related to progressive familial heart block ?,"Mutations in the SCN5A and TRPM4 genes cause most cases of progressive familial heart block types IA and IB, respectively. The proteins produced from these genes are channels that allow positively charged atoms (cations) into and out of cells. Both channels are abundant in heart (cardiac) cells and play key roles in these cells' ability to generate and transmit electrical signals. These channels play a major role in signaling the start of each heartbeat, coordinating the contractions of the atria and ventricles, and maintaining a normal heart rhythm. The SCN5A and TRPM4 gene mutations that cause progressive familial heart block alter the normal function of the channels. As a result of these channel alterations, cardiac cells have difficulty producing and transmitting the electrical signals that are necessary to coordinate normal heartbeats, leading to heart block. Death of these impaired cardiac cells over time can lead to fibrosis, worsening the heart block. Mutations in other genes, some of which are unknown, account for the remaining cases of progressive familial heart block.",progressive familial heart block
Is progressive familial heart block inherited ?,"Progressive familial heart block types I and II are inherited in an autosomal dominant pattern, which means one copy of an altered gene in each cell is sufficient to cause the disorder. Some people with TRPM4 gene mutations never develop the condition, a situation known as reduced penetrance. In most cases, an affected person has one parent with progressive familial heart block.",progressive familial heart block
What are the treatments for progressive familial heart block ?,"These resources address the diagnosis or management of progressive familial heart block: - American Heart Association: Common Tests for Arrhythmia - Genetic Testing Registry: Progressive familial heart block type 1A - Genetic Testing Registry: Progressive familial heart block type 1B - Genetic Testing Registry: Progressive familial heart block type 2 - MedlinePlus Health Topic: Pacemakers and Implantable Defibrillators - National Heart, Lung, and Blood Institute: How Does a Pacemaker Work? - National Heart, Lung, and Blood Institute: How is Sudden Cardiac Arrest Diagnosed? These resources from MedlinePlus offer information about the diagnosis and management of various health conditions: - Diagnostic Tests - Drug Therapy - Surgery and Rehabilitation - Genetic Counseling - Palliative Care",progressive familial heart block
What is (are) neurohypophyseal diabetes insipidus ?,"Neurohypophyseal diabetes insipidus is a disorder of water balance. The body normally balances fluid intake with the excretion of fluid in urine. However, people with neurohypophyseal diabetes insipidus produce too much urine (polyuria), which causes them to be excessively thirsty (polydipsia). Affected people need to urinate frequently, which can disrupt daily activities and sleep. People with neurohypophyseal diabetes insipidus can quickly become dehydrated if they do not drink enough water. Dehydration can lead to constipation and dry skin. If the disorder is not treated, more serious complications of dehydration can occur. These include confusion, low blood pressure, seizures, and coma. Neurohypophyseal diabetes insipidus can be either acquired or familial. The acquired form is brought on by injuries, tumors, and other factors, and can occur at any time during life. The familial form is caused by genetic mutations; its signs and symptoms usually become apparent in childhood and worsen over time. Neurohypophyseal diabetes insipidus should not be confused with diabetes mellitus, which is much more common. Diabetes mellitus is characterized by high blood sugar levels resulting from a shortage of the hormone insulin or an insensitivity to this hormone. Although neurohypophyseal diabetes insipidus and diabetes mellitus have some features in common, they are separate disorders with different causes.",neurohypophyseal diabetes insipidus
How many people are affected by neurohypophyseal diabetes insipidus ?,"Neurohypophyseal diabetes insipidus is thought to be rare, although its exact incidence is unknown. The acquired form occurs much more frequently than the familial form.",neurohypophyseal diabetes insipidus
What are the genetic changes related to neurohypophyseal diabetes insipidus ?,"The familial form of neurohypophyseal diabetes insipidus is caused by mutations in the AVP gene. This gene provides instructions for making a hormone called vasopressin or antidiuretic hormone (ADH). This hormone, which is produced and stored in the brain, helps control the body's water balance. The kidneys filter the blood to remove waste and excess fluid, which are stored in the bladder as urine. ADH controls the balance between fluid intake and urine excretion. Normally, when a person's fluid intake is low or when a lot of fluid is lost (for example, through sweating), the brain releases more ADH into the bloodstream. High levels of this hormone direct the kidneys to reabsorb more water and to make less urine. When fluid intake is adequate, the brain releases less ADH. Lower levels of this hormone cause the kidneys to reabsorb less water and to make more urine. Mutations in the AVP gene result in progressive damage to the brain cells where ADH is produced. These cells ultimately die, causing a shortage of ADH. Without this hormone, the kidneys do not reabsorb water as they should, and the body makes excessive amounts of urine. These problems with water balance are characteristic of neurohypophyseal diabetes insipidus. The acquired form of neurohypophyseal diabetes insipidus results when the areas of the brain that produce or store ADH are damaged by head injuries, brain tumors, brain surgery, certain diseases and infections, or bleeding in the brain. A loss of ADH disrupts the body's water balance, leading to excessive urine production and the other features of the disorder. In 30 to 50 percent of all cases of neurohypophyseal diabetes insipidus, the cause of the disorder is unknown. Studies suggest that some of these cases may have an autoimmune basis. Autoimmune disorders occur when the immune system malfunctions and attacks the body's own tissues and organs. For unknown reasons, in some people with neurohypophyseal diabetes insipidus the immune system appears to damage the brain cells that normally produce ADH.",neurohypophyseal diabetes insipidus
Is neurohypophyseal diabetes insipidus inherited ?,"Familial neurohypophyseal diabetes insipidus is almost always inherited in an autosomal dominant pattern, which means one copy of the altered AVP gene in each cell is sufficient to cause the disorder. In a few affected families, the condition has had an autosomal recessive pattern of inheritance. Autosomal recessive inheritance means that both copies of the gene in each cell have mutations. The parents of an individual with an autosomal recessive condition each carry one copy of the mutated gene, but they typically do not show signs and symptoms of the condition.",neurohypophyseal diabetes insipidus
What are the treatments for neurohypophyseal diabetes insipidus ?,These resources address the diagnosis or management of neurohypophyseal diabetes insipidus: - Genetic Testing Registry: Neurohypophyseal diabetes insipidus - MedlinePlus Encyclopedia: ADH - MedlinePlus Encyclopedia: Diabetes Insipidus - Central These resources from MedlinePlus offer information about the diagnosis and management of various health conditions: - Diagnostic Tests - Drug Therapy - Surgery and Rehabilitation - Genetic Counseling - Palliative Care,neurohypophyseal diabetes insipidus
What is (are) permanent neonatal diabetes mellitus ?,"Permanent neonatal diabetes mellitus is a type of diabetes that first appears within the first 6 months of life and persists throughout the lifespan. This form of diabetes is characterized by high blood sugar levels (hyperglycemia) resulting from a shortage of the hormone insulin. Insulin controls how much glucose (a type of sugar) is passed from the blood into cells for conversion to energy. Individuals with permanent neonatal diabetes mellitus experience slow growth before birth (intrauterine growth retardation). Affected infants have hyperglycemia and an excessive loss of fluids (dehydration) and are unable to gain weight and grow at the expected rate (failure to thrive). In some cases, people with permanent neonatal diabetes mellitus also have certain neurological problems, including developmental delay and recurrent seizures (epilepsy). This combination of developmental delay, epilepsy, and neonatal diabetes is called DEND syndrome. Intermediate DEND syndrome is a similar combination but with milder developmental delay and without epilepsy. A small number of individuals with permanent neonatal diabetes mellitus have an underdeveloped pancreas. Because the pancreas produces digestive enzymes as well as secreting insulin and other hormones, affected individuals experience digestive problems such as fatty stools and an inability to absorb fat-soluble vitamins.",permanent neonatal diabetes mellitus
How many people are affected by permanent neonatal diabetes mellitus ?,"About 1 in 400,000 infants are diagnosed with diabetes mellitus in the first few months of life. However, in about half of these babies the condition is transient and goes away on its own by age 18 months. The remainder are considered to have permanent neonatal diabetes mellitus.",permanent neonatal diabetes mellitus
What are the genetic changes related to permanent neonatal diabetes mellitus ?,"Permanent neonatal diabetes mellitus may be caused by mutations in several genes. About 30 percent of individuals with permanent neonatal diabetes mellitus have mutations in the KCNJ11 gene. An additional 20 percent of people with permanent neonatal diabetes mellitus have mutations in the ABCC8 gene. These genes provide instructions for making parts (subunits) of the ATP-sensitive potassium (K-ATP) channel. Each K-ATP channel consists of eight subunits, four produced from the KCNJ11 gene and four from the ABCC8 gene. K-ATP channels are found across cell membranes in the insulin-secreting beta cells of the pancreas. These channels open and close in response to the amount of glucose in the bloodstream. Closure of the channels in response to increased glucose triggers the release of insulin out of beta cells and into the bloodstream, which helps control blood sugar levels. Mutations in the KCNJ11 or ABCC8 gene that cause permanent neonatal diabetes mellitus result in K-ATP channels that do not close, leading to reduced insulin secretion from beta cells and impaired blood sugar control. Mutations in the INS gene, which provides instructions for making insulin, have been identified in about 20 percent of individuals with permanent neonatal diabetes mellitus. Insulin is produced in a precursor form called proinsulin, which consists of a single chain of protein building blocks (amino acids). The proinsulin chain is cut (cleaved) to form individual pieces called the A and B chains, which are joined together by connections called disulfide bonds to form insulin. Mutations in the INS gene are believed to disrupt the cleavage of the proinsulin chain or the binding of the A and B chains to form insulin, leading to impaired blood sugar control. Permanent neonatal diabetes mellitus can also be caused by mutations in other genes, some of which have not been identified.",permanent neonatal diabetes mellitus
Is permanent neonatal diabetes mellitus inherited ?,"Permanent neonatal diabetes mellitus can have different inheritance patterns. When this condition is caused by mutations in the KCNJ11 or INS gene it is inherited in an autosomal dominant pattern, which means one copy of the altered gene in each cell is sufficient to cause the disorder. In about 90 percent of these cases, the condition results from new mutations in the gene and occurs in people with no history of the disorder in their family. In the remaining cases, an affected person inherits the mutation from one affected parent. When permanent neonatal diabetes mellitus is caused by mutations in the ABCC8 gene, it may be inherited in either an autosomal dominant or autosomal recessive pattern. In autosomal recessive inheritance, both copies of the gene in each cell have mutations. The parents of an individual with an autosomal recessive condition each carry one copy of the mutated gene, but they typically do not show signs and symptoms of the condition. Less commonly the condition is caused by mutations in other genes, and in these cases it is also inherited in an autosomal recessive pattern.",permanent neonatal diabetes mellitus
What are the treatments for permanent neonatal diabetes mellitus ?,"These resources address the diagnosis or management of permanent neonatal diabetes mellitus: - Gene Review: Gene Review: Permanent Neonatal Diabetes Mellitus - Genetic Testing Registry: Pancreatic agenesis, congenital - Genetic Testing Registry: Permanent neonatal diabetes mellitus - University of Chicago Kovler Diabetes Center These resources from MedlinePlus offer information about the diagnosis and management of various health conditions: - Diagnostic Tests - Drug Therapy - Surgery and Rehabilitation - Genetic Counseling - Palliative Care",permanent neonatal diabetes mellitus
What is (are) Causes of Diabetes ?,"Diabetes is a complex group of diseases with a variety of causes. People with diabetes have high blood glucose, also called high blood sugar or hyperglycemia.

Diabetes is a disorder of metabolismthe way the body uses digested food for energy. The digestive tract breaks down carbohydratessugars and starches found in many foodsinto glucose, a form of sugar that enters the bloodstream. With the help of the hormone insulin, cells throughout the body absorb glucose and use it for energy. Diabetes develops when the body doesnt make enough insulin or is not able to use insulin effectively, or both.

Insulin is made in the pancreas, an organ located behind the stomach. The pancreas contains clusters of cells called islets. Beta cells within the islets make insulin and release it into the blood.

If beta cells dont produce enough insulin, or the body doesnt respond to the insulin that is present, glucose builds up in the blood instead of being absorbed by cells in the body, leading to prediabetes or diabetes. Prediabetes is a condition in which blood glucose levels or A1C levelswhich reflect average blood glucose levelsare higher than normal but not high enough to be diagnosed as diabetes. In diabetes, the bodys cells are starved of energy despite high blood glucose levels.

Over time, high blood glucose damages nerves and blood vessels, leading to complications such as heart disease, stroke, kidney disease, blindness, dental disease, and amputations. Other complications of diabetes may include increased susceptibility to other diseases, loss of mobility with aging, depression, and pregnancy problems. No one is certain what starts the processes that cause diabetes, but scientists believe genes and environmental factors interact to cause diabetes in most cases.

The two main types of diabetes are type 1 diabetes and type 2 diabetes. A third type, gestational diabetes, develops only during pregnancy. Other types of diabetes are caused by defects in specific genes, diseases of the pancreas, certain drugs or chemicals, infections, and other conditions. Some people show signs of both type 1 and type 2 diabetes.",Causes of Diabetes
What causes Causes of Diabetes ?,"Type 1 diabetes is caused by a lack of insulin due to the destruction of insulin-producing beta cells in the pancreas. In type 1 diabetesan autoimmune diseasethe bodys immune system attacks and destroys the beta cells. Normally, the immune system protects the body from infection by identifying and destroying bacteria, viruses, and other potentially harmful foreign substances. But in autoimmune diseases, the immune system attacks the bodys own cells. In type 1 diabetes, beta cell destruction may take place over several years, but symptoms of the disease usually develop over a short period of time.

Type 1 diabetes typically occurs in children and young adults, though it can appear at any age. In the past, type 1 diabetes was called juvenile diabetes or insulin-dependent diabetes mellitus.

Latent autoimmune diabetes in adults (LADA) may be a slowly developing kind of type 1 diabetes. Diagnosis usually occurs after age 30. In LADA, as in type 1 diabetes, the bodys immune system destroys the beta cells. At the time of diagnosis, people with LADA may still produce their own insulin, but eventually most will need insulin shots or an insulin pump to control blood glucose levels.

Genetic Susceptibility

Heredity plays an important part in determining who is likely to develop type 1 diabetes. Genes are passed down from biological parent to child. Genes carry instructions for making proteins that are needed for the bodys cells to function. Many genes, as well as interactions among genes, are thought to influence susceptibility to and protection from type 1 diabetes. The key genes may vary in different population groups. Variations in genes that affect more than 1 percent of a population group are called gene variants.

Certain gene variants that carry instructions for making proteins called human leukocyte antigens (HLAs) on white blood cells are linked to the risk of developing type 1 diabetes. The proteins produced by HLA genes help determine whether the immune system recognizes a cell as part of the body or as foreign material. Some combinations of HLA gene variants predict that a person will be at higher risk for type 1 diabetes, while other combinations are protective or have no effect on risk.

While HLA genes are the major risk genes for type 1 diabetes, many additional risk genes or gene regions have been found. Not only can these genes help identify people at risk for type 1 diabetes, but they also provide important clues to help scientists better understand how the disease develops and identify potential targets for therapy and prevention.

Genetic testing can show what types of HLA genes a person carries and can reveal other genes linked to diabetes. However, most genetic testing is done in a research setting and is not yet available to individuals. Scientists are studying how the results of genetic testing can be used to improve type 1 diabetes prevention or treatment.

Autoimmune Destruction of Beta Cells

In type 1 diabetes, white blood cells called T cells attack and destroy beta cells. The process begins well before diabetes symptoms appear and continues after diagnosis. Often, type 1 diabetes is not diagnosed until most beta cells have already been destroyed. At this point, a person needs daily insulin treatment to survive. Finding ways to modify or stop this autoimmune process and preserve beta cell function is a major focus of current scientific research.

Recent research suggests insulin itself may be a key trigger of the immune attack on beta cells. The immune systems of people who are susceptible to developing type 1 diabetes respond to insulin as if it were a foreign substance, or antigen. To combat antigens, the body makes proteins called antibodies. Antibodies to insulin and other proteins produced by beta cells are found in people with type 1 diabetes. Researchers test for these antibodies to help identify people at increased risk of developing the disease. Testing the types and levels of antibodies in the blood can help determine whether a person has type 1 diabetes, LADA, or another type of diabetes.

Environmental Factors

Environmental factors, such as foods, viruses, and toxins, may play a role in the development of type 1 diabetes, but the exact nature of their role has not been determined. Some theories suggest that environmental factors trigger the autoimmune destruction of beta cells in people with a genetic susceptibility to diabetes. Other theories suggest that environmental factors play an ongoing role in diabetes, even after diagnosis.

Viruses and infections. A virus cannot cause diabetes on its own, but people are sometimes diagnosed with type 1 diabetes during or after a viral infection, suggesting a link between the two. Also, the onset of type 1 diabetes occurs more frequently during the winter when viral infections are more common. Viruses possibly associated with type 1 diabetes include coxsackievirus B, cytomegalovirus, adenovirus, rubella, and mumps. Scientists have described several ways these viruses may damage or destroy beta cells or possibly trigger an autoimmune response in susceptible people. For example, anti-islet antibodies have been found in patients with congenital rubella syndrome, and cytomegalovirus has been associated with significant beta cell damage and acute pancreatitisinflammation of the pancreas. Scientists are trying to identify a virus that can cause type 1 diabetes so that a vaccine might be developed to prevent the disease.

Infant feeding practices. Some studies have suggested that dietary factors may raise or lower the risk of developing type 1 diabetes. For example, breastfed infants and infants receiving vitamin D supplements may have a reduced risk of developing type 1 diabetes, while early exposure to cows milk and cereal proteins may increase risk. More research is needed to clarify how infant nutrition affects the risk for type 1 diabetes.

Read more in the Centers for Disease Control and Preventions (CDCs) publication National Diabetes Statistics Report, 2014 at www.cdc.gov for information about research studies related to type 1 diabetes.",Causes of Diabetes
What causes Causes of Diabetes ?,"Type 2 diabetesthe most common form of diabetesis caused by a combination of factors, including insulin resistance, a condition in which the bodys muscle, fat, and liver cells do not use insulin effectively. Type 2 diabetes develops when the body can no longer produce enough insulin to compensate for the impaired ability to use insulin. Symptoms of type 2 diabetes may develop gradually and can be subtle; some people with type 2 diabetes remain undiagnosed for years.

Type 2 diabetes develops most often in middle-aged and older people who are also overweight or obese. The disease, once rare in youth, is becoming more common in overweight and obese children and adolescents. Scientists think genetic susceptibility and environmental factors are the most likely triggers of type 2 diabetes.

Genetic Susceptibility

Genes play a significant part in susceptibility to type 2 diabetes. Having certain genes or combinations of genes may increase or decrease a persons risk for developing the disease. The role of genes is suggested by the high rate of type 2 diabetes in families and identical twins and wide variations in diabetes prevalence by ethnicity. Type 2 diabetes occurs more frequently in African Americans, Alaska Natives, American Indians, Hispanics/Latinos, and some Asian Americans, Native Hawaiians, and Pacific Islander Americans than it does in non-Hispanic whites.

Recent studies have combined genetic data from large numbers of people, accelerating the pace of gene discovery. Though scientists have now identified many gene variants that increase susceptibility to type 2 diabetes, the majority have yet to be discovered. The known genes appear to affect insulin production rather than insulin resistance. Researchers are working to identify additional gene variants and to learn how they interact with one another and with environmental factors to cause diabetes.

Studies have shown that variants of the TCF7L2 gene increase susceptibility to type 2 diabetes. For people who inherit two copies of the variants, the risk of developing type 2 diabetes is about 80 percent higher than for those who do not carry the gene variant.1 However, even in those with the variant, diet and physical activity leading to weight loss help delay diabetes, according to the Diabetes Prevention Program (DPP), a major clinical trial involving people at high risk.

Genes can also increase the risk of diabetes by increasing a persons tendency to become overweight or obese. One theory, known as the thrifty gene hypothesis, suggests certain genes increase the efficiency of metabolism to extract energy from food and store the energy for later use. This survival trait was advantageous for populations whose food supplies were scarce or unpredictable and could help keep people alive during famine. In modern times, however, when high-calorie foods are plentiful, such a trait can promote obesity and type 2 diabetes.

Obesity and Physical Inactivity

Physical inactivity and obesity are strongly associated with the development of type 2 diabetes. People who are genetically susceptible to type 2 diabetes are more vulnerable when these risk factors are present.

An imbalance between caloric intake and physical activity can lead to obesity, which causes insulin resistance and is common in people with type 2 diabetes. Central obesity, in which a person has excess abdominal fat, is a major risk factor not only for insulin resistance and type 2 diabetes but also for heart and blood vessel disease, also called cardiovascular disease (CVD). This excess belly fat produces hormones and other substances that can cause harmful, chronic effects in the body such as damage to blood vessels.

The DPP and other studies show that millions of people can lower their risk for type 2 diabetes by making lifestyle changes and losing weight. The DPP proved that people with prediabetesat high risk of developing type 2 diabetescould sharply lower their risk by losing weight through regular physical activity and a diet low in fat and calories. In 2009, a follow-up study of DPP participantsthe Diabetes Prevention Program Outcomes Study (DPPOS)showed that the benefits of weight loss lasted for at least 10 years after the original study began.2

Read more about the DPP, funded under National Institutes of Health (NIH) clinical trial number NCT00004992, and the DPPOS, funded under NIH clinical trial number NCT00038727 in Diabetes Prevention Program.

Insulin Resistance

Insulin resistance is a common condition in people who are overweight or obese, have excess abdominal fat, and are not physically active. Muscle, fat, and liver cells stop responding properly to insulin, forcing the pancreas to compensate by producing extra insulin. As long as beta cells are able to produce enough insulin, blood glucose levels stay in the normal range. But when insulin production falters because of beta cell dysfunction, glucose levels rise, leading to prediabetes or diabetes.

Abnormal Glucose Production by the Liver

In some people with diabetes, an abnormal increase in glucose production by the liver also contributes to high blood glucose levels. Normally, the pancreas releases the hormone glucagon when blood glucose and insulin levels are low. Glucagon stimulates the liver to produce glucose and release it into the bloodstream. But when blood glucose and insulin levels are high after a meal, glucagon levels drop, and the liver stores excess glucose for later, when it is needed. For reasons not completely understood, in many people with diabetes, glucagon levels stay higher than needed. High glucagon levels cause the liver to produce unneeded glucose, which contributes to high blood glucose levels. Metformin, the most commonly used drug to treat type 2 diabetes, reduces glucose production by the liver.

The Roles of Insulin and Glucagon in Normal Blood Glucose Regulation

A healthy persons body keeps blood glucose levels in a normal range through several complex mechanisms. Insulin and glucagon, two hormones made in the pancreas, help regulate blood glucose levels:

- Insulin, made by beta cells, lowers elevated blood glucose levels. - Glucagon, made by alpha cells, raises low blood glucose levels.

- Insulin helps muscle, fat, and liver cells absorb glucose from the bloodstream, lowering blood glucose levels. - Insulin stimulates the liver and muscle tissue to store excess glucose. The stored form of glucose is called glycogen. - Insulin also lowers blood glucose levels by reducing glucose production in the liver.

- Glucagon signals the liver and muscle tissue to break down glycogen into glucose, which enters the bloodstream and raises blood glucose levels. - If the body needs more glucose, glucagon stimulates the liver to make glucose from amino acids.

Metabolic Syndrome

Metabolic syndrome, also called insulin resistance syndrome, refers to a group of conditions common in people with insulin resistance, including

- higher than normal blood glucose levels - increased waist size due to excess abdominal fat - high blood pressure - abnormal levels of cholesterol and triglycerides in the blood

Cell Signaling and Regulation

Cells communicate through a complex network of molecular signaling pathways. For example, on cell surfaces, insulin receptor molecules capture, or bind, insulin molecules circulating in the bloodstream. This interaction between insulin and its receptor prompts the biochemical signals that enable the cells to absorb glucose from the blood and use it for energy.

Problems in cell signaling systems can set off a chain reaction that leads to diabetes or other diseases. Many studies have focused on how insulin signals cells to communicate and regulate action. Researchers have identified proteins and pathways that transmit the insulin signal and have mapped interactions between insulin and body tissues, including the way insulin helps the liver control blood glucose levels. Researchers have also found that key signals also come from fat cells, which produce substances that cause inflammation and insulin resistance.

This work holds the key to combating insulin resistance and diabetes. As scientists learn more about cell signaling systems involved in glucose regulation, they will have more opportunities to develop effective treatments.

Beta Cell Dysfunction

Scientists think beta cell dysfunction is a key contributor to type 2 diabetes. Beta cell impairment can cause inadequate or abnormal patterns of insulin release. Also, beta cells may be damaged by high blood glucose itself, a condition called glucose toxicity.

Scientists have not determined the causes of beta cell dysfunction in most cases. Single gene defects lead to specific forms of diabetes called maturity-onset diabetes of the young (MODY). The genes involved regulate insulin production in the beta cells. Although these forms of diabetes are rare, they provide clues as to how beta cell function may be affected by key regulatory factors. Other gene variants are involved in determining the number and function of beta cells. But these variants account for only a small percentage of type 2 diabetes cases. Malnutrition early in life is also being investigated as a cause of beta cell dysfunction. The metabolic environment of the developing fetus may also create a predisposition for diabetes later in life.

Risk Factors for Type 2 Diabetes

People who develop type 2 diabetes are more likely to have the following characteristics:

- age 45 or older - overweight or obese - physically inactive - parent or sibling with diabetes - family background that is African American, Alaska Native, American Indian, Asian American, Hispanic/Latino, or Pacific Islander American - history of giving birth to a baby weighing more than 9 pounds - history of gestational diabetes - high blood pressure140/90 or aboveor being treated for high blood pressure - high-density lipoprotein (HDL), or good, cholesterol below 35 milligrams per deciliter (mg/dL), or a triglyceride level above 250 mg/dL - polycystic ovary syndrome, also called PCOS - prediabetesan A1C level of 5.7 to 6.4 percent; a fasting plasma glucose test result of 100125 mg/dL, called impaired fasting glucose; or a 2-hour oral glucose tolerance test result of 140199, called impaired glucose tolerance - acanthosis nigricans, a condition associated with insulin resistance, characterized by a dark, velvety rash around the neck or armpits - history of CVD

The American Diabetes Association (ADA) recommends that testing to detect prediabetes and type 2 diabetes be considered in adults who are overweight or obese and have one or more additional risk factors for diabetes. In adults without these risk factors, testing should begin at age 45.",Causes of Diabetes
What causes Causes of Diabetes ?,"Insulin Resistance and Beta Cell Dysfunction

Hormones produced by the placenta and other pregnancy-related factors contribute to insulin resistance, which occurs in all women during late pregnancy. Insulin resistance increases the amount of insulin needed to control blood glucose levels. If the pancreas cant produce enough insulin due to beta cell dysfunction, gestational diabetes occurs.

As with type 2 diabetes, excess weight is linked to gestational diabetes. Overweight or obese women are at particularly high risk for gestational diabetes because they start pregnancy with a higher need for insulin due to insulin resistance. Excessive weight gain during pregnancy may also increase risk.

Family History

Having a family history of diabetes is also a risk factor for gestational diabetes, suggesting that genes play a role in its development. Genetics may also explain why the disorder occurs more frequently in African Americans, American Indians, and Hispanics/Latinos. Many gene variants or combinations of variants may increase a womans risk for developing gestational diabetes. Studies have found several gene variants associated with gestational diabetes, but these variants account for only a small fraction of women with gestational diabetes.

Future Risk of Type 2 Diabetes

Because a womans hormones usually return to normal levels soon after giving birth, gestational diabetes disappears in most women after delivery. However, women who have gestational diabetes are more likely to develop gestational diabetes with future pregnancies and develop type 2 diabetes.3 Women with gestational diabetes should be tested for persistent diabetes 6 to 12 weeks after delivery and at least every 3 years thereafter.

Also, exposure to high glucose levels during gestation increases a childs risk for becoming overweight or obese and for developing type 2 diabetes later on. The result may be a cycle of diabetes affecting multiple generations in a family. For both mother and child, maintaining a healthy body weight and being physically active may help prevent type 2 diabetes.",Causes of Diabetes
What causes Causes of Diabetes ?,"Other types of diabetes have a variety of possible causes.

Genetic Mutations Affecting Beta Cells, Insulin, and Insulin Action

Some relatively uncommon forms of diabetes known as monogenic diabetes are caused by mutations, or changes, in a single gene. These mutations are usually inherited, but sometimes the gene mutation occurs spontaneously. Most of these gene mutations cause diabetes by reducing beta cells ability to produce insulin.

The most common types of monogenic diabetes are neonatal diabetes mellitus (NDM) and MODY. NDM occurs in the first 6 months of life. MODY is usually found during adolescence or early adulthood but sometimes is not diagnosed until later in life. More information about NDM and MODY is provided in the NIDDK health topic, Monogenic Forms of Diabetes.

Other rare genetic mutations can cause diabetes by damaging the quality of insulin the body produces or by causing abnormalities in insulin receptors.

Other Genetic Diseases

Diabetes occurs in people with Down syndrome, Klinefelter syndrome, and Turner syndrome at higher rates than the general population. Scientists are investigating whether genes that may predispose people to genetic syndromes also predispose them to diabetes.

The genetic disorders cystic fibrosis and hemochromatosis are linked to diabetes. Cystic fibrosis produces abnormally thick mucus, which blocks the pancreas. The risk of diabetes increases with age in people with cystic fibrosis. Hemochromatosis causes the body to store too much iron. If the disorder is not treated, iron can build up in and damage the pancreas and other organs.

Damage to or Removal of the Pancreas

Pancreatitis, cancer, and trauma can all harm the pancreatic beta cells or impair insulin production, thus causing diabetes. If the damaged pancreas is removed, diabetes will occur due to the loss of the beta cells.

Endocrine Diseases

Endocrine diseases affect organs that produce hormones. Cushings syndrome and acromegaly are examples of hormonal disorders that can cause prediabetes and diabetes by inducing insulin resistance. Cushings syndrome is marked by excessive production of cortisolsometimes called the stress hormone. Acromegaly occurs when the body produces too much growth hormone. Glucagonoma, a rare tumor of the pancreas, can also cause diabetes. The tumor causes the body to produce too much glucagon. Hyperthyroidism, a disorder that occurs when the thyroid gland produces too much thyroid hormone, can also cause elevated blood glucose levels.

Autoimmune Disorders

Rare disorders characterized by antibodies that disrupt insulin action can lead to diabetes. This kind of diabetes is often associated with other autoimmune disorders such as lupus erythematosus. Another rare autoimmune disorder called stiff-man syndrome is associated with antibodies that attack the beta cells, similar to type 1 diabetes.

Medications and Chemical Toxins

Some medications, such as nicotinic acid and certain types of diuretics, anti-seizure drugs, psychiatric drugs, and drugs to treat human immunodeficiency virus (HIV), can impair beta cells or disrupt insulin action. Pentamidine, a drug prescribed to treat a type of pneumonia, can increase the risk of pancreatitis, beta cell damage, and diabetes. Also, glucocorticoidssteroid hormones that are chemically similar to naturally produced cortisolmay impair insulin action. Glucocorticoids are used to treat inflammatory illnesses such as rheumatoid arthritis, asthma, lupus, and ulcerative colitis.

Many chemical toxins can damage or destroy beta cells in animals, but only a few have been linked to diabetes in humans. For example, dioxina contaminant of the herbicide Agent Orange, used during the Vietnam Warmay be linked to the development of type 2 diabetes. In 2000, based on a report from the Institute of Medicine, the U.S. Department of Veterans Affairs (VA) added diabetes to the list of conditions for which Vietnam veterans are eligible for disability compensation. Also, a chemical in a rat poison no longer in use has been shown to cause diabetes if ingested. Some studies suggest a high intake of nitrogen-containing chemicals such as nitrates and nitrites might increase the risk of diabetes. Arsenic has also been studied for possible links to diabetes.

Lipodystrophy

Lipodystrophy is a condition in which fat tissue is lost or redistributed in the body. The condition is associated with insulin resistance and type 2 diabetes.",Causes of Diabetes
What causes Causes of Diabetes ?,"Other types of diabetes have a variety of possible causes.

Genetic Mutations Affecting Beta Cells, Insulin, and Insulin Action

Some relatively uncommon forms of diabetes known as monogenic diabetes are caused by mutations, or changes, in a single gene. These mutations are usually inherited, but sometimes the gene mutation occurs spontaneously. Most of these gene mutations cause diabetes by reducing beta cells ability to produce insulin.

The most common types of monogenic diabetes are neonatal diabetes mellitus (NDM) and MODY. NDM occurs in the first 6 months of life. MODY is usually found during adolescence or early adulthood but sometimes is not diagnosed until later in life. More information about NDM and MODY is provided in the NIDDK health topic, Monogenic Forms of Diabetes.

Other rare genetic mutations can cause diabetes by damaging the quality of insulin the body produces or by causing abnormalities in insulin receptors.

Other Genetic Diseases

Diabetes occurs in people with Down syndrome, Klinefelter syndrome, and Turner syndrome at higher rates than the general population. Scientists are investigating whether genes that may predispose people to genetic syndromes also predispose them to diabetes.

The genetic disorders cystic fibrosis and hemochromatosis are linked to diabetes. Cystic fibrosis produces abnormally thick mucus, which blocks the pancreas. The risk of diabetes increases with age in people with cystic fibrosis. Hemochromatosis causes the body to store too much iron. If the disorder is not treated, iron can build up in and damage the pancreas and other organs.

Damage to or Removal of the Pancreas

Pancreatitis, cancer, and trauma can all harm the pancreatic beta cells or impair insulin production, thus causing diabetes. If the damaged pancreas is removed, diabetes will occur due to the loss of the beta cells.

Endocrine Diseases

Endocrine diseases affect organs that produce hormones. Cushings syndrome and acromegaly are examples of hormonal disorders that can cause prediabetes and diabetes by inducing insulin resistance. Cushings syndrome is marked by excessive production of cortisolsometimes called the stress hormone. Acromegaly occurs when the body produces too much growth hormone. Glucagonoma, a rare tumor of the pancreas, can also cause diabetes. The tumor causes the body to produce too much glucagon. Hyperthyroidism, a disorder that occurs when the thyroid gland produces too much thyroid hormone, can also cause elevated blood glucose levels.

Autoimmune Disorders

Rare disorders characterized by antibodies that disrupt insulin action can lead to diabetes. This kind of diabetes is often associated with other autoimmune disorders such as lupus erythematosus. Another rare autoimmune disorder called stiff-man syndrome is associated with antibodies that attack the beta cells, similar to type 1 diabetes.

Medications and Chemical Toxins

Some medications, such as nicotinic acid and certain types of diuretics, anti-seizure drugs, psychiatric drugs, and drugs to treat human immunodeficiency virus (HIV), can impair beta cells or disrupt insulin action. Pentamidine, a drug prescribed to treat a type of pneumonia, can increase the risk of pancreatitis, beta cell damage, and diabetes. Also, glucocorticoidssteroid hormones that are chemically similar to naturally produced cortisolmay impair insulin action. Glucocorticoids are used to treat inflammatory illnesses such as rheumatoid arthritis, asthma, lupus, and ulcerative colitis.

Many chemical toxins can damage or destroy beta cells in animals, but only a few have been linked to diabetes in humans. For example, dioxina contaminant of the herbicide Agent Orange, used during the Vietnam Warmay be linked to the development of type 2 diabetes. In 2000, based on a report from the Institute of Medicine, the U.S. Department of Veterans Affairs (VA) added diabetes to the list of conditions for which Vietnam veterans are eligible for disability compensation. Also, a chemical in a rat poison no longer in use has been shown to cause diabetes if ingested. Some studies suggest a high intake of nitrogen-containing chemicals such as nitrates and nitrites might increase the risk of diabetes. Arsenic has also been studied for possible links to diabetes.

Lipodystrophy

Lipodystrophy is a condition in which fat tissue is lost or redistributed in the body. The condition is associated with insulin resistance and type 2 diabetes.",Causes of Diabetes
What to do for Causes of Diabetes ?,"- Diabetes is a complex group of diseases with a variety of causes. Scientists believe genes and environmental factors interact to cause diabetes in most cases. - People with diabetes have high blood glucose, also called high blood sugar or hyperglycemia. Diabetes develops when the body doesnt make enough insulin or is not able to use insulin effectively, or both. - Insulin is a hormone made by beta cells in the pancreas. Insulin helps cells throughout the body absorb and use glucose for energy. If the body does not produce enough insulin or cannot use insulin effectively, glucose builds up in the blood instead of being absorbed by cells in the body, and the body is starved of energy. - Prediabetes is a condition in which blood glucose levels or A1C levels are higher than normal but not high enough to be diagnosed as diabetes. People with prediabetes can substantially reduce their risk of developing diabetes by losing weight and increasing physical activity. - The two main types of diabetes are type 1 diabetes and type 2 diabetes. Gestational diabetes is a third form of diabetes that develops only during pregnancy. - Type 1 diabetes is caused by a lack of insulin due to the destruction of insulin-producing beta cells. In type 1 diabetesan autoimmune diseasethe bodys immune system attacks and destroys the beta cells. - Type 2 diabetesthe most common form of diabetesis caused by a combination of factors, including insulin resistance, a condition in which the bodys muscle, fat, and liver cells do not use insulin effectively. Type 2 diabetes develops when the body can no longer produce enough insulin to compensate for the impaired ability to use insulin. - Scientists believe gestational diabetes is caused by the hormonal changes and metabolic demands of pregnancy together with genetic and environmental factors. Risk factors for gestational diabetes include being overweight and having a family history of diabetes. - Monogenic forms of diabetes are relatively uncommon and are caused by mutations in single genes that limit insulin production, quality, or action in the body. - Other types of diabetes are caused by diseases and injuries that damage the pancreas; certain chemical toxins and medications; infections; and other conditions.",Causes of Diabetes
What to do for What I need to know about Physical Activity and Diabetes ?,"- Starting a physical activity program can help you lose weight or keep a healthy weight and keep your blood glucose levels on target. - Always talk with your health care team before you start a new physical activity program. - Ask your health care team if you need to change the amount of medicine you take or the food you eat before any physical activity. - Talk with your health care team about what types of physical activity are safe for you, such as walking, weightlifting, or housework. - To make sure you stay active, find activities you like to do. Ask a friend or family member to be your exercise buddy. - Write down your blood glucose levels and when and how long you are physically active in a record book. - Doctors suggest that you aim for 30 to 60 minutes of moderate to vigorous physical activity most days of the week. - Children and adolescents with type 2 diabetes who are 10 to 17 years old should aim for 60 minutes of moderate to vigorous activity every day. - Not all physical activity has to take place at the same time. For example, you might take a walk for 20 minutes, lift hand weights for 10 minutes, and walk up and down the stairs for 5 minutes. - Doing moderate to vigorous aerobic exercise for 30 to 60 minutes a day most days of the week provides many benefits. You can even split up these minutes into several parts. - Start exercising slowly, with 5 to 10 minutes a day, and add a little more time each week. Try walking briskly, hiking, or climbing stairs. - Whether youre a man or a woman, you can do strength training with hand weights, elastic bands, or weight machines two to three times a week. - Stretching exercises are a light to moderate physical activity that both men and women can do. When you stretch, you increase your flexibility, lower your stress, and help prevent sore muscles. - Increase daily activity by spending less time watching TV or at the computer. - Try these simple ways to add light, moderate, or vigorous physical activities in your life every day: - Walk around while you talk on the phone. - Take a walk through your neighborhood. - Do chores, such as work in the garden or rake leaves, clean the house, or wash the car. - If you have type 1 diabetes, try not to do vigorous physical activity when you have ketones in your blood or urine.",What I need to know about Physical Activity and Diabetes
What are the treatments for Financial Help for Diabetes Care ?,"Diabetes management and treatment is expensive. According to the American Diabetes Association (ADA), the average cost of health care for a person with diabetes is $13,741 a yearmore than twice the cost of health care for a person without diabetes.1

Many people who have diabetes need help paying for their care. For those who qualify, a variety of government and nongovernment programs can help cover health care expenses. This publication is meant to help people with diabetes and their family members find and access such resources.",Financial Help for Diabetes Care
What is (are) Financial Help for Diabetes Care ?,"Health insurance helps pay for medical care, including the cost of diabetes care. Health insurance options include the following:

- private health insurance, which includes group and individual health insurance - government health insurance, such as Medicare, Medicaid, the Childrens Health Insurance Program (CHIP), TRICARE, and veterans health care programs

Starting in 2014, the Affordable Care Act (ACA) prevents insurers from denying coverage or charging higher premiums to people with preexisting conditions, such as diabetes. The ACA also requires most people to have health insurance or pay a fee. Some people may be exempt from this fee. Read more about the ACA at HealthCare.gov or call 18003182596, TTY 18558894325.",Financial Help for Diabetes Care
What is (are) Financial Help for Diabetes Care ?,"Insurance companies sell private health insurance plans. Two types of private health insurance are

- Group health insurance. People may be eligible to purchase group health insurance through their employer or union or through a family members employer or union. Other organizations, such as professional or alumni organizations, may also offer group health insurance. - Individual health insurance. People may purchase individual health insurance for themselves and their families. The website HealthCare.gov provides information about individual insurance plans. The website also provides a search function, called the Health Insurance Marketplace, to find health insurance options by state. Depending on their income and family size, some people may qualify for lower-cost premiums through the Health Insurance Marketplace. People can select or change individual health insurance plans during the open enrollment period each year. HealthCare.gov lists open enrollment period dates. The website also provides information about life events that may allow people to enroll outside the open enrollment period.

Employers may have a waiting period before an employee and his or her family members can enroll in the company health plan. Under the ACA, the waiting period can be no longer than 90 days. Certain health plans called health maintenance organizations (HMOs) may have an affiliation perioda time that must pass before health insurance coverage becomes effective. An affiliation period can be no longer than 3 months.

The ACA expanded coverage of preventive services. For example, adults with sustained high blood pressure may have access to diabetes screening at no cost. Adults and children may have access to obesity screening and counseling at no cost.

Each states insurance regulatory office, sometimes called the state insurance department or commission, provides more information about health insurance laws. This office can also help identify an insurance company that offers individual coverage. The National Association of Insurance Commissioners website, www.naic.org/state_web_map.htm , provides a membership list with contact information and a link to the website for each states insurance regulatory office.

The ADA also provides information about health insurance options at www.diabetes.org/living-with-diabetes/health-insurance .

Keeping Group Health Insurance after Leaving a Job

When leaving a job, a person may be able to continue the group health insurance provided by his or her employer for up to 18 months under a federal law called the Consolidated Omnibus Budget Reconciliation Act, or COBRA. Although people pay more for group health insurance through COBRA than they did as employees, group coverage may be cheaper than individual coverage. People who have a disability before becoming eligible for COBRA or who are determined by the Social Security Administration to be disabled within the first 60 days of COBRA coverage may be able to extend COBRA coverage an additional 11 months, for up to 29 months of coverage. COBRA may also cover young adults who were insured under a parents policy after they have reached the age limit and are trying to obtain their own insurance.

Read more at www.dol.gov/dol/topic/health-plans/cobra.htm or call the U.S. Department of Labor at 18664USADOL (18664872365).

If a person doesnt qualify for coverage or if COBRA coverage has expired, other options may be available:

- Some states require employers to offer conversion policies, in which people stay with their insurance company and buy individual coverage. - Some professional and alumni organizations offer group coverage for members. - Some insurance companies offer short-term stopgap policies designed for people who are between jobs. However, these policies may not meet ACA requirements. For example, they may not cover preexisting conditions. - People can purchase individual health insurance policies.

Each states insurance regulatory office can provide more information about these and other options. Information about consumer health plans is also available at the U.S. Department of Labors website at www.dol.gov/dol/topic/health-plans/consumerinfhealth.htm.",Financial Help for Diabetes Care
What is (are) Financial Help for Diabetes Care ?,"Medicare is a federal health insurance program that pays health care costs for eligible people who are

- age 65 or older - under age 65 with certain disabilities - of any age with end-stage renal diseasetotal and permanent kidney failure that requires a kidney transplant or blood-filtering treatments called dialysis

What health plans does Medicare offer?

Medicare has four parts:

- Part A (hospital insurance) covers inpatient care, skilled nursing home residence, hospice care, and home health care. Part A has no premium for those who have paid enough Medicare taxes. A premium is an amount a person must pay periodicallymonthly or quarterlyfor Medicare, other health plan, or drug plan coverage. Part A does have a deductible, an amount a person must pay for health care or prescriptions before the health plan will pay. A person must pay a daily amount for hospital stays that last longer than 60 days. - Part B (medical insurance) covers services from health care providers, outpatient care, home health care, durable medical equipment, and some preventative services. Part B has a monthly premium based on a persons income. Rates change each year. After a person pays the deductible each year, Part B pays 80 percent for most covered services as a primary payer. The billing staff of the service providerhospital or cliniccan calculate how much a person will owe. - Part C (Medicare Advantage Plans) are part of Medicare and are sometimes called MA Plans. Medicare must approve Medicare Advantage Plans. Each Medicare Advantage Plan must cover Part A and Part B services and may cover other services, too. Medicare Advantage Plans may have Part D prescription coverage. If not, a person can buy a Part D plan separately. Medicare Advantage Plans are not all the same. A person who is thinking of choosing a Medicare Advantage Plan should ask about the rules of the plan. The rules may specify which health care providers or hospitals a person may use. The plan may require a referral from a primary care provider to see a specialist. The plan may not cover medical expenses incurred during travel. How much a person has to pay out-of-pocket each year will vary by plan. People who have a Medicare Advantage Plan cannot have a Medigap plan to help pay out of-pocket costs. See the section on Medigap. Four types of Medicare Advantage Plans are available: - HMOs - preferred provider organizations (PPOs) - private fee for service plans - special needs plans for certain groups - Part D (prescription drug coverage) has a premium and covers some medications. Private insurance companies offer different Part D plans approved by Medicare. Costs and coverage vary by plan. A person who has few assets and earns less than 150 percent of the federal poverty level may qualify for extra help to pay Part D premiums and medication costs. People can apply for this help by calling the Social Security Administration, visiting www.socialsecurity.gov to apply online, visiting their local Social Security office, or contacting their state medical assistance (Medicaid) office. People can find the current-year guidelines at www.aspe.hhs.gov/poverty or by calling Social Security at 18007721213, TTY 18003250778. People can find information and applications for Part D plans at www.medicare.gov. A person can also apply for Part D with an insurance company that sells one of these plans.

Other Medicare health plans are for certain groups, such as frail people living in the community and people with multiple chronic illnesses, and include hospital and medical coverage. Some pay for prescribed medications, too. State health insurance programscalled Medicaidpartially finance and administer these services. The plans include the following:

- Medicare Cost Plans are HMOs, like the ones offered as Medicare Advantage plans, only out-of-network providers are paid as if the policyholder had Original Medicare. Original Medicare is Medicare Part A and Part B. - Program of All-Inclusive Care for the Elderly (PACE) combines medical, social, and long-term care services for frail people who live and get health care in the community. - Medicare Innovation Projects are special projects that test improvements in Medicare coverage, payment, and quality of care.

Read more about Medicare Cost Plans and Demonstration or Pilot Programs on the state Medicaid website at www.medicaid.gov or call 1800MEDICARE (18006334227). State Medicaid offices can provide more information about PACE. See the section on Medicaid.

Does Medicare cover diabetes services and supplies?

Medicare helps pay for the diabetes services, supplies, and equipment listed below and for some preventive services for people who are at risk for diabetes. However, coinsurance or deductibles may apply. A person must have Medicare Part B or Medicare Part D to receive these covered services and supplies.

Medicare Part B helps pay for

- diabetes screening tests for people at risk of developing diabetes - diabetes self-management training - diabetes supplies such as glucose monitors, test strips, and lancets - insulin pumps and insulin if used with an insulin pump - counseling to help people who are obese lose weight - flu and pneumonia shots - foot exams and treatment for people with diabetes - eye exams to check for glaucoma and diabetic retinopathy - medical nutrition therapy services for people with diabetes or kidney disease, when referred by a health care provider - therapeutic shoes or inserts, in some cases

Medicare Part D helps pay for

- diabetes medications - insulin, excluding insulin used with an insulin pump - diabetes supplies such as needles and syringes for injecting insulin

People who are in a Medicare Advantage Plan or other Medicare health plan should check their plans membership materials and call for details about how the plan provides the diabetes services, supplies, and medications covered by Medicare.

Read more at www.medicare.gov/publications/pubs/pdf/11022.pdf (PDF, 1,023 KB) or call 1800MEDICARE (18006334227) to request the free booklet Medicares Coverage of Diabetes Supplies & Services.

Where can a person find more information about Medicare?

A person can find more information about Medicare by

- visiting the Medicare website - calling 1800MEDICARE

Medicare website. Read more about Medicare at www.medicare.gov, the official U.S. Government website for people with Medicare. The website has a full range of information about Medicare, including free publications such as Medicare & You, which is the official Government handbook about Medicare, and Medicare BasicsA Guide for Families and Friends of People with Medicare.

Through the Medicare website, people can also

- find out if they are eligible for Medicare and when they can enroll - learn about their Medicare health plan options - find out what Medicare covers - find a Medicare Prescription Drug Plan - compare Medicare health plan options in their area - find a health care provider who participates in Medicare - get information about the quality of care provided by hospitals, home health agencies, and dialysis facilities

Calling Medicare. Calling 1800MEDICARE (18006334227) is another way to get help with Medicare questions, order free publications, and more. Help is available 24 hours a day, every day, and is available in English, Spanish, and other languages. TTY users should call 18774862048.

Access Personal Medicare Information People who enroll in Medicare can register with www.MyMedicare.gov, a secure online service, and use the site to access their personal Medicare information at any time. People can view their claims and order history, and see a description of covered preventive services.



What is Medigap?

A Medigap plan, also known as a Medicare supplement plan, can help pay what Original Medicare does not pay for covered services. Insurance companies sell Medigap coverage. People who have a Medicare Advantage plan cannot also have a Medigap plan. A person can buy a Medigap policy from any insurance company licensed to sell the policy in the persons home state.

For people who are 65 and older, federal law says that in the first 6 months a person has Part B, companies cannot deny an application or limit payment for anything Original Medicare covers. Some states make insurance companies sell at least one Medigap coverage plan to those under 65 with Medicare. State insurance offices can explain the plans in their state. Find local offices on a map at www.naic.org/state_web_map.htm .",Financial Help for Diabetes Care
What is (are) Financial Help for Diabetes Care ?,"People who enroll in Medicare can register with www.MyMedicare.gov, a secure online service, and use the site to access their personal Medicare information at any time. People can view their claims and order history, and see a description of covered preventive services.",Financial Help for Diabetes Care
What is (are) Financial Help for Diabetes Care ?,"Medicaid is a state health insurance program for those with low incomes and few assets. Each state runs its own program. The Federal Government requires that Medicaid programs cover a specific set of services; however, states can choose to cover more services in addition to the ones required. A person may have Medicaid alone or Medicare and Medicaid. If a person has both types of coverage, Medicare pays first and Medicaid pays second. Medicaid may pay for things Medicare does not. A person can apply for Medicaid at a city or county department of social services office. The state medical assistance (Medicaid) office can help people find out whether they qualify for Medicaid and can provide more information about Medicaid programs. A social worker can also explain a states Medicaid program and help a person apply.

To contact a state Medicaid office, people can

- search for Medicaid information for a state at www.medicaid.gov or call 18772672323 - search online or check the government pages of the phone book for the local department of human services or department of social services

CHIP gives free or low-cost Medicaid to children whose parents earn too much for Medicaid, though not enough to pay for a health plan. CHIP may also provide assistance to parents. CHIP is a federal and state program. Read more at www.insurekidsnow.gov or call 18775437669.",Financial Help for Diabetes Care
What is (are) Financial Help for Diabetes Care ?,"Assistive technology is any device that assists, adapts, or helps to rehabilitate someone with a disability so he or she may function more safely, effectively, and independently at home, at work, and in the community. Assistive technology may include

- computers with features that make them accessible to people with disabilities - adaptive equipment, such as wheelchairs - bathroom modifications, such as grab bars or shower seats

The following organizations may be able to provide information, awareness, and training in the use of technology to assist people with disabilities:

Alliance for Technology Access 1119 Old Humboldt Road Jackson, TN 38305 Phone: 18009143017 or 7315545ATA (7315545282) TTY: 7315545284 Fax: 7315545283 Email: atainfo@ataccess.org Internet: www.ataccess.org

National Assistive Technology Technical Assistance Partnership 1700 North Moore Street, Suite 1540 Arlington, VA 222091903 Phone: 7035246686 Fax: 7035246630 TTY: 7035246639 Email: resnaTA@resna.org Internet: www.resnaprojects.org/nattap

United Cerebral Palsy 1825 K Street NW, Suite 600 Washington, D.C. 20006 Phone: 18008725827 or 2027760406 Internet: www.ucp.org/resources/assistive-technology",Financial Help for Diabetes Care
What to do for Financial Help for Diabetes Care ?,"- Diabetes management and treatment is expensive. Many people who have diabetes need help paying for their care. For those who qualify, a variety of government and nongovernment programs can help cover health care expenses. - Health insurance helps pay for medical care, including the cost of diabetes care. Health insurance options include private health insurance and government health insurance. - Insurance companies sell private health insurance plans. Two types of private health insurance are group health insurance and individual health insurance. - Medicare is a federal health insurance program that pays health care costs for eligible people who are age 65 or older, under age 65 with certain disabilities, or of any age with end-stage renal disease. - Medicaid is a state health insurance program for those with low incomes and few assets. Each state runs its own program. - The Childrens Health Insurance Program (CHIP) gives free or low-cost Medicaid to children whose parents earn too much for Medicaid, though not enough to pay for a health plan. - Many local governments have public health departments that can help people who need medical care. Local resources such as charitable groups may offer financial help for some expenses related to diabetes. - People should talk with their health care providers if they have problems paying for diabetes medications. Less expensive generic medications for diabetes, blood pressure, and cholesterol are available. If a health care provider prescribes medications that a person cannot afford, the person should ask the health care provider about cheaper alternatives. - Health care providers may also be able to assist people who need help paying for their medications and diabetes testing supplies, such as glucose test strips, by providing free samples or referring them to local programs. Drug companies that sell insulin or diabetes medications often have patient assistance programs.",Financial Help for Diabetes Care
What is (are) Causes of Diabetes ?,"Diabetes is a complex group of diseases with a variety of causes. People with diabetes have high blood glucose, also called high blood sugar or hyperglycemia.

Diabetes is a disorder of metabolismthe way the body uses digested food for energy. The digestive tract breaks down carbohydratessugars and starches found in many foodsinto glucose, a form of sugar that enters the bloodstream. With the help of the hormone insulin, cells throughout the body absorb glucose and use it for energy. Diabetes develops when the body doesnt make enough insulin or is not able to use insulin effectively, or both.

Insulin is made in the pancreas, an organ located behind the stomach. The pancreas contains clusters of cells called islets. Beta cells within the islets make insulin and release it into the blood.

If beta cells dont produce enough insulin, or the body doesnt respond to the insulin that is present, glucose builds up in the blood instead of being absorbed by cells in the body, leading to prediabetes or diabetes. Prediabetes is a condition in which blood glucose levels or A1C levelswhich reflect average blood glucose levelsare higher than normal but not high enough to be diagnosed as diabetes. In diabetes, the bodys cells are starved of energy despite high blood glucose levels.

Over time, high blood glucose damages nerves and blood vessels, leading to complications such as heart disease, stroke, kidney disease, blindness, dental disease, and amputations. Other complications of diabetes may include increased susceptibility to other diseases, loss of mobility with aging, depression, and pregnancy problems. No one is certain what starts the processes that cause diabetes, but scientists believe genes and environmental factors interact to cause diabetes in most cases.

The two main types of diabetes are type 1 diabetes and type 2 diabetes. A third type, gestational diabetes, develops only during pregnancy. Other types of diabetes are caused by defects in specific genes, diseases of the pancreas, certain drugs or chemicals, infections, and other conditions. Some people show signs of both type 1 and type 2 diabetes.",Causes of Diabetes
What causes Causes of Diabetes ?,"Type 1 diabetes is caused by a lack of insulin due to the destruction of insulin-producing beta cells in the pancreas. In type 1 diabetesan autoimmune diseasethe bodys immune system attacks and destroys the beta cells. Normally, the immune system protects the body from infection by identifying and destroying bacteria, viruses, and other potentially harmful foreign substances. But in autoimmune diseases, the immune system attacks the bodys own cells. In type 1 diabetes, beta cell destruction may take place over several years, but symptoms of the disease usually develop over a short period of time.

Type 1 diabetes typically occurs in children and young adults, though it can appear at any age. In the past, type 1 diabetes was called juvenile diabetes or insulin-dependent diabetes mellitus.

Latent autoimmune diabetes in adults (LADA) may be a slowly developing kind of type 1 diabetes. Diagnosis usually occurs after age 30. In LADA, as in type 1 diabetes, the bodys immune system destroys the beta cells. At the time of diagnosis, people with LADA may still produce their own insulin, but eventually most will need insulin shots or an insulin pump to control blood glucose levels.

Genetic Susceptibility

Heredity plays an important part in determining who is likely to develop type 1 diabetes. Genes are passed down from biological parent to child. Genes carry instructions for making proteins that are needed for the bodys cells to function. Many genes, as well as interactions among genes, are thought to influence susceptibility to and protection from type 1 diabetes. The key genes may vary in different population groups. Variations in genes that affect more than 1 percent of a population group are called gene variants.

Certain gene variants that carry instructions for making proteins called human leukocyte antigens (HLAs) on white blood cells are linked to the risk of developing type 1 diabetes. The proteins produced by HLA genes help determine whether the immune system recognizes a cell as part of the body or as foreign material. Some combinations of HLA gene variants predict that a person will be at higher risk for type 1 diabetes, while other combinations are protective or have no effect on risk.

While HLA genes are the major risk genes for type 1 diabetes, many additional risk genes or gene regions have been found. Not only can these genes help identify people at risk for type 1 diabetes, but they also provide important clues to help scientists better understand how the disease develops and identify potential targets for therapy and prevention.

Genetic testing can show what types of HLA genes a person carries and can reveal other genes linked to diabetes. However, most genetic testing is done in a research setting and is not yet available to individuals. Scientists are studying how the results of genetic testing can be used to improve type 1 diabetes prevention or treatment.

Autoimmune Destruction of Beta Cells

In type 1 diabetes, white blood cells called T cells attack and destroy beta cells. The process begins well before diabetes symptoms appear and continues after diagnosis. Often, type 1 diabetes is not diagnosed until most beta cells have already been destroyed. At this point, a person needs daily insulin treatment to survive. Finding ways to modify or stop this autoimmune process and preserve beta cell function is a major focus of current scientific research.

Recent research suggests insulin itself may be a key trigger of the immune attack on beta cells. The immune systems of people who are susceptible to developing type 1 diabetes respond to insulin as if it were a foreign substance, or antigen. To combat antigens, the body makes proteins called antibodies. Antibodies to insulin and other proteins produced by beta cells are found in people with type 1 diabetes. Researchers test for these antibodies to help identify people at increased risk of developing the disease. Testing the types and levels of antibodies in the blood can help determine whether a person has type 1 diabetes, LADA, or another type of diabetes.

Environmental Factors

Environmental factors, such as foods, viruses, and toxins, may play a role in the development of type 1 diabetes, but the exact nature of their role has not been determined. Some theories suggest that environmental factors trigger the autoimmune destruction of beta cells in people with a genetic susceptibility to diabetes. Other theories suggest that environmental factors play an ongoing role in diabetes, even after diagnosis.

Viruses and infections. A virus cannot cause diabetes on its own, but people are sometimes diagnosed with type 1 diabetes during or after a viral infection, suggesting a link between the two. Also, the onset of type 1 diabetes occurs more frequently during the winter when viral infections are more common. Viruses possibly associated with type 1 diabetes include coxsackievirus B, cytomegalovirus, adenovirus, rubella, and mumps. Scientists have described several ways these viruses may damage or destroy beta cells or possibly trigger an autoimmune response in susceptible people. For example, anti-islet antibodies have been found in patients with congenital rubella syndrome, and cytomegalovirus has been associated with significant beta cell damage and acute pancreatitisinflammation of the pancreas. Scientists are trying to identify a virus that can cause type 1 diabetes so that a vaccine might be developed to prevent the disease.

Infant feeding practices. Some studies have suggested that dietary factors may raise or lower the risk of developing type 1 diabetes. For example, breastfed infants and infants receiving vitamin D supplements may have a reduced risk of developing type 1 diabetes, while early exposure to cows milk and cereal proteins may increase risk. More research is needed to clarify how infant nutrition affects the risk for type 1 diabetes.

Read more in the Centers for Disease Control and Preventions (CDCs) publication National Diabetes Statistics Report, 2014 at www.cdc.gov for information about research studies related to type 1 diabetes.",Causes of Diabetes
What causes Causes of Diabetes ?,"Type 2 diabetesthe most common form of diabetesis caused by a combination of factors, including insulin resistance, a condition in which the bodys muscle, fat, and liver cells do not use insulin effectively. Type 2 diabetes develops when the body can no longer produce enough insulin to compensate for the impaired ability to use insulin. Symptoms of type 2 diabetes may develop gradually and can be subtle; some people with type 2 diabetes remain undiagnosed for years.

Type 2 diabetes develops most often in middle-aged and older people who are also overweight or obese. The disease, once rare in youth, is becoming more common in overweight and obese children and adolescents. Scientists think genetic susceptibility and environmental factors are the most likely triggers of type 2 diabetes.

Genetic Susceptibility

Genes play a significant part in susceptibility to type 2 diabetes. Having certain genes or combinations of genes may increase or decrease a persons risk for developing the disease. The role of genes is suggested by the high rate of type 2 diabetes in families and identical twins and wide variations in diabetes prevalence by ethnicity. Type 2 diabetes occurs more frequently in African Americans, Alaska Natives, American Indians, Hispanics/Latinos, and some Asian Americans, Native Hawaiians, and Pacific Islander Americans than it does in non-Hispanic whites.

Recent studies have combined genetic data from large numbers of people, accelerating the pace of gene discovery. Though scientists have now identified many gene variants that increase susceptibility to type 2 diabetes, the majority have yet to be discovered. The known genes appear to affect insulin production rather than insulin resistance. Researchers are working to identify additional gene variants and to learn how they interact with one another and with environmental factors to cause diabetes.

Studies have shown that variants of the TCF7L2 gene increase susceptibility to type 2 diabetes. For people who inherit two copies of the variants, the risk of developing type 2 diabetes is about 80 percent higher than for those who do not carry the gene variant.1 However, even in those with the variant, diet and physical activity leading to weight loss help delay diabetes, according to the Diabetes Prevention Program (DPP), a major clinical trial involving people at high risk.

Genes can also increase the risk of diabetes by increasing a persons tendency to become overweight or obese. One theory, known as the thrifty gene hypothesis, suggests certain genes increase the efficiency of metabolism to extract energy from food and store the energy for later use. This survival trait was advantageous for populations whose food supplies were scarce or unpredictable and could help keep people alive during famine. In modern times, however, when high-calorie foods are plentiful, such a trait can promote obesity and type 2 diabetes.

Obesity and Physical Inactivity

Physical inactivity and obesity are strongly associated with the development of type 2 diabetes. People who are genetically susceptible to type 2 diabetes are more vulnerable when these risk factors are present.

An imbalance between caloric intake and physical activity can lead to obesity, which causes insulin resistance and is common in people with type 2 diabetes. Central obesity, in which a person has excess abdominal fat, is a major risk factor not only for insulin resistance and type 2 diabetes but also for heart and blood vessel disease, also called cardiovascular disease (CVD). This excess belly fat produces hormones and other substances that can cause harmful, chronic effects in the body such as damage to blood vessels.

The DPP and other studies show that millions of people can lower their risk for type 2 diabetes by making lifestyle changes and losing weight. The DPP proved that people with prediabetesat high risk of developing type 2 diabetescould sharply lower their risk by losing weight through regular physical activity and a diet low in fat and calories. In 2009, a follow-up study of DPP participantsthe Diabetes Prevention Program Outcomes Study (DPPOS)showed that the benefits of weight loss lasted for at least 10 years after the original study began.2

Read more about the DPP, funded under National Institutes of Health (NIH) clinical trial number NCT00004992, and the DPPOS, funded under NIH clinical trial number NCT00038727 in Diabetes Prevention Program.

Insulin Resistance

Insulin resistance is a common condition in people who are overweight or obese, have excess abdominal fat, and are not physically active. Muscle, fat, and liver cells stop responding properly to insulin, forcing the pancreas to compensate by producing extra insulin. As long as beta cells are able to produce enough insulin, blood glucose levels stay in the normal range. But when insulin production falters because of beta cell dysfunction, glucose levels rise, leading to prediabetes or diabetes.

Abnormal Glucose Production by the Liver

In some people with diabetes, an abnormal increase in glucose production by the liver also contributes to high blood glucose levels. Normally, the pancreas releases the hormone glucagon when blood glucose and insulin levels are low. Glucagon stimulates the liver to produce glucose and release it into the bloodstream. But when blood glucose and insulin levels are high after a meal, glucagon levels drop, and the liver stores excess glucose for later, when it is needed. For reasons not completely understood, in many people with diabetes, glucagon levels stay higher than needed. High glucagon levels cause the liver to produce unneeded glucose, which contributes to high blood glucose levels. Metformin, the most commonly used drug to treat type 2 diabetes, reduces glucose production by the liver.

The Roles of Insulin and Glucagon in Normal Blood Glucose Regulation

A healthy persons body keeps blood glucose levels in a normal range through several complex mechanisms. Insulin and glucagon, two hormones made in the pancreas, help regulate blood glucose levels:

- Insulin, made by beta cells, lowers elevated blood glucose levels. - Glucagon, made by alpha cells, raises low blood glucose levels.

- Insulin helps muscle, fat, and liver cells absorb glucose from the bloodstream, lowering blood glucose levels. - Insulin stimulates the liver and muscle tissue to store excess glucose. The stored form of glucose is called glycogen. - Insulin also lowers blood glucose levels by reducing glucose production in the liver.

- Glucagon signals the liver and muscle tissue to break down glycogen into glucose, which enters the bloodstream and raises blood glucose levels. - If the body needs more glucose, glucagon stimulates the liver to make glucose from amino acids.

Metabolic Syndrome

Metabolic syndrome, also called insulin resistance syndrome, refers to a group of conditions common in people with insulin resistance, including

- higher than normal blood glucose levels - increased waist size due to excess abdominal fat - high blood pressure - abnormal levels of cholesterol and triglycerides in the blood

Cell Signaling and Regulation

Cells communicate through a complex network of molecular signaling pathways. For example, on cell surfaces, insulin receptor molecules capture, or bind, insulin molecules circulating in the bloodstream. This interaction between insulin and its receptor prompts the biochemical signals that enable the cells to absorb glucose from the blood and use it for energy.

Problems in cell signaling systems can set off a chain reaction that leads to diabetes or other diseases. Many studies have focused on how insulin signals cells to communicate and regulate action. Researchers have identified proteins and pathways that transmit the insulin signal and have mapped interactions between insulin and body tissues, including the way insulin helps the liver control blood glucose levels. Researchers have also found that key signals also come from fat cells, which produce substances that cause inflammation and insulin resistance.

This work holds the key to combating insulin resistance and diabetes. As scientists learn more about cell signaling systems involved in glucose regulation, they will have more opportunities to develop effective treatments.

Beta Cell Dysfunction

Scientists think beta cell dysfunction is a key contributor to type 2 diabetes. Beta cell impairment can cause inadequate or abnormal patterns of insulin release. Also, beta cells may be damaged by high blood glucose itself, a condition called glucose toxicity.

Scientists have not determined the causes of beta cell dysfunction in most cases. Single gene defects lead to specific forms of diabetes called maturity-onset diabetes of the young (MODY). The genes involved regulate insulin production in the beta cells. Although these forms of diabetes are rare, they provide clues as to how beta cell function may be affected by key regulatory factors. Other gene variants are involved in determining the number and function of beta cells. But these variants account for only a small percentage of type 2 diabetes cases. Malnutrition early in life is also being investigated as a cause of beta cell dysfunction. The metabolic environment of the developing fetus may also create a predisposition for diabetes later in life.

Risk Factors for Type 2 Diabetes

People who develop type 2 diabetes are more likely to have the following characteristics:

- age 45 or older - overweight or obese - physically inactive - parent or sibling with diabetes - family background that is African American, Alaska Native, American Indian, Asian American, Hispanic/Latino, or Pacific Islander American - history of giving birth to a baby weighing more than 9 pounds - history of gestational diabetes - high blood pressure140/90 or aboveor being treated for high blood pressure - high-density lipoprotein (HDL), or good, cholesterol below 35 milligrams per deciliter (mg/dL), or a triglyceride level above 250 mg/dL - polycystic ovary syndrome, also called PCOS - prediabetesan A1C level of 5.7 to 6.4 percent; a fasting plasma glucose test result of 100125 mg/dL, called impaired fasting glucose; or a 2-hour oral glucose tolerance test result of 140199, called impaired glucose tolerance - acanthosis nigricans, a condition associated with insulin resistance, characterized by a dark, velvety rash around the neck or armpits - history of CVD

The American Diabetes Association (ADA) recommends that testing to detect prediabetes and type 2 diabetes be considered in adults who are overweight or obese and have one or more additional risk factors for diabetes. In adults without these risk factors, testing should begin at age 45.",Causes of Diabetes
What causes Causes of Diabetes ?,"Insulin Resistance and Beta Cell Dysfunction

Hormones produced by the placenta and other pregnancy-related factors contribute to insulin resistance, which occurs in all women during late pregnancy. Insulin resistance increases the amount of insulin needed to control blood glucose levels. If the pancreas cant produce enough insulin due to beta cell dysfunction, gestational diabetes occurs.

As with type 2 diabetes, excess weight is linked to gestational diabetes. Overweight or obese women are at particularly high risk for gestational diabetes because they start pregnancy with a higher need for insulin due to insulin resistance. Excessive weight gain during pregnancy may also increase risk.

Family History

Having a family history of diabetes is also a risk factor for gestational diabetes, suggesting that genes play a role in its development. Genetics may also explain why the disorder occurs more frequently in African Americans, American Indians, and Hispanics/Latinos. Many gene variants or combinations of variants may increase a womans risk for developing gestational diabetes. Studies have found several gene variants associated with gestational diabetes, but these variants account for only a small fraction of women with gestational diabetes.

Future Risk of Type 2 Diabetes

Because a womans hormones usually return to normal levels soon after giving birth, gestational diabetes disappears in most women after delivery. However, women who have gestational diabetes are more likely to develop gestational diabetes with future pregnancies and develop type 2 diabetes.3 Women with gestational diabetes should be tested for persistent diabetes 6 to 12 weeks after delivery and at least every 3 years thereafter.

Also, exposure to high glucose levels during gestation increases a childs risk for becoming overweight or obese and for developing type 2 diabetes later on. The result may be a cycle of diabetes affecting multiple generations in a family. For both mother and child, maintaining a healthy body weight and being physically active may help prevent type 2 diabetes.",Causes of Diabetes
What causes Causes of Diabetes ?,"Other types of diabetes have a variety of possible causes.

Genetic Mutations Affecting Beta Cells, Insulin, and Insulin Action

Some relatively uncommon forms of diabetes known as monogenic diabetes are caused by mutations, or changes, in a single gene. These mutations are usually inherited, but sometimes the gene mutation occurs spontaneously. Most of these gene mutations cause diabetes by reducing beta cells ability to produce insulin.

The most common types of monogenic diabetes are neonatal diabetes mellitus (NDM) and MODY. NDM occurs in the first 6 months of life. MODY is usually found during adolescence or early adulthood but sometimes is not diagnosed until later in life. More information about NDM and MODY is provided in the NIDDK health topic, Monogenic Forms of Diabetes.

Other rare genetic mutations can cause diabetes by damaging the quality of insulin the body produces or by causing abnormalities in insulin receptors.

Other Genetic Diseases

Diabetes occurs in people with Down syndrome, Klinefelter syndrome, and Turner syndrome at higher rates than the general population. Scientists are investigating whether genes that may predispose people to genetic syndromes also predispose them to diabetes.

The genetic disorders cystic fibrosis and hemochromatosis are linked to diabetes. Cystic fibrosis produces abnormally thick mucus, which blocks the pancreas. The risk of diabetes increases with age in people with cystic fibrosis. Hemochromatosis causes the body to store too much iron. If the disorder is not treated, iron can build up in and damage the pancreas and other organs.

Damage to or Removal of the Pancreas

Pancreatitis, cancer, and trauma can all harm the pancreatic beta cells or impair insulin production, thus causing diabetes. If the damaged pancreas is removed, diabetes will occur due to the loss of the beta cells.

Endocrine Diseases

Endocrine diseases affect organs that produce hormones. Cushings syndrome and acromegaly are examples of hormonal disorders that can cause prediabetes and diabetes by inducing insulin resistance. Cushings syndrome is marked by excessive production of cortisolsometimes called the stress hormone. Acromegaly occurs when the body produces too much growth hormone. Glucagonoma, a rare tumor of the pancreas, can also cause diabetes. The tumor causes the body to produce too much glucagon. Hyperthyroidism, a disorder that occurs when the thyroid gland produces too much thyroid hormone, can also cause elevated blood glucose levels.

Autoimmune Disorders

Rare disorders characterized by antibodies that disrupt insulin action can lead to diabetes. This kind of diabetes is often associated with other autoimmune disorders such as lupus erythematosus. Another rare autoimmune disorder called stiff-man syndrome is associated with antibodies that attack the beta cells, similar to type 1 diabetes.

Medications and Chemical Toxins

Some medications, such as nicotinic acid and certain types of diuretics, anti-seizure drugs, psychiatric drugs, and drugs to treat human immunodeficiency virus (HIV), can impair beta cells or disrupt insulin action. Pentamidine, a drug prescribed to treat a type of pneumonia, can increase the risk of pancreatitis, beta cell damage, and diabetes. Also, glucocorticoidssteroid hormones that are chemically similar to naturally produced cortisolmay impair insulin action. Glucocorticoids are used to treat inflammatory illnesses such as rheumatoid arthritis, asthma, lupus, and ulcerative colitis.

Many chemical toxins can damage or destroy beta cells in animals, but only a few have been linked to diabetes in humans. For example, dioxina contaminant of the herbicide Agent Orange, used during the Vietnam Warmay be linked to the development of type 2 diabetes. In 2000, based on a report from the Institute of Medicine, the U.S. Department of Veterans Affairs (VA) added diabetes to the list of conditions for which Vietnam veterans are eligible for disability compensation. Also, a chemical in a rat poison no longer in use has been shown to cause diabetes if ingested. Some studies suggest a high intake of nitrogen-containing chemicals such as nitrates and nitrites might increase the risk of diabetes. Arsenic has also been studied for possible links to diabetes.

Lipodystrophy

Lipodystrophy is a condition in which fat tissue is lost or redistributed in the body. The condition is associated with insulin resistance and type 2 diabetes.",Causes of Diabetes
What causes Causes of Diabetes ?,"Other types of diabetes have a variety of possible causes.

Genetic Mutations Affecting Beta Cells, Insulin, and Insulin Action

Some relatively uncommon forms of diabetes known as monogenic diabetes are caused by mutations, or changes, in a single gene. These mutations are usually inherited, but sometimes the gene mutation occurs spontaneously. Most of these gene mutations cause diabetes by reducing beta cells ability to produce insulin.

The most common types of monogenic diabetes are neonatal diabetes mellitus (NDM) and MODY. NDM occurs in the first 6 months of life. MODY is usually found during adolescence or early adulthood but sometimes is not diagnosed until later in life. More information about NDM and MODY is provided in the NIDDK health topic, Monogenic Forms of Diabetes.

Other rare genetic mutations can cause diabetes by damaging the quality of insulin the body produces or by causing abnormalities in insulin receptors.

Other Genetic Diseases

Diabetes occurs in people with Down syndrome, Klinefelter syndrome, and Turner syndrome at higher rates than the general population. Scientists are investigating whether genes that may predispose people to genetic syndromes also predispose them to diabetes.

The genetic disorders cystic fibrosis and hemochromatosis are linked to diabetes. Cystic fibrosis produces abnormally thick mucus, which blocks the pancreas. The risk of diabetes increases with age in people with cystic fibrosis. Hemochromatosis causes the body to store too much iron. If the disorder is not treated, iron can build up in and damage the pancreas and other organs.

Damage to or Removal of the Pancreas

Pancreatitis, cancer, and trauma can all harm the pancreatic beta cells or impair insulin production, thus causing diabetes. If the damaged pancreas is removed, diabetes will occur due to the loss of the beta cells.

Endocrine Diseases

Endocrine diseases affect organs that produce hormones. Cushings syndrome and acromegaly are examples of hormonal disorders that can cause prediabetes and diabetes by inducing insulin resistance. Cushings syndrome is marked by excessive production of cortisolsometimes called the stress hormone. Acromegaly occurs when the body produces too much growth hormone. Glucagonoma, a rare tumor of the pancreas, can also cause diabetes. The tumor causes the body to produce too much glucagon. Hyperthyroidism, a disorder that occurs when the thyroid gland produces too much thyroid hormone, can also cause elevated blood glucose levels.

Autoimmune Disorders

Rare disorders characterized by antibodies that disrupt insulin action can lead to diabetes. This kind of diabetes is often associated with other autoimmune disorders such as lupus erythematosus. Another rare autoimmune disorder called stiff-man syndrome is associated with antibodies that attack the beta cells, similar to type 1 diabetes.

Medications and Chemical Toxins

Some medications, such as nicotinic acid and certain types of diuretics, anti-seizure drugs, psychiatric drugs, and drugs to treat human immunodeficiency virus (HIV), can impair beta cells or disrupt insulin action. Pentamidine, a drug prescribed to treat a type of pneumonia, can increase the risk of pancreatitis, beta cell damage, and diabetes. Also, glucocorticoidssteroid hormones that are chemically similar to naturally produced cortisolmay impair insulin action. Glucocorticoids are used to treat inflammatory illnesses such as rheumatoid arthritis, asthma, lupus, and ulcerative colitis.

Many chemical toxins can damage or destroy beta cells in animals, but only a few have been linked to diabetes in humans. For example, dioxina contaminant of the herbicide Agent Orange, used during the Vietnam Warmay be linked to the development of type 2 diabetes. In 2000, based on a report from the Institute of Medicine, the U.S. Department of Veterans Affairs (VA) added diabetes to the list of conditions for which Vietnam veterans are eligible for disability compensation. Also, a chemical in a rat poison no longer in use has been shown to cause diabetes if ingested. Some studies suggest a high intake of nitrogen-containing chemicals such as nitrates and nitrites might increase the risk of diabetes. Arsenic has also been studied for possible links to diabetes.

Lipodystrophy

Lipodystrophy is a condition in which fat tissue is lost or redistributed in the body. The condition is associated with insulin resistance and type 2 diabetes.",Causes of Diabetes
What to do for Causes of Diabetes ?,"- Diabetes is a complex group of diseases with a variety of causes. Scientists believe genes and environmental factors interact to cause diabetes in most cases. - People with diabetes have high blood glucose, also called high blood sugar or hyperglycemia. Diabetes develops when the body doesnt make enough insulin or is not able to use insulin effectively, or both. - Insulin is a hormone made by beta cells in the pancreas. Insulin helps cells throughout the body absorb and use glucose for energy. If the body does not produce enough insulin or cannot use insulin effectively, glucose builds up in the blood instead of being absorbed by cells in the body, and the body is starved of energy. - Prediabetes is a condition in which blood glucose levels or A1C levels are higher than normal but not high enough to be diagnosed as diabetes. People with prediabetes can substantially reduce their risk of developing diabetes by losing weight and increasing physical activity. - The two main types of diabetes are type 1 diabetes and type 2 diabetes. Gestational diabetes is a third form of diabetes that develops only during pregnancy. - Type 1 diabetes is caused by a lack of insulin due to the destruction of insulin-producing beta cells. In type 1 diabetesan autoimmune diseasethe bodys immune system attacks and destroys the beta cells. - Type 2 diabetesthe most common form of diabetesis caused by a combination of factors, including insulin resistance, a condition in which the bodys muscle, fat, and liver cells do not use insulin effectively. Type 2 diabetes develops when the body can no longer produce enough insulin to compensate for the impaired ability to use insulin. - Scientists believe gestational diabetes is caused by the hormonal changes and metabolic demands of pregnancy together with genetic and environmental factors. Risk factors for gestational diabetes include being overweight and having a family history of diabetes. - Monogenic forms of diabetes are relatively uncommon and are caused by mutations in single genes that limit insulin production, quality, or action in the body. - Other types of diabetes are caused by diseases and injuries that damage the pancreas; certain chemical toxins and medications; infections; and other conditions.",Causes of Diabetes
What is (are) Monogenic Forms of Diabetes: Neonatal Diabetes Mellitus and Maturity-onset Diabetes of the Young ?,"NDM is a monogenic form of diabetes that occurs in the first 6 months of life. It is a rare condition occurring in only one in 100,000 to 500,000 live births. Infants with NDM do not produce enough insulin, leading to an increase in blood glucose. NDM can be mistaken for the much more common type 1 diabetes, but type 1 diabetes usually occurs later than the first 6 months of life. In about half of those with NDM, the condition is lifelong and is called permanent neonatal diabetes mellitus (PNDM). In the rest of those with NDM, the condition is transient and disappears during infancy but can reappear later in life; this type of NDM is called transient neonatal diabetes mellitus (TNDM). Specific genes that can cause NDM have been identified. More information about each type of NDM is provided in the appendix.

Symptoms of NDM include thirst, frequent urination, and dehydration. NDM can be diagnosed by finding elevated levels of glucose in blood or urine. In severe cases, the deficiency of insulin may cause the body to produce an excess of acid, resulting in a potentially life-threatening condition called ketoacidosis. Most fetuses with NDM do not grow well in the womb and newborns are much smaller than those of the same gestational age, a condition called intrauterine growth restriction. After birth, some infants fail to gain weight and grow as rapidly as other infants of the same age and sex. Appropriate therapy improves and may normalize growth and development.",Monogenic Forms of Diabetes: Neonatal Diabetes Mellitus and Maturity-onset Diabetes of the Young
What is (are) Monogenic Forms of Diabetes: Neonatal Diabetes Mellitus and Maturity-onset Diabetes of the Young ?,"MODY is a monogenic form of diabetes that usually first occurs during adolescence or early adulthood. However, MODY sometimes remains undiagnosed until later in life. A number of different gene mutations have been shown to cause MODY, all of which limit the ability of the pancreas to produce insulin. This process leads to the high blood glucose levels characteristic of diabetes and, in time, may damage body tissues, particularly the eyes, kidneys, nerves, and blood vessels. MODY accounts for about 1 to 5 percent of all cases of diabetes in the United States. Family members of people with MODY are at greatly increased risk for the condition.

People with MODY may have only mild or no symptoms of diabetes and their hyperglycemia may only be discovered during routine blood tests. MODY may be confused with type 1 or type 2 diabetes. People with MODY are generally not overweight and do not have other risk factors for type 2 diabetes, such as high blood pressure or abnormal blood fat levels. While both type 2 diabetes and MODY can run in families, people with MODY typically have a family history of diabetes in multiple successive generations, meaning that MODY is present in a grandparent, a parent, and a child. Unlike people with type 1 diabetes who always require insulin, people with MODY can often be treated with oral diabetes medications. Treatment varies depending on the genetic mutation that has caused the MODY. More information about each type of MODY is provided in the appendix.",Monogenic Forms of Diabetes: Neonatal Diabetes Mellitus and Maturity-onset Diabetes of the Young
What is (are) Monogenic Forms of Diabetes: Neonatal Diabetes Mellitus and Maturity-onset Diabetes of the Young ?,"Testing for monogenic diabetes involves providing a blood sample from which DNA is isolated. The DNA is analyzed for changes in the genes that cause monogenic diabetes. Abnormal results can determine the gene responsible for diabetes in a particular individual or show whether someone is likely to develop a monogenic form of diabetes in the future. Genetic testing can also be helpful in selecting the most appropriate treatment for individuals with monogenic diabetes. Prenatal testing can diagnose these conditions in unborn children.

Most forms of monogenic diabetes are caused by dominant mutations, meaning that the condition can be passed on to children when only one parent is affected. In contrast, if the mutation is a recessive mutation, a disease gene must be inherited from both parents for diabetes to occur. For recessive forms of monogenic diabetes, testing can indicate whether parents or siblings without disease are carriers for recessive genetic conditions that could be inherited by their children.

If you suspect that you or a member of your family may have a monogenic form of diabetes, you should seek help from health care professionals-physicians and genetic counselors-who have specialized knowledge and experience in this area. They can determine whether genetic testing is appropriate, select the genetic tests that should be performed, and provide information about the basic principles of genetics, genetic testing options, and confidentiality issues. They also can review the test results with the patient or parent after testing, make recommendations about how to proceed, and discuss testing options for other family members.",Monogenic Forms of Diabetes: Neonatal Diabetes Mellitus and Maturity-onset Diabetes of the Young
What to do for Monogenic Forms of Diabetes: Neonatal Diabetes Mellitus and Maturity-onset Diabetes of the Young ?,- Mutations in single genes can cause rare forms of diabetes. - Genetic testing can identify many forms of monogenic diabetes. - A physician evaluates whether genetic testing is appropriate. - A correct diagnosis aided by genetic testing can lead to optimal treatment. - Recent research results show that people with certain forms of monogenic diabetes can be treated with oral diabetes medications instead of insulin injections.,Monogenic Forms of Diabetes: Neonatal Diabetes Mellitus and Maturity-onset Diabetes of the Young
What is (are) Prevent diabetes problems: Keep your heart and blood vessels healthy ?,"Too much glucose in the blood for a long time can cause diabetes problems. This high blood glucose, also called blood sugar, can damage many parts of the body, such as the heart, blood vessels, eyes, and kidneys. Heart and blood vessel disease can lead to heart attacks and strokes, the leading causes of death for people with diabetes. You can do a lot to prevent or slow down diabetes problems.

This booklet is about heart and blood vessel problems caused by diabetes. You will learn the things you can do each day and during each year to stay healthy and prevent diabetes problems.",Prevent diabetes problems: Keep your heart and blood vessels healthy
How to prevent Prevent diabetes problems: Keep your heart and blood vessels healthy ?,"You can do a lot to prevent heart disease and stroke.

- Keep your blood glucose under control. You can see if your blood glucose is under control by having an A1C test at least twice a year. The A1C test tells you your average blood glucose for the past 2 to 3 months. The target for most people with diabetes is below 7. In some people with heart disease or other special circumstances, their doctor may recommend slightly higher levels of A1C. - Keep your blood pressure under control. Have it checked at every doctor visit. The target for most people with diabetes is below 140/80, unless their doctor sets a different target. - Keep your cholesterol under control. Have it checked at least once a year. The targets for most people with diabetes are - LDLbadcholesterol: below 100 - HDLgoodcholesterol: above 40 in men and above 50 in women - triglyceridesanother type of fat in the blood: below 150 - Make sure the foods you eat are ""heart-healthy."" Include foods high in fiber, such as oat bran, oatmeal, whole-grain breads and cereals, fruits, and vegetables. Cut back on foods high in saturated fat or cholesterol, such as meats, butter, dairy products with fat, eggs, shortening, lard, and foods with palm oil or coconut oil. Limit foods with trans fat, such as snack foods and commercial baked goods. - If you smoke, quit. Your doctor can tell you about ways to help you quit smoking. - Ask your doctor whether you should take an aspirin every day. Studies have shown that taking a low dose of aspirin every day can help reduce your risk of heart disease and stroke. - Take your medicines as directed.",Prevent diabetes problems: Keep your heart and blood vessels healthy
What are the symptoms of Prevent diabetes problems: Keep your heart and blood vessels healthy ?,"You may have one or more of the following warning signs:

- chest pain or discomfort - pain or discomfort in your arms, back, jaw, or neck - indigestion or stomach pain - shortness of breath - sweating - nausea - light-headedness

Or, you may have no warning signs at all. Warning signs may come and go. If you have any of these warning signs, call 911 right away. Getting prompt treatment can reduce damage to the heart.",Prevent diabetes problems: Keep your heart and blood vessels healthy
What causes Prevent diabetes problems: Keep your heart and blood vessels healthy ?,"Narrowed blood vessels leave a smaller opening for blood to flow through. Having narrowed blood vessels is like turning on a garden hose and holding your thumb over the opening. The smaller opening makes the water shoot out with more pressure. In the same way, narrowed blood vessels lead to high blood pressure. Other factors, such as kidney problems and being overweight, also can lead to high blood pressure.

Many people with diabetes also have high blood pressure. If you have heart, eye, or kidney problems from diabetes, high blood pressure can make them worse.

You will see your blood pressure written with two numbers separated by a slash. For example, your reading might be 120/70, said as ""120 over 70."" For most people with diabetes, the target is to keep the first number below 140 and the second number below 80, unless their doctor sets a different target.

If you have high blood pressure, ask your doctor how to lower it. Your doctor may ask you to take blood pressure medicine every day. Some types of blood pressure medicine can also help keep your kidneys healthy.

You may also be able to control your blood pressure by

- eating more fruits and vegetables - eating less salt and high-sodium foods - losing weight if you need to - being physically active - not smoking - limiting alcoholic drinks",Prevent diabetes problems: Keep your heart and blood vessels healthy
What are the symptoms of Prevent diabetes problems: Keep your heart and blood vessels healthy ?,"A stroke happens when part of your brain is not getting enough blood and stops working. Depending on the part of the brain that is damaged, a stroke can cause

- sudden weakness or numbness of your face, arm, or leg on one side of your body - sudden confusion, trouble talking, or trouble understanding - sudden dizziness, loss of balance, or trouble walking - sudden trouble seeing in one or both eyes or sudden double vision - sudden severe headache

Sometimes, one or more of these warning signs may happen and then disappear. You might be having a ""mini-stroke,"" also called a TIA or a transient ischemic attack. If you have any of these warning signs, call 911 right away. Getting care for a TIA may reduce or prevent a stroke. Getting prompt treatment for a stroke can reduce the damage to the brain and improve chances for recovery.",Prevent diabetes problems: Keep your heart and blood vessels healthy
How to prevent Prevent diabetes problems: Keep your heart and blood vessels healthy ?,"- Don't smoke. - Keep blood glucose and blood pressure under control. - Keep blood fats close to normal. - Be physically active. - Ask your doctor if you should take aspirin every day.

You also may need surgery to treat PAD.",Prevent diabetes problems: Keep your heart and blood vessels healthy
What is (are) Prevent diabetes problems: Keep your nervous system healthy ?,"Your nervous system carries signals between your brain and other parts of your body through your spinal cord. Nerves are bundles of special tissues that transmit these signals.

The signals share information between your brain and body about how things feel. The signals also send information between your brain and body to control automatic body functions, such as breathing and digestion, and to move your body parts.

The nerves in your spinal cord branch out to all of your organs and body parts. All your nerves together make up your nervous system.

Your nervous system is composed of the

- central nervous systemyour brain and spinal cord - cranial* nervesnerves that connect your brain to your head, neck, and face - peripheral nervous systemnerves that connect your spinal cord to your entire body, including your organs and your arms, hands, legs, and feet

*See the Pronunciation Guide for tips on how to say the the words in bold type.",Prevent diabetes problems: Keep your nervous system healthy
What are the symptoms of Prevent diabetes problems: Keep your nervous system healthy ?,"Nerve damage symptoms depend on which nerves have damage. Some people have no symptoms or mild symptoms. Other people have painful and long-lasting symptoms. As most nerve damage develops over many years, a person may not notice mild cases for a long time. In some people, the onset of pain may be sudden and severe.",Prevent diabetes problems: Keep your nervous system healthy
What is (are) Prevent diabetes problems: Keep your nervous system healthy ?,"Peripheral Neuropathy

Peripheral neuropathy is the most common type of diabetic neuropathy, and it affects the sensory nerves of your feet, legs, hands, and arms. These areas of your body may feel

- numb - weak - cold - burning or tingling, like pins and needles

You may feel extreme pain in these areas of your body, even when they are touched lightly. You also may feel pain in your legs and feet when walking.

These feelings are often worse at night and can make it hard to sleep. Most of the time, you will have these feelings on both sides of your body, such as in both feet; however, they can occur just on one side.



You might have other problems, such as

- swollen feet - loss of balance - loss of muscle tone in your hands and feet - a deformity or shape change in your toes and feet - calluses or open sores on your feet

Autonomic Neuropathy

Autonomic neuropathy can affect your

- digestive system - sex organs - bladder - sweat glands - eyes - heart rate and blood pressure - ability to sense low blood glucose

Digestive system. Damage to nerves in your stomach, intestines, and other parts of your digestive system may

- make it hard to swallow both solid food and liquids - cause stomach pain, nausea, vomiting, constipation, or diarrhea - make it hard to keep your blood glucose under control

Your doctor or dietitian may advise you to eat smaller, more frequent meals; avoid fatty foods; and eat less fiber.

Sex organs. Damage to nerves in the sex organs may

- prevent a mans penis from getting firm when he wants to have sex, called erectile dysfunction or impotence. Many men who have had diabetes for several years have impotence. - prevent a womans vagina from getting wet when she wants to have sex. A woman might also have less feeling around her vagina.

Bladder. Damage to nerves in your bladder may make it hard to know when you need to urinate and when your bladder is empty. This damage can cause you to hold urine for too long, which can lead to bladder infections. You also might leak drops of urine.



Sweat glands. Damage to nerves in your sweat glands may prevent them from working properly. Nerve damage can cause you to sweat a lot at night or while eating.

Eyes. Damage to nerves in your pupils, the parts of your eyes that react to changes in light and darkness, may make them slow to respond to these changes. You may have trouble seeing the lights of other cars when driving at night. Your eyes may take longer to adjust when you enter a dark room.



Heart rate and blood pressure. Damage to nerves that control your heart rate and blood pressure may make these nerves respond more slowly to changes in position, stress, physical activity, sleep, and breathing patterns. You might feel dizzy or pass out when you go from lying down to standing up or when you do physical activity. You also might have shortness of breath or swelling in your feet.



Ability to sense low blood glucose. Autonomic nerves also let you know when your blood glucose is low. Damage to these nerves can prevent you from feeling the symptoms of low blood glucose, also called hypoglycemia. This kind of nerve damage is more likely to happen if you have had diabetes for a long time or if your blood glucose has often been too low. Low blood glucose can make you

- hungry - dizzy or shaky - confused - pale - sweat more - weak - anxious or cranky - have headaches - have a fast heartbeat

Severe hypoglycemia can cause you to pass out. If that happens, youll need help bringing your blood glucose level back to normal. Your health care team can teach your family members and friends how to give you an injection of glucagon, a hormone that raises blood glucose levels quickly. If glucagon is not available, someone should call 911 to get you to the nearest emergency room for treatment.



Consider wearing a diabetes medical alert identification bracelet or necklace. If you have hypoglycemia and are not able to communicate, the emergency team will know you have diabetes and get you the proper treatment. You can find these bracelets or necklaces at your pharmacy or on the Internet. You can also ask your doctor for information on available products.

Other Neuropathies

Other types of neuropathies from diabetes can cause

- damage to the joint and bones of your foot, called Charcots foot, in which you cannot sense pain or the position of your foot - carpal tunnel syndrome, in which a nerve in your forearm is compressed at your wrist, causing numbness, swelling, and pain in your fingers - paralysis on one side of your face, called Bells palsy - double vision or not being able to focus your eyes - aching behind one eye",Prevent diabetes problems: Keep your nervous system healthy
What are the treatments for Prevent diabetes problems: Keep your nervous system healthy ?,"The treatment for nerve damage from diabetes is based on your symptoms. No treatment can reverse nerve damage; however, it can help you feel better. Your doctor might suggest taking low doses of medicines that both treat other health problems and help the pain of neuropathy. Some of these medicines include

- antidepressants - anticonvulsants, or anti-seizure medicines

Other treatment options include

- creams or patches on your skin for burning pain - over-the-counter pain medicines - acupuncture, a form of pain treatment that uses needles inserted into your body at certain pressure points - physical therapy, which helps with muscle weakness and loss of balance - relaxation exercises, such as yoga - special shoes to fit softly around sore feet or feet that have changed shape

Your doctor also can prescribe medicines to help with problems caused by nerve damage in other areas of your body, such as poor digestion, dizziness, sexual problems, and lack of bladder control.

Stopping smoking and drinking alcoholic beverages also may help with symptoms.",Prevent diabetes problems: Keep your nervous system healthy
What to do for Prevent diabetes problems: Keep your nervous system healthy ?,"You can keep your nervous system healthy by taking these steps:

- Eat healthy meals and follow the meal plan that you and your doctor or dietitian have worked out. - If you drink alcoholic beverages, limit your intake to no more than one drink per day for women and two drinks per day for men. Drinking too many alcoholic beverages can make nerve damage worse.

More information is provided in the NIDDK health topic, What I need to know about Eating and Diabetes.",Prevent diabetes problems: Keep your nervous system healthy
What is (are) Prevent diabetes problems: Keep your kidneys healthy ?,"Your kidneys are two bean-shaped organs, each about the size of a fist. They are located just below your rib cage, one on each side of your spine. Every day, your two kidneys filter about 120 to 150 quarts of blood to produce about 1 to 2 quarts of urine. Urine flows from your kidneys to your bladder through tubes called ureters. Your bladder stores urine until releasing it through urination.",Prevent diabetes problems: Keep your kidneys healthy
What is (are) Prevent diabetes problems: Keep your kidneys healthy ?,"Blood pressure is the force of blood flow inside your blood vessels. Blood pressure is written with two numbers separated by a slash. For example, a blood pressure result of 130/80 is said as 130 over 80. The first number is the pressure in your blood vessels as your heart beats and pushes blood through your blood vessels. The second number is the pressure as your blood vessels relax between heartbeats.

High blood pressure forces your heart to work harder to pump blood. High blood pressure can strain your heart, damage your blood vessels, and increase your risk of heart attack, stroke, eye problems, and kidney problems.",Prevent diabetes problems: Keep your kidneys healthy
What are the symptoms of Prevent diabetes problems: Keep your kidneys healthy ?,"In the early stages, diabetic kidney disease does not have any symptoms. Kidney disease happens so slowly that you may not feel sick at all for many years. You may not feel sick even when your kidneys do only half the job of healthy kidneys. Only your doctor can tell if you have kidney disease by checking the protein, or albumin, level in your urine at least once a year.

The first symptom of diabetic kidney disease is often swelling in parts of your body, such as your hands, face, feet, or ankles. Also, large amounts of protein in your urine may cause urine to look foamy. Once your kidney function starts to decrease, other symptoms may include

- increased or decreased urination - feeling drowsy or tired - feeling itchy or numb - dry skin - headaches - weight loss - not feeling hungry - feeling sick to your stomach - vomiting - sleep problems - trouble staying focused - darkened skin - muscle cramps",Prevent diabetes problems: Keep your kidneys healthy
What to do for Prevent diabetes problems: Keep your kidneys healthy ?,"Your dietitian or doctor may suggest a special eating plan for you. You may have to avoid a diet high in protein, fat, sodium, and potassium.

- Cut back on protein, especially animal products such as meat. Damaged kidneys may fail to remove protein waste products from your blood. Diets high in protein make your kidneys work harder and fail sooner. - Avoid a high-fat diet. High-fat diets are high in cholesterol. Cholesterol is a type of fat found in your bodys cells, blood, and many foods. Your body needs some cholesterol to work the right way. For example, your body uses cholesterol to make certain essential hormones and maintain nerve function. However, your body makes all the cholesterol it needs. If you often eat foods that are high in cholesterol, or if high cholesterol runs in your family, extra cholesterol in your blood can build up over time in the walls of your blood vessels and arteries. High blood cholesterol can lead to heart disease and stroke, some of the biggest health problems for people with diabetes. - Avoid high-sodium foods. Sodium is a mineral found in salt and other foods. High levels of sodium may raise your blood pressure. Some high-sodium foods include canned food, frozen dinners, and hot dogs. The amount of sodium is listed on the food label, so you can see which foods have the highest levels. Try to limit your sodium to less than a teaspoon a day, or about 2,300 milligrams (mg) a day. If you have high blood pressure or are African American, middle-aged, or older, aim for no more than 1,500 mg of sodium per day. Ask your doctor or your dietitian about how much sodium you can have. - Ask your doctor about the amount of potassium you need. Potassium is a mineral that helps your heartbeat stay regular and muscles work right. Healthy kidneys keep the right amount of potassium in your body. However, if you have severe kidney damage, high levels of potassium may cause an abnormal heart rhythm or even make your heart stop, called cardiac arrest. Some high-potassium foods include apricots, bananas, oranges, and potatoes.

More information about healthy eating and kidney disease is provided in the NIDDK health topics: - Eat Right to Feel Right on Hemodialysis - Nutrition for Advanced Chronic Kidney Disease in Adults - Nutrition for Early Chronic Kidney Disease in Adults - What I need to know about Eating and Diabetes",Prevent diabetes problems: Keep your kidneys healthy
What is (are) Prevent diabetes problems: Keep your kidneys healthy ?,"Kidney failure, also called end-stage kidney disease or ESRD, means your kidneys no longer work well enough to do their job. You will need treatment to replace the work your kidneys have stopped doing.",Prevent diabetes problems: Keep your kidneys healthy
How to diagnose Kidney Disease of Diabetes ?,"People with diabetes should be screened regularly for kidney disease. The two key markers for kidney disease are eGFR and urine albumin.

- eGFR. eGFR stands for estimated glomerular filtration rate. Each kidney contains about 1 million tiny filters made up of blood vessels. These filters are called glomeruli. Kidney function can be checked by estimating how much blood the glomeruli filter in a minute. The calculation of eGFR is based on the amount of creatinine, a waste product, found in a blood sample. As the level of creatinine goes up, the eGFR goes down. Kidney disease is present when eGFR is less than 60 milliliters per minute. The American Diabetes Association (ADA) and the National Institutes of Health (NIH) recommend that eGFR be calculated from serum creatinine at least once a year in all people with diabetes. - Urine albumin. Urine albumin is measured by comparing the amount of albumin to the amount of creatinine in a single urine sample. When the kidneys are healthy, the urine will contain large amounts of creatinine but almost no albumin. Even a small increase in the ratio of albumin to creatinine is a sign of kidney damage. Kidney disease is present when urine contains more than 30 milligrams of albumin per gram of creatinine, with or without decreased eGFR. The ADA and the NIH recommend annual assessment of urine albumin excretion to assess kidney damage in all people with type 2 diabetes and people who have had type 1 diabetes for 5 years or more.

If kidney disease is detected, it should be addressed as part of a comprehensive approach to the treatment of diabetes.",Kidney Disease of Diabetes
How to diagnose Kidney Disease of Diabetes ?,"People with diabetes should be screened regularly for kidney disease. The two key markers for kidney disease are eGFR and urine albumin.

- eGFR. eGFR stands for estimated glomerular filtration rate. Each kidney contains about 1 million tiny filters made up of blood vessels. These filters are called glomeruli. Kidney function can be checked by estimating how much blood the glomeruli filter in a minute. The calculation of eGFR is based on the amount of creatinine, a waste product, found in a blood sample. As the level of creatinine goes up, the eGFR goes down. Kidney disease is present when eGFR is less than 60 milliliters per minute. The American Diabetes Association (ADA) and the National Institutes of Health (NIH) recommend that eGFR be calculated from serum creatinine at least once a year in all people with diabetes. - Urine albumin. Urine albumin is measured by comparing the amount of albumin to the amount of creatinine in a single urine sample. When the kidneys are healthy, the urine will contain large amounts of creatinine but almost no albumin. Even a small increase in the ratio of albumin to creatinine is a sign of kidney damage. Kidney disease is present when urine contains more than 30 milligrams of albumin per gram of creatinine, with or without decreased eGFR. The ADA and the NIH recommend annual assessment of urine albumin excretion to assess kidney damage in all people with type 2 diabetes and people who have had type 1 diabetes for 5 years or more.

If kidney disease is detected, it should be addressed as part of a comprehensive approach to the treatment of diabetes.",Kidney Disease of Diabetes
How to prevent Kidney Disease of Diabetes ?,"Blood Pressure Medicines

Scientists have made great progress in developing methods that slow the onset and progression of kidney disease in people with diabetes. Drugs used to lower blood pressure can slow the progression of kidney disease significantly. Two types of drugs, angiotensin-converting enzyme (ACE) inhibitors and angiotensin receptor blockers (ARBs), have proven effective in slowing the progression of kidney disease. Many people require two or more drugs to control their blood pressure. In addition to an ACE inhibitor or an ARB, a diuretic can also be useful. Beta blockers, calcium channel blockers, and other blood pressure drugs may also be needed.

An example of an effective ACE inhibitor is lisinopril (Prinivil, Zestril), which doctors commonly prescribe for treating kidney disease of diabetes. The benefits of lisinopril extend beyond its ability to lower blood pressure: it may directly protect the kidneys' glomeruli. ACE inhibitors have lowered proteinuria and slowed deterioration even in people with diabetes who did not have high blood pressure.

An example of an effective ARB is losartan (Cozaar), which has also been shown to protect kidney function and lower the risk of cardiovascular events.

Patients with even mild hypertension or persistent microalbuminuria should consult a health care provider about the use of antihypertensive medicines.

Moderate-protein Diets

In people with diabetes, excessive consumption of protein may be harmful. Experts recommend that people with kidney disease of diabetes consume the recommended dietary allowance for protein, but avoid high-protein diets. For people with greatly reduced kidney function, a diet containing reduced amounts of protein may help delay the onset of kidney failure. Anyone following a reduced-protein diet should work with a dietitian to ensure adequate nutrition.

Intensive Management of Blood Glucose

Antihypertensive drugs and low-protein diets can slow CKD. A third treatment, known as intensive management of blood glucose or glycemic control, has shown great promise for people with diabetes, especially for those in the early stages of CKD.

The human body normally converts food to glucose, the simple sugar that is the main source of energy for the body's cells. To enter cells, glucose needs the help of insulin, a hormone produced by the pancreas. When a person does not make enough insulin, or the body does not respond to the insulin that is present, the body cannot process glucose, and it builds up in the bloodstream. High levels of glucose in the blood lead to a diagnosis of diabetes.

Intensive management of blood glucose is a treatment regimen that aims to keep blood glucose levels close to normal. The regimen includes testing blood glucose frequently, administering insulin throughout the day on the basis of food intake and physical activity, following a diet and activity plan, and consulting a health care team regularly. Some people use an insulin pump to supply insulin throughout the day.

A number of studies have pointed to the beneficial effects of intensive management of blood glucose. In the Diabetes Control and Complications Trial supported by the National Institute of Diabetes and Digestive and Kidney Diseases (NIDDK), researchers found a 50 percent decrease in both development and progression of early diabetic kidney disease in participants who followed an intensive regimen for controlling blood glucose levels. The intensively managed patients had average blood glucose levels of 150 milligrams per deciliterabout 80 milligrams per deciliter lower than the levels observed in the conventionally managed patients. The United Kingdom Prospective Diabetes Study, conducted from 1976 to 1997, showed conclusively that, in people with improved blood glucose control, the risk of early kidney disease was reduced by a third. Additional studies conducted over the past decades have clearly established that any program resulting in sustained lowering of blood glucose levels will be beneficial to patients in the early stages of CKD.",Kidney Disease of Diabetes
How to prevent Kidney Disease of Diabetes ?,"Blood Pressure Medicines

Scientists have made great progress in developing methods that slow the onset and progression of kidney disease in people with diabetes. Drugs used to lower blood pressure can slow the progression of kidney disease significantly. Two types of drugs, angiotensin-converting enzyme (ACE) inhibitors and angiotensin receptor blockers (ARBs), have proven effective in slowing the progression of kidney disease. Many people require two or more drugs to control their blood pressure. In addition to an ACE inhibitor or an ARB, a diuretic can also be useful. Beta blockers, calcium channel blockers, and other blood pressure drugs may also be needed.

An example of an effective ACE inhibitor is lisinopril (Prinivil, Zestril), which doctors commonly prescribe for treating kidney disease of diabetes. The benefits of lisinopril extend beyond its ability to lower blood pressure: it may directly protect the kidneys' glomeruli. ACE inhibitors have lowered proteinuria and slowed deterioration even in people with diabetes who did not have high blood pressure.

An example of an effective ARB is losartan (Cozaar), which has also been shown to protect kidney function and lower the risk of cardiovascular events.

Patients with even mild hypertension or persistent microalbuminuria should consult a health care provider about the use of antihypertensive medicines.

Moderate-protein Diets

In people with diabetes, excessive consumption of protein may be harmful. Experts recommend that people with kidney disease of diabetes consume the recommended dietary allowance for protein, but avoid high-protein diets. For people with greatly reduced kidney function, a diet containing reduced amounts of protein may help delay the onset of kidney failure. Anyone following a reduced-protein diet should work with a dietitian to ensure adequate nutrition.

Intensive Management of Blood Glucose

Antihypertensive drugs and low-protein diets can slow CKD. A third treatment, known as intensive management of blood glucose or glycemic control, has shown great promise for people with diabetes, especially for those in the early stages of CKD.

The human body normally converts food to glucose, the simple sugar that is the main source of energy for the body's cells. To enter cells, glucose needs the help of insulin, a hormone produced by the pancreas. When a person does not make enough insulin, or the body does not respond to the insulin that is present, the body cannot process glucose, and it builds up in the bloodstream. High levels of glucose in the blood lead to a diagnosis of diabetes.

Intensive management of blood glucose is a treatment regimen that aims to keep blood glucose levels close to normal. The regimen includes testing blood glucose frequently, administering insulin throughout the day on the basis of food intake and physical activity, following a diet and activity plan, and consulting a health care team regularly. Some people use an insulin pump to supply insulin throughout the day.

A number of studies have pointed to the beneficial effects of intensive management of blood glucose. In the Diabetes Control and Complications Trial supported by the National Institute of Diabetes and Digestive and Kidney Diseases (NIDDK), researchers found a 50 percent decrease in both development and progression of early diabetic kidney disease in participants who followed an intensive regimen for controlling blood glucose levels. The intensively managed patients had average blood glucose levels of 150 milligrams per deciliterabout 80 milligrams per deciliter lower than the levels observed in the conventionally managed patients. The United Kingdom Prospective Diabetes Study, conducted from 1976 to 1997, showed conclusively that, in people with improved blood glucose control, the risk of early kidney disease was reduced by a third. Additional studies conducted over the past decades have clearly established that any program resulting in sustained lowering of blood glucose levels will be beneficial to patients in the early stages of CKD.",Kidney Disease of Diabetes
What to do for Kidney Disease of Diabetes ?,"- Diabetes is the leading cause of chronic kidney disease (CKD) and kidney failure in the United States. - People with diabetes should be screened regularly for kidney disease. The two key markers for kidney disease are estimated glomerular filtration rate (eGFR) and urine albumin. - Drugs used to lower blood pressure can slow the progression of kidney disease significantly. Two types of drugs, angiotensin-converting enzyme (ACE) inhibitors and angiotensin receptor blockers (ARBs), have proven effective in slowing the progression of kidney disease. - In people with diabetes, excessive consumption of protein may be harmful. - Intensive management of blood glucose has shown great promise for people with diabetes, especially for those in the early stages of CKD.",Kidney Disease of Diabetes
What to do for Kidney Disease of Diabetes ?,"- Diabetes is the leading cause of chronic kidney disease (CKD) and kidney failure in the United States. - People with diabetes should be screened regularly for kidney disease. The two key markers for kidney disease are estimated glomerular filtration rate (eGFR) and urine albumin. - Drugs used to lower blood pressure can slow the progression of kidney disease significantly. Two types of drugs, angiotensin-converting enzyme (ACE) inhibitors and angiotensin receptor blockers (ARBs), have proven effective in slowing the progression of kidney disease. - In people with diabetes, excessive consumption of protein may be harmful. - Intensive management of blood glucose has shown great promise for people with diabetes, especially for those in the early stages of CKD.",Kidney Disease of Diabetes
What is (are) Monitor Your Diabetes ?,"Sometimes, no matter how hard you try to keep your blood glucose levels in your target range, they will be too high or too low. Blood glucose thats too high or too low can make you feel sick. If you try to control your high or low blood glucose and cant, you may become even sicker and need help. Talk with your doctor to learn how to handle these emergencies.

Learn about High Blood Glucose Levels

If your blood glucose levels stay above 180 for more than 1 to 2 hours, they may be too high. See the ""Daily Diabetes Record Page."" High blood glucose, also called hyperglycemia, means you dont have enough insulin in your body. High blood glucose can happen if you

- miss taking your diabetes medicines - eat too much - dont get enough physical activity - have an infection - get sick - are stressed - take medicines that can cause high blood glucose

Be sure to tell your doctor about other medicines you take. When youre sick, be sure to check your blood glucose levels and keep taking your diabetes medicines. Read more about how to take care of yourself when youre sick in the section Take Care of Your Diabetes during Special Times or Events.

Signs that your blood glucose levels may be too high are the following:

- feeling thirsty - feeling weak or tired - headaches - urinating often - having trouble paying attention - blurry vision - yeast infections

Very high blood glucose may also make you feel sick to your stomach.

If your blood glucose levels are high much of the time, or if you have symptoms of high blood glucose, call your doctor. You may need a change in your healthy eating plan, physical activity plan, or medicines.

Learn about Low Blood Glucose Levels

If your blood glucose levels drop below 70, you have low blood glucose, also called hypoglycemia. Low blood glucose can come on fast and can be caused by

- taking too much diabetes medicine - missing or delaying a meal - being more physically active than usual - drinking alcoholic beverages

Sometimes, medicines you take for other health problems can cause your blood glucose levels to drop.

Signs your blood glucose levels may be too low are the following:

- hunger - dizziness or shakiness - confusion - being pale - sweating more - weakness - anxiety or moodiness - headaches - a fast heartbeat

If your blood glucose levels drop lower, you could have severe hypoglycemia, where you pass out or have a seizure. A seizure occurs when cells in the brain release a rush of energy that can cause changes in behavior or muscle contractions. Some seizures are life threatening.

If you have any of these symptoms, check your blood glucose levels. If your blood glucose levels are less than 70, have one of the following right away:

- three or four glucose tablets - one serving of glucose gelthe amount equal to 15 grams of carbohydrates - 1/2 cup, or 4 ounces, of fruit juice - 1/2 cup, or 4 ounces, of a regularnondietsoft drink - 1 cup, or 8 ounces, of milk - five or six pieces of hard candy - 1 tablespoon of sugar, syrup, or honey

After 15 minutes, check your blood glucose levels again. Repeat these steps until your blood glucose levels are 70 or above. If it will be at least 1 hour before your next meal, eat a snack.

If you take diabetes medicines that can cause low blood glucose, always carry food for emergencies. You should also wear a medical identification bracelet or necklace that says you have diabetes.

If you take insulin, keep a prescription glucagon kit at home and at other places where you often go. A glucagon kit has a vial of glucagon, a syringe, and a needle to inject the glucagon. Given as a shot, the glucagon quickly raises blood glucose. If you have severe hypoglycemia, youll need someone to help bring your blood glucose levels back to normal by giving you a glucagon shot. Show your family, friends, and coworkers how to give you a glucagon shot when you have severe hypoglycemia. Someone should call 911 for help if a glucagon kit is not available.

Action Steps If You Take Insulin - Tell your doctor if you have low blood glucose, especially at the same time of the day or night, several times in a row. - Tell your doctor if youve passed out from low blood glucose. - Ask your doctor about glucagon. Glucagon is a medicine that raises blood glucose. - Show your family, friends, and coworkers how to give you a glucagon shot when you have severe hypoglycemia. - When you have severe hypoglycemia, someone should call 911 for help if a glucagon shot is not available.



Action Steps If You Don't Take Insulin - Tell your doctor if you have low blood glucose, especially at the same time of the day or night, several times in a row. - Tell your doctor about other medicines you are taking. - Ask your doctor whether your diabetes medicines might cause low blood glucose.

More information is provided in the NIDDK health topic, Hypoglycemia.



Go to Prevent Diabetes Problems

Return to Take Care of Your Diabetes Each Day



This content is provided as a service of the National Institute of Diabetes and Digestive and Kidney Diseases (NIDDK), part of the National Institutes of Health. The NIDDK translates and disseminates research findings through its clearinghouses and education programs to increase knowledge and understanding about health and disease among patients, health professionals, and the public. Content produced by the NIDDK is carefully reviewed by NIDDK scientists and other experts.

The NIDDK would like to thank: Michael L. Parchman, M.D., M.P.H., F.A.A.F.P., MacColl Center for Health Care Innovation, Group Health Research Institute; Marion J. Franz, M.S., R.D., L.D., C.D.E., Minneapolis, Minnesota

This information is not copyrighted. The NIDDK encourages people to share this content freely.





February 2014",Monitor Your Diabetes
What is (are) 4 Steps to Manage Your Diabetes for Life ?,"What is diabetes?

There are three main types of diabetes:

- Type 1 diabetes Your body does not make insulin. This is a problem because you need insulin to take the sugar (glucose) from the foods you eat and turn it into energy for your body. You need to take insulin every day to live. - Type 2 diabetes Your body does not make or use insulin well. You may need to take pills or insulin to help control your diabetes. Type 2 is the most common type of diabetes. - Gestational (jest-TAY-shun-al) diabetes Some women get this kind of diabetes when they are pregnant. Most of the time, it goes away after the baby is born. But even if it goes away, these women and their children have a greater chance of getting diabetes later in life.

You are the most important member of your health care team.

You are the one who manages your diabetes day by day. Talk to your doctor about how you can best care for your diabetes to stay healthy. Some others who can help are:



- dentist - diabetes doctor - diabetes educator - dietitian - eye doctor - foot doctor - friends and family - mental health counselor - nurse - nurse practitioner - pharmacist - social worker

How to learn more about diabetes.

- Take classes to learn more about living with diabetes. To find a class, check with your health care team, hospital, or area health clinic. You can also search online. - Join a support group in-person or online to get peer support with managing your diabetes. - Read about diabetes online. Go to National Diabetes Education Program.

Take diabetes seriously.

You may have heard people say they have a touch of diabetes or that their sugar is a little high. These words suggest that diabetes is not a serious disease. That is not correct. Diabetes is serious, but you can learn to manage it.

People with diabetes need to make healthy food choices, stay at a healthy weight, move more every day, and take their medicine even when they feel good. Its a lot to do. Its not easy, but its worth it!

Why take care of your diabetes?

Taking care of yourself and your diabetes can help you feel good today and in the future. When your blood sugar (glucose) is close to normal, you are likely to:

- have more energy - be less tired and thirsty - need to pass urine less often - heal better - have fewer skin or bladder infections

You will also have less chance of having health problems caused by diabetes such as:

- heart attack or stroke - eye problems that can lead to trouble seeing or going blind - pain, tingling, or numbness in your hands and feet, also called nerve damage - kidney problems that can cause your kidneys to stop working - teeth and gum problems

Actions you can take

- Ask your health care team what type of diabetes you have. - Learn where you can go for support. - Learn how caring for your diabetes helps you feel good today and in the future.",4 Steps to Manage Your Diabetes for Life
Who is at risk for Sexual and Urologic Problems of Diabetes? ?,"Risk factors are conditions that increase the chances of getting a particular disease. The more risk factors people have, the greater their chances of developing that disease or condition. Diabetic neuropathy and related sexual and urologic problems appear to be more common in people who

- have poor blood glucose control - have high levels of blood cholesterol - have high blood pressure - are overweight - are older than 40 - smoke - are physically inactive",Sexual and Urologic Problems of Diabetes
How to prevent Sexual and Urologic Problems of Diabetes ?,"People with diabetes can lower their risk of sexual and urologic problems by keeping their blood glucose, blood pressure, and cholesterol levels close to the target numbers their health care provider recommends. Being physically active and maintaining a healthy weight can also help prevent the long-term complications of diabetes. For those who smoke, quitting will lower the risk of developing sexual and urologic problems due to nerve damage and also lower the risk for other health problems related to diabetes, including heart attack, stroke, and kidney disease.

More information about preventing diabetes complications is provided in the NIDDK health topic, Prevent diabetes problems: Keep your diabetes under control, available from the National Diabetes Information Clearinghouse at 1-800-860-8747.",Sexual and Urologic Problems of Diabetes
What to do for Sexual and Urologic Problems of Diabetes ?,"The nerve damage of diabetes may cause sexual or urologic problems.

- Sexual problems in men with diabetes include - erectile dysfunction - retrograde ejaculation - Sexual problems in women with diabetes include - decreased vaginal lubrication and uncomfortable or painful intercourse - decreased or no sexual desire - decreased or absent sexual response - Urologic problems in men and women with diabetes include - bladder problems related to nerve damage, such as overactive bladder, poor control of sphincter muscles, and urine retention - urinary tract infections - Controlling diabetes through diet, physical activity, and medications as needed can help prevent sexual and urologic problems. - Treatment is available for sexual and urologic problems.",Sexual and Urologic Problems of Diabetes
"What is (are) Diabetes, Heart Disease, and Stroke ?","Diabetes is a disorder of metabolismthe way our bodies use digested food for energy. Most of the food we eat is broken down into glucose, the form of sugar in the blood. Glucose is the body's main source of fuel.

After digestion, glucose enters the bloodstream. Then glucose goes to cells throughout the body where it is used for energy. However, a hormone called insulin must be present to allow glucose to enter the cells. Insulin is a hormone produced by the pancreas, a large gland behind the stomach.

In people who do not have diabetes, the pancreas automatically produces the right amount of insulin to move glucose from blood into the cells. However, diabetes develops when the pancreas does not make enough insulin, or the cells in the muscles, liver, and fat do not use insulin properly, or both. As a result, the amount of glucose in the blood increases while the cells are starved of energy.

Over time, high blood glucose levels damage nerves and blood vessels, leading to complications such as heart disease and stroke, the leading causes of death among people with diabetes. Uncontrolled diabetes can eventually lead to other health problems as well, such as vision loss, kidney failure, and amputations.","Diabetes, Heart Disease, and Stroke"
"What is (are) Diabetes, Heart Disease, and Stroke ?","Prediabetes is a condition in which blood glucose levels are higher than normal but not high enough for a diagnosis of diabetes. Prediabetes is also called impaired fasting glucose or impaired glucose tolerance. Many people with prediabetes develop type 2 diabetes within 10 years. In addition, they are at risk for heart disease and stroke. With modest weight loss and moderate physical activity, people with prediabetes can delay or prevent type 2 diabetes and lower their risk of heart disease and stroke.","Diabetes, Heart Disease, and Stroke"
"What is (are) Diabetes, Heart Disease, and Stroke ?","If you have diabetes, you are at least twice as likely as someone who does not have diabetes to have heart disease or a stroke. People with diabetes also tend to develop heart disease or have strokes at an earlier age than other people. If you are middle-aged and have type 2 diabetes, some studies suggest that your chance of having a heart attack is as high as someone without diabetes who has already had one heart attack. Women who have not gone through menopause usually have less risk of heart disease than men of the same age. But women of all ages with diabetes have an increased risk of heart disease because diabetes cancels out the protective effects of being a woman in her child-bearing years.

People with diabetes who have already had one heart attack run an even greater risk of having a second one. In addition, heart attacks in people with diabetes are more serious and more likely to result in death. High blood glucose levels over time can lead to increased deposits of fatty materials on the insides of the blood vessel walls. These deposits may affect blood flow, increasing the chance of clogging and hardening of blood vessels (atherosclerosis).","Diabetes, Heart Disease, and Stroke"
"What is (are) Diabetes, Heart Disease, and Stroke ?","If you have diabetes, you are at least twice as likely as someone who does not have diabetes to have heart disease or a stroke. People with diabetes also tend to develop heart disease or have strokes at an earlier age than other people. If you are middle-aged and have type 2 diabetes, some studies suggest that your chance of having a heart attack is as high as someone without diabetes who has already had one heart attack. Women who have not gone through menopause usually have less risk of heart disease than men of the same age. But women of all ages with diabetes have an increased risk of heart disease because diabetes cancels out the protective effects of being a woman in her child-bearing years.

People with diabetes who have already had one heart attack run an even greater risk of having a second one. In addition, heart attacks in people with diabetes are more serious and more likely to result in death. High blood glucose levels over time can lead to increased deposits of fatty materials on the insides of the blood vessel walls. These deposits may affect blood flow, increasing the chance of clogging and hardening of blood vessels (atherosclerosis).","Diabetes, Heart Disease, and Stroke"
"Who is at risk for Diabetes, Heart Disease, and Stroke? ?","Diabetes itself is a risk factor for heart disease and stroke. Also, many people with diabetes have other conditions that increase their chance of developing heart disease and stroke. These conditions are called risk factors. One risk factor for heart disease and stroke is having a family history of heart disease. If one or more members of your family had a heart attack at an early age (before age 55 for men or 65 for women), you may be at increased risk.

You can't change whether heart disease runs in your family, but you can take steps to control the other risk factors for heart disease listed here:

- Having central obesity. Central obesity means carrying extra weight around the waist, as opposed to the hips. A waist measurement of more than 40 inches for men and more than 35 inches for women means you have central obesity. Your risk of heart disease is higher because abdominal fat can increase the production of LDL (bad) cholesterol, the type of blood fat that can be deposited on the inside of blood vessel walls. - Having abnormal blood fat (cholesterol) levels. - LDL cholesterol can build up inside your blood vessels, leading to narrowing and hardening of your arteriesthe blood vessels that carry blood from the heart to the rest of the body. Arteries can then become blocked. Therefore, high levels of LDL cholesterol raise your risk of getting heart disease. - Triglycerides are another type of blood fat that can raise your risk of heart disease when the levels are high. - HDL (good) cholesterol removes deposits from inside your blood vessels and takes them to the liver for removal. Low levels of HDL cholesterol increase your risk for heart disease. - Having high blood pressure. If you have high blood pressure, also called hypertension, your heart must work harder to pump blood. High blood pressure can strain the heart, damage blood vessels, and increase your risk of heart attack, stroke, eye problems, and kidney problems. - Smoking. Smoking doubles your risk of getting heart disease. Stopping smoking is especially important for people with diabetes because both smoking and diabetes narrow blood vessels. Smoking also increases the risk of other long-term complications, such as eye problems. In addition, smoking can damage the blood vessels in your legs and increase the risk of amputation.","Diabetes, Heart Disease, and Stroke"
"What is (are) Diabetes, Heart Disease, and Stroke ?","Metabolic syndrome is a grouping of traits and medical conditions that puts people at risk for both heart disease and type 2 diabetes. It is defined by the National Cholesterol Education Program as having any three of the following five traits and medical conditions:

Traits and Medical Conditions Definition Elevated waist circumference Waist measurement of - 40 inches or more in men - 35 inches or more in women Elevated levels of triglycerides - 150 mg/dL or higher or Taking medication for elevated triglyceride levels Low levels of HDL (good) cholesterol - Below 40 mg/dL in men - Below 50 mg/dL in women or Taking medication for low HDL cholesterol levels Elevated blood pressure levels - 130 mm Hg or higher for systolic blood pressure or - 85 mm Hg or higher for diastolic blood pressure or Taking medication for elevated blood pressure levels Elevated fasting blood glucose levels - 100 mg/dL or higher or Taking medication for elevated blood glucose levels","Diabetes, Heart Disease, and Stroke"
"How to prevent Diabetes, Heart Disease, and Stroke ?","Even if you are at high risk for heart disease and stroke, you can help keep your heart and blood vessels healthy. You can do so by taking the following steps:

- Make sure that your diet is ""heart-healthy."" Meet with a registered dietitian to plan a diet that meets these goals: - Include at least 14 grams of fiber daily for every 1,000 calories consumed. Foods high in fiber may help lower blood cholesterol. Oat bran, oatmeal, whole-grain breads and cereals, dried beans and peas (such as kidney beans, pinto beans, and black-eyed peas), fruits, and vegetables are all good sources of fiber. Increase the amount of fiber in your diet gradually to avoid digestive problems. - Cut down on saturated fat. It raises your blood cholesterol level. Saturated fat is found in meats, poultry skin, butter, dairy products with fat, shortening, lard, and tropical oils such as palm and coconut oil. Your dietitian can figure out how many grams of saturated fat should be your daily maximum amount. - Keep the cholesterol in your diet to less than 300 milligrams a day. Cholesterol is found in meat, dairy products, and eggs. - Keep the amount of trans fat in your diet to a minimum. It's a type of fat in foods that raises blood cholesterol. Limit your intake of crackers, cookies, snack foods, commercially prepared baked goods, cake mixes, microwave popcorn, fried foods, salad dressings, and other foods made with partially hydrogenated oil. In addition, some kinds of vegetable shortening and margarines have trans fat. Check for trans fat in the Nutrition Facts section on the food package. - If you smoke, quit. Your doctor can help you find ways to quit smoking. - Ask your doctor whether you should take aspirin. Studies have shown that taking a low dose of aspirin every day can help reduce the risk of heart disease and stroke. However, aspirin is not safe for everyone. Your doctor can tell you whether taking aspirin is right for you and exactly how much to take. - Get prompt treatment for transient ischemic attacks (TIAs). Early treatment for TIAs, sometimes called mini-strokes, may help prevent or delay a future stroke. Signs of a TIA are sudden weakness, loss of balance, numbness, confusion, blindness in one or both eyes, double vision, difficulty speaking, or a severe headache.","Diabetes, Heart Disease, and Stroke"
"What are the treatments for Diabetes, Heart Disease, and Stroke ?","You can keep track of the ABCs of diabetes to make sure your treatment is working. Talk with your health care provider about the best targets for you.

A stands for A1C (a test that measures blood glucose control). Have an A1C test at least twice a year. It shows your average blood glucose level over the past 3 months. Talk with your doctor about whether you should check your blood glucose at home and how to do it.

A1C target Below 7 percent, unless your doctor sets a different target



Blood glucose targets Before meals 90 to 130 mg/dL 1 to 2 hours after the start of a meal Less than 180 mg/dL

B is for blood pressure. Have it checked at every office visit.

Blood pressure target Below 140/80 mm Hg, unless your doctor sets a different target

C is for cholesterol. Have it checked at least once a year.

Blood fat (cholesterol) targets LDL (bad) cholesterol Under 100 mg/dL Triglycerides Under 150 mg/dL HDL (good) cholesterol For men: above 40 mg/dL For women: above 50 mg/dL

Control of the ABCs of diabetes can reduce your risk for heart disease and stroke. If your blood glucose, blood pressure, and cholesterol levels aren't on target, ask your doctor what changes in diet, activity, and medications can help you reach these goals.","Diabetes, Heart Disease, and Stroke"
"What is (are) Diabetes, Heart Disease, and Stroke ?","Two major types of heart and blood vessel disease, also called cardiovascular disease, are common in people with diabetes: coronary artery disease (CAD) and cerebral vascular disease. People with diabetes are also at risk for heart failure. Narrowing or blockage of the blood vessels in the legs, a condition called peripheral arterial disease, can also occur in people with diabetes.

Coronary Artery Disease

Coronary artery disease, also called ischemic heart disease, is caused by a hardening or thickening of the walls of the blood vessels that go to your heart. Your blood supplies oxygen and other materials your heart needs for normal functioning. If the blood vessels to your heart become narrowed or blocked by fatty deposits, the blood supply is reduced or cut off, resulting in a heart attack.

Cerebral Vascular Disease

Cerebral vascular disease affects blood flow to the brain, leading to strokes and TIAs. It is caused by narrowing, blocking, or hardening of the blood vessels that go to the brain or by high blood pressure.

Stroke

A stroke results when the blood supply to the brain is suddenly cut off, which can occur when a blood vessel in the brain or neck is blocked or bursts. Brain cells are then deprived of oxygen and die. A stroke can result in problems with speech or vision or can cause weakness or paralysis. Most strokes are caused by fatty deposits or blood clotsjelly-like clumps of blood cellsthat narrow or block one of the blood vessels in the brain or neck. A blood clot may stay where it formed or can travel within the body. People with diabetes are at increased risk for strokes caused by blood clots.

A stroke may also be caused by a bleeding blood vessel in the brain. Called an aneurysm, a break in a blood vessel can occur as a result of high blood pressure or a weak spot in a blood vessel wall.

TIAs

TIAs are caused by a temporary blockage of a blood vessel to the brain. This blockage leads to a brief, sudden change in brain function, such as temporary numbness or weakness on one side of the body. Sudden changes in brain function also can lead to loss of balance, confusion, blindness in one or both eyes, double vision, difficulty speaking, or a severe headache. However, most symptoms disappear quickly and permanent damage is unlikely. If symptoms do not resolve in a few minutes, rather than a TIA, the event could be a stroke. The occurrence of a TIA means that a person is at risk for a stroke sometime in the future. See page 3 for more information on risk factors for stroke.

Heart Failure

Heart failure is a chronic condition in which the heart cannot pump blood properlyit does not mean that the heart suddenly stops working. Heart failure develops over a period of years, and symptoms can get worse over time. People with diabetes have at least twice the risk of heart failure as other people. One type of heart failure is congestive heart failure, in which fluid builds up inside body tissues. If the buildup is in the lungs, breathing becomes difficult.

Blockage of the blood vessels and high blood glucose levels also can damage heart muscle and cause irregular heart beats. People with damage to heart muscle, a condition called cardiomyopathy, may have no symptoms in the early stages, but later they may experience weakness, shortness of breath, a severe cough, fatigue, and swelling of the legs and feet. Diabetes can also interfere with pain signals normally carried by the nerves, explaining why a person with diabetes may not experience the typical warning signs of a heart attack.

Peripheral Arterial Disease

Another condition related to heart disease and common in people with diabetes is peripheral arterial disease (PAD). With this condition, the blood vessels in the legs are narrowed or blocked by fatty deposits, decreasing blood flow to the legs and feet. PAD increases the chances of a heart attack or stroke occurring. Poor circulation in the legs and feet also raises the risk of amputation. Sometimes people with PAD develop pain in the calf or other parts of the leg when walking, which is relieved by resting for a few minutes.","Diabetes, Heart Disease, and Stroke"
"What are the treatments for Diabetes, Heart Disease, and Stroke ?","Treatment for heart disease includes meal planning to ensure a heart-healthy diet and physical activity. In addition, you may need medications to treat heart damage or to lower your blood glucose, blood pressure, and cholesterol. If you are not already taking a low dose of aspirin every day, your doctor may suggest it. You also may need surgery or some other medical procedure.

For additional information about heart and blood vessel disease, high blood pressure, and high cholesterol, call the National Heart, Lung, and Blood Institute Health Information Center at 3015928573 or see www.nhlbi.nih.gov on the Internet.","Diabetes, Heart Disease, and Stroke"
"What are the treatments for Diabetes, Heart Disease, and Stroke ?","At the first sign of a stroke, you should get medical care right away. If blood vessels to your brain are blocked by blood clots, the doctor can give you a ""clot-busting"" drug. The drug must be given soon after a stroke to be effective. Subsequent treatment for stroke includes medications and physical therapy, as well as surgery to repair the damage. Meal planning and physical activity may be part of your ongoing care. In addition, you may need medications to lower your blood glucose, blood pressure, and cholesterol and to prevent blood clots.

For additional information about strokes, call the National Institute of Neurological Disorders and Stroke at 18003529424 or see www.ninds.nih.gov on the Internet.","Diabetes, Heart Disease, and Stroke"
"What to do for Diabetes, Heart Disease, and Stroke ?","- If you have diabetes, you are at least twice as likely as other people to have heart disease or a stroke. - Controlling the ABCs of diabetesA1C (blood glucose), blood pressure, and cholesterol-can cut your risk of heart disease and stroke. - Choosing foods wisely, quitting smoking, and taking medications (if needed) can all help lower your risk of heart disease and stroke. - If you have any warning signs of a heart attack or a stroke, get medical care immediatelydon't delay. Early treatment of heart attack and stroke in a hospital emergency room can reduce damage to the heart and the brain.","Diabetes, Heart Disease, and Stroke"
"What to do for Diabetes, Heart Disease, and Stroke ?","- If you have diabetes, you are at least twice as likely as other people to have heart disease or a stroke. - Controlling the ABCs of diabetesA1C (blood glucose), blood pressure, and cholesterol-can cut your risk of heart disease and stroke. - Choosing foods wisely, quitting smoking, and taking medications (if needed) can all help lower your risk of heart disease and stroke. - If you have any warning signs of a heart attack or a stroke, get medical care immediatelydon't delay. Early treatment of heart attack and stroke in a hospital emergency room can reduce damage to the heart and the brain.","Diabetes, Heart Disease, and Stroke"
What is (are) What I need to know about Preparing for Pregnancy if I Have Diabetes ?,"If you have diabetes,* the best time to control your blood glucose, also called blood sugar, is before you get pregnant. High blood glucose levels can be harmful to your baby during the first weeks of pregnancyeven before you know you are pregnant. Blood glucose targets are different for women who are trying to get pregnant. Targets are numbers you aim for.

Pregnancy and new motherhood are times of great excitement and change for any woman. If you have type 1 or type 2 diabetes and are hoping to get pregnant soon, you can learn what to do to have a healthy baby. You can also learn how to take care of yourself and your diabetes before, during, and after your pregnancy. If you have diabetes and are already pregnant, don't panic! Just make sure you are doing everything you can to take care of yourself and your diabetes during your pregnancy.

For Women with Gestational Diabetes More information about gestational diabetes, a type of diabetes that develops only during pregnancy, is provided in the NIDDK health topic, What I need to know about Gestational Diabetes.

*See Pronunciation Guide for tips on how to say the words in bold type.

If you have diabetes, your pregnancy is considered high risk, which means you have an increased risk of problems during your pregnancy. You need to pay special attention to your health, and you may need to see doctors who specialize in treating diabetes or its complications. Millions of high-risk pregnancies, such as those in which women are older than 35 or carrying two or more babies, produce perfectly healthy babies without affecting the mother's health.",What I need to know about Preparing for Pregnancy if I Have Diabetes
What to do for What I need to know about Preparing for Pregnancy if I Have Diabetes ?,"- If you have diabetes, the best time to control your blood glucose, also called blood sugar, is before you get pregnant. High blood glucose levels can be harmful to your baby during the first weeks of pregnancyeven before you know you are pregnant. - Keeping your blood glucose as close to normal as possible before and during your pregnancy is the most important thing you can do to stay healthy and have a healthy baby. - Before you get pregnant, you can plan and prepare for having a healthy pregnancy and a healthy baby. If you have diabetes and are already pregnant, you can make sure you are doing everything you can to take care of yourself and your diabetes during your pregnancy. - Regular visits with members of a health care team who are experts in diabetes and pregnancy will ensure you get the best care. Your health care team can help you learn how to use a healthy eating plan, physical activity, and medicines to reach your blood glucose targets before and during pregnancy. - During pregnancy, the safest diabetes medicine is insulin. Your health care team will work with you to make a personalized insulin routine. Some medicines are not safe during pregnancy and should be stopped before you get pregnant. Your doctor can tell you which medicines to stop taking. - You will have tests throughout your pregnancy to check your baby's health. - You can give your baby a healthy start by breastfeeding.",What I need to know about Preparing for Pregnancy if I Have Diabetes
What is (are) Am I at Risk for Type 2 Diabetes? Taking Steps to Lower Your Risk of Getting Diabetes ?,"Type 2 diabetes, formerly called adult-onset diabetes, is the most common type of diabetes. About 95 percent of people with diabetes have type 2. People can develop type 2 diabetes at any age, even during childhood. However, this type of diabetes develops most often in middle-aged and older people. People who are overweight and inactive are also more likely to develop type 2 diabetes.

In type 2 and other types of diabetes, you have too much glucose, also called sugar, in your blood. People with diabetes have problems converting food to energy. After a meal, food is broken down into glucose, which is carried by your blood to cells throughout your body. With the help of the hormone insulin, cells absorb glucose from your blood and use it for energy. Insulin is made in the pancreas, an organ located behind the stomach.

Type 2 diabetes usually begins with insulin resistance, a condition linked to excess weight in which your bodys cells do not use insulin properly. As a result, your body needs more insulin to help glucose enter cells. At first, your pancreas keeps up with the added demand by producing more insulin. But in time, your pancreas loses its ability to produce enough insulin, and blood glucose levels rise.

Over time, high blood glucose damages nerves and blood vessels, leading to problems such as heart disease, stroke, kidney disease, blindness, dental disease, and amputations. Other problems of diabetes may include increased risk of getting other diseases, loss of mobility with aging, depression, and pregnancy problems.

Treatment includes taking diabetes medicines, making wise food choices, being physically active on a regular basis, controlling blood pressure and cholesterol, and for some, taking aspirin daily.",Am I at Risk for Type 2 Diabetes? Taking Steps to Lower Your Risk of Getting Diabetes
How to prevent Am I at Risk for Type 2 Diabetes? Taking Steps to Lower Your Risk of Getting Diabetes ?,"Yes. The results of the Diabetes Prevention Program (DPP) proved that weight loss through moderate diet changes and physical activity can delay or prevent type 2 diabetes. The DPP was a federally funded study of 3,234 people at high risk for diabetes. This study showed that a 5-to 7-percent weight loss, which for a 200-pound person would be 10 to 14 pounds, slowed development of type 2 diabetes.

People at High Risk for Diabetes

DPP study participants were overweight and had higher than normal levels of blood glucose, a condition called prediabetes. Many had family members with type 2 diabetes. Prediabetes, obesity, and a family history of diabetes are strong risk factors for type 2 diabetes. About half of the DPP participants were from minority groups with high rates of diabetes, including African Americans, Alaska Natives, American Indians, Asian Americans, Hispanics/Latinos, and Pacific Islander Americans.

DPP participants also included others at high risk for developing type 2 diabetes, such as women with a history of gestational diabetes and people age 60 and older.

Approaches to Preventing Diabetes

The DPP tested three approaches to preventing diabetes:

- Making lifestyle changes. People in the lifestyle change group exercised, usually by walking 5 days a week for about 30 minutes a day, and lowered their intake of fat and calories. - Taking the diabetes medicine metformin. Those who took metformin also received information about physical activity and diet. - Receiving education about diabetes. The third group only received information about physical activity and diet and took a placeboa pill without medicine in it.

People in the lifestyle change group showed the best outcomes. But people who took metformin also benefited. The results showed that by losing an average of 15 pounds in the first year of the study, people in the lifestyle change group reduced their risk of developing type 2 diabetes by 58 percent over 3 years. Lifestyle change was even more effective in those age 60 and older. People in this group reduced their risk by 71 percent. But people in the metformin group also benefited, reducing their risk by 31 percent. More information about the DPP, funded under National Institutes of Health (NIH) clinical trial number NCT00004992, is available at www.bsc.gwu.edu/dpp.

Lasting Results

The Diabetes Prevention Program Outcomes Study (DPPOS) has shown that the benefits of weight loss and metformin last for at least 10 years. The DPPOS has continued to follow most DPP participants since the DPP ended in 2001. The DPPOS showed that 10 years after enrolling in the DPP,

- people in the lifestyle change group reduced their risk for developing diabetes by 34 percent - those in the lifestyle change group age 60 or older had even greater benefit, reducing their risk of developing diabetes by 49 percent - participants in the lifestyle change group also had fewer heart and blood vessel disease risk factors, including lower blood pressure and triglyceride levels, even though they took fewer medicines to control their heart disease risk - the metformin group reduced the risk of developing diabetes by 18 percent

Even though controlling your weight with lifestyle changes is challenging, it produces long-term health rewards by lowering your risk for type 2 diabetes, lowering your blood glucose levels, and reducing other heart disease risk factors. More information about the DPPOS, funded under NIH clinical trial number NCT00038727, can be found at www.bsc.gwu.edu/dpp.



Other Types of Diabetes In addition to type 2, the other main types of diabetes are type 1 diabetes and gestational diabetes. Type 1 Diabetes Type 1 diabetes, formerly called juvenile diabetes, is usually first diagnosed in children, teenagers, and young adults. In this type of diabetes, your pancreas can no longer make insulin because your bodys immune system has attacked and destroyed the cells that make it. Treatment for type 1 diabetes includes taking insulin shots or using an insulin pump, making wise food choices, being physically active on a regular basis, controlling blood pressure and cholesterol, and, for some, taking aspirin daily. Gestational Diabetes Gestational diabetes is a type of diabetes that develops only during pregnancy. Hormones produced by your placenta and other pregnancy-related factors contribute to insulin resistance, which occurs in all women during late pregnancy. Insulin resistance increases the amount of insulin needed to control blood glucose levels. If your pancreas cant produce enough insulin, gestational diabetes occurs. As with type 2 diabetes, excess weight is linked to gestational diabetes. Overweight or obese women are at particularly high risk for gestational diabetes because they start pregnancy with a higher need for insulin due to insulin resistance. Excessive weight gain during pregnancy may also increase risk. Gestational diabetes occurs more often in some ethnic groups and among women with a family history of diabetes. Although gestational diabetes usually goes away after the baby is born, a woman who has had gestational diabetes is more likely to develop type 2 diabetes later in life. Babies born to mothers who had gestational diabetes are also more likely to develop obesity and type 2 diabetes as they grow up.",Am I at Risk for Type 2 Diabetes? Taking Steps to Lower Your Risk of Getting Diabetes
What is (are) Am I at Risk for Type 2 Diabetes? Taking Steps to Lower Your Risk of Getting Diabetes ?,"In addition to type 2, the other main types of diabetes are type 1 diabetes and gestational diabetes.

Type 1 Diabetes

Type 1 diabetes, formerly called juvenile diabetes, is usually first diagnosed in children, teenagers, and young adults. In this type of diabetes, your pancreas can no longer make insulin because your bodys immune system has attacked and destroyed the cells that make it. Treatment for type 1 diabetes includes taking insulin shots or using an insulin pump, making wise food choices, being physically active on a regular basis, controlling blood pressure and cholesterol, and, for some, taking aspirin daily.

Gestational Diabetes

Gestational diabetes is a type of diabetes that develops only during pregnancy. Hormones produced by your placenta and other pregnancy-related factors contribute to insulin resistance, which occurs in all women during late pregnancy. Insulin resistance increases the amount of insulin needed to control blood glucose levels. If your pancreas cant produce enough insulin, gestational diabetes occurs.

As with type 2 diabetes, excess weight is linked to gestational diabetes. Overweight or obese women are at particularly high risk for gestational diabetes because they start pregnancy with a higher need for insulin due to insulin resistance. Excessive weight gain during pregnancy may also increase risk. Gestational diabetes occurs more often in some ethnic groups and among women with a family history of diabetes.

Although gestational diabetes usually goes away after the baby is born, a woman who has had gestational diabetes is more likely to develop type 2 diabetes later in life. Babies born to mothers who had gestational diabetes are also more likely to develop obesity and type 2 diabetes as they grow up.",Am I at Risk for Type 2 Diabetes? Taking Steps to Lower Your Risk of Getting Diabetes
What are the symptoms of Am I at Risk for Type 2 Diabetes? Taking Steps to Lower Your Risk of Getting Diabetes ?,"The signs and symptoms of type 2 diabetes can be so mild that you might not even notice them. Nearly 7 million people in the United States have type 2 diabetes and dont know they have the disease. Many have no signs or symptoms. Some people have symptoms but do not suspect diabetes.

Symptoms include

- increased thirst - increased hunger - fatigue - increased urination, especially at night - unexplained weight loss - blurred vision - numbness or tingling in the feet or hands - sores that do not heal

Many people do not find out they have the disease until they have diabetes problems, such as blurred vision or heart trouble. If you find out early that you have diabetes, you can get treatment to prevent damage to your body.",Am I at Risk for Type 2 Diabetes? Taking Steps to Lower Your Risk of Getting Diabetes
Who is at risk for Am I at Risk for Type 2 Diabetes? Taking Steps to Lower Your Risk of Getting Diabetes? ?,"To find out your risk for type 2 diabetes, check each item that applies to you.

- I am age 45 or older. - I am overweight or obese. - I have a parent, brother, or sister with diabetes. - My family background is African American, Alaska Native, American Indian, Asian American, Hispanic/Latino, or Pacific Islander American. - I have had gestational diabetes. - I gave birth to at least one baby weighing more than 9 pounds. - My blood pressure is 140/90 or higher, or I have been told that I have high blood pressure. - My cholesterol levels are higher than normal. My HDL, or good, cholesterol is below 35, or my triglyceride level is above 250. - I am fairly inactive. - I have polycystic ovary syndrome, also called PCOS. - On previous testing, I had prediabetesan A1C level of 5.7 to 6.4 percent, impaired fasting glucose (IFG), or impaired glucose tolerance (IGT). - I have other clinical conditions associated with insulin resistance, such as a condition called acanthosis nigricans, characterized by a dark, velvety rash around my neck or armpits. - I have a history of cardiovascular disease.

The more items you checked, the higher your risk.



Does sleep matter? Yes. Studies show that untreated sleep problems, especially sleep apnea, can increase the risk of type 2 diabetes. Sleep apnea is a common disorder in which you have pauses in breathing or shallow breaths while you sleep. Most people who have sleep apnea dont know they have it and it often goes undiagnosed. Night shift workers who have problems with sleepiness may also be at increased risk for obesity and type 2 diabetes. If you think you might have sleep problems, ask your doctor for help. More information about sleep problems is available from the National Heart Lung and Blood Institute at http://www.nhlbi.nih.gov/health/resources/sleep.",Am I at Risk for Type 2 Diabetes? Taking Steps to Lower Your Risk of Getting Diabetes
Who is at risk for Am I at Risk for Type 2 Diabetes? Taking Steps to Lower Your Risk of Getting Diabetes? ?,"You can do a lot to reduce your risk of getting type 2 diabetes. Being more physically active, reducing fat and calorie intake, and losing a little weight can help you lower your chances of developing type 2 diabetes. Taking the diabetes medicine metformin can also reduce risk, particularly in younger and heavier people with prediabetes and women who have had gestational diabetes. Lowering blood pressure and cholesterol levels also helps you stay healthy.

If you are overweight, then take these steps:

- Reach and maintain a reasonable body weight. Even a 10 or 15 pound weight loss makes a big difference. - Make wise food choices most of the time. - Be physically active every day.

If you are fairly inactive, then take this step:

- Be physically active every day.

If your blood pressure is too high, then take these steps:

- Reach and maintain a reasonable body weight. - Make wise food choices most of the time. - Reduce your sodium and alcohol intake. - Be physically active every day. - Talk with your doctor about whether you need medicine to control your blood pressure.

If your cholesterol or triglyceride levels are too high, then take these steps:

- Make wise food choices most of the time. - Be physically active every day. - Talk with your doctor about whether you need medicine to control your cholesterol levels.",Am I at Risk for Type 2 Diabetes? Taking Steps to Lower Your Risk of Getting Diabetes
Who is at risk for Am I at Risk for Type 2 Diabetes? Taking Steps to Lower Your Risk of Getting Diabetes? ?,"Making big changes in your life is hard, especially if you are faced with more than one change. You can make it easier by taking these steps:

- Make a plan to change behavior. - Decide exactly what you will do and give yourself a time frame. - Plan what you need to get ready. - Track your goals and activity on a food and activity tracker, available at http://www.niddk.nih.gov/health-information/health-communication-programs/ndep/health-care-professionals/game-plan/small-steps/Documents/GP_FoodActTracker.pdf (PDF, 349 KB) - Think about what might prevent you from reaching your goals. - Find family and friends who will support and encourage you. - Decide how you will reward yourselfa shopping trip, movie tickets, an afternoon in the parkwhen you do what you have planned.

Your doctor, a dietitian, or a counselor can help you make a plan.



Be Physically Active Every Day

Regular physical activity tackles several risk factors at once. Activity helps you lose weight; keeps your blood glucose, blood pressure, and cholesterol under control; and helps your body use insulin. People in the DPP who were physically active for 30 minutes a day, 5 days a week, reduced their risk of type 2 diabetes. Many chose brisk walking as their physical activity.

If you are not fairly active, you should start slowly. First, talk with your doctor about what kinds of physical activity are safe for you. Make a plan to increase your activity level toward the goal of being active at least 30 minutes a day most days of the week. You can increase your level of physical activity in two main ways:

1. Start an exercise program. 2. Increase your daily activity.

Start an exercise program. Pick exercises that suit you. Find a friend to walk with you or join an exercise class that will help you keep going.

- Do aerobic activities, which use your large muscles to make your heart beat faster. The large muscles are those of the upper and lower arms; upper and lower legs; and those that control head, shoulder, and hip movements. - Do activities to strengthen muscles and bone, such as lifting weights or sit-ups, two to three times a week. Find helpsuch as a video or a classto learn how to do these exercises properly.

Increase your daily activity. Choose activities you enjoy. You can work extra activity into your daily routine by doing the following:

- Increase daily activity by decreasing time spent watching TV or at the computer. Set up a reminder on your computer to take an activity break. - Take the stairs rather than an elevator or escalator. - Park at the far end of the parking lot and walk. - Get off the bus a few stops early and walk the rest of the way. - Walk or bicycle whenever you can.



Take Your Prescribed Medicines

Some people need medicine to help control their blood pressure or cholesterol levels. If you do, take your medicines as directed. Ask your doctor if you should take metformin to prevent type 2 diabetes. Metformin is a medicine that makes insulin work better and can reduce the risk of type 2 diabetes.",Am I at Risk for Type 2 Diabetes? Taking Steps to Lower Your Risk of Getting Diabetes
What to do for Am I at Risk for Type 2 Diabetes? Taking Steps to Lower Your Risk of Getting Diabetes ?,"Your eating, diet, and nutrition choices play an important role in preventing or delaying diabetes. Follow the suggestions below to reach and maintain a reasonable weight and make wise food choices most of the time. Remember that it can take time to change your habits and be patient with yourself. You can also get help from a dietitian or join a weight-loss program to support you while you reach your goals.



Reach and Maintain a Reasonable Body Weight

Your weight affects your health in many ways. Being overweight can keep your body from making and using insulin properly. Excess body weight can also cause high blood pressure. Every pound you lose lowers your risk of getting diabetes.

In addition to weight, the location of excess fat on the body can be important. A waist measurement of 40 inches or more for men and 35 inches or more for women is linked to insulin resistance and increases a persons risk for type 2 diabetes. This is true even if your BMI falls within the normal range.



Find Your BMI

The BMI is a measure of body weight relative to height. The BMI can help you find out whether you are normal weight, overweight, or obese. Use the table on pages 24 and 25 to find your BMI.

- Find your height in the left-hand column. - Move across in the same row to the number closest to your weight. - The number at the top of that column is your BMI. Check the word above your BMI to see whether you are normal weight, overweight, or obese.

The BMI has certain limitations. The BMI may overestimate body fat in athletes and others who have a muscular build and underestimate body fat in older adults and others who have lost muscle.

The BMI for children and teens must be determined based on age, height, weight, and sex. The Centers for Disease Control and Prevention (CDC) has information about BMI in children and teens, including a BMI calculator, at www.cdc.gov/nccdphp/dnpa/bmi. The CDC website also has a BMI calculator for adults. A BMI calculator from the NIH is available at www.nhlbi.nih.gov/health/educational/lose_wt/BMI/bmicalc.htm.

The NIH also has a free smartphone app for calculating BMI. You can search My BMI Calculator on your phone to find the app. The app also provides links to information about steps you can take to bring your BMI into a healthy range.",Am I at Risk for Type 2 Diabetes? Taking Steps to Lower Your Risk of Getting Diabetes
What is (are) I Can Lower My Risk for Type 2 Diabetes: A Guide for American Indians ?,"Diabetes causes blood glucose levels to be above normal. People with diabetes have problems converting food to energy. After food is eaten, it is broken down into a sugar called glucose. Glucose is then carried by the blood to cells throughout the body. The hormone insulin, made in the pancreas, helps the body change blood glucose into energy. People with diabetes, however, either no longer make enough insulin, or their insulin doesn't work properly, or both.

Type 2 diabetes

Type 2 diabetes is the most common type in American Indians. This type of diabetes can occur at any age, even during childhood. People develop type 2 diabetes because the cells in the muscles, liver, and fat do not use insulin properly. Eventually, the body cannot make enough insulin. As a result, the amount of glucose in the blood increases while the cells are starved of energy. Over time, high blood glucose damages nerves and blood vessels, leading to problems such as heart disease, stroke, blindness, kidney failure, and amputation.

Other kinds of diabetes

Type 1 diabetes

Type 1 diabetes is rare in American Indians. People develop type 1 diabetes when their bodies no longer make any insulin. Type 1 is usually first diagnosed in children or young adults but can develop at any age.

Gestational diabetes

Gestational diabetes is first diagnosed during pregnancy. It occurs when the body doesn't use insulin properly. Having an American Indian family background raises the risk of developing gestational diabetes. Although this form of diabetes usually goes away after the baby is born, a woman who has had it is more likely to develop type 2 diabetes later in life.",I Can Lower My Risk for Type 2 Diabetes: A Guide for American Indians
What are the symptoms of I Can Lower My Risk for Type 2 Diabetes: A Guide for American Indians ?,"Many people have no visible signs or symptoms of diabetes. Symptoms can also be so mild that you might not notice them. More than 5 million people in the United States have type 2 diabetes and do not know it.

- increased thirst - increased hunger - fatigue - increased urination, especially at night - unexplained weight loss - blurred vision - sores that do not heal",I Can Lower My Risk for Type 2 Diabetes: A Guide for American Indians
Who is at risk for I Can Lower My Risk for Type 2 Diabetes: A Guide for American Indians? ?,"- My mother had diabetes when I was born. - I am overweight. - I have a parent, brother, or sister with diabetes. - My family background is American Indian. - I have had gestational diabetes, or I gave birth to at least one baby weighing more than 9 pounds. - My blood pressure is 140/90 mmHg or higher, or I have been told that I have high blood pressure. - My cholesterol levels are higher than normal. My HDL cholesterol""good"" cholesterolis below 35 mg/dL, or my triglyceride level is above 250 mg/dL. - I am fairly inactive. I exercise fewer than three times a week.",I Can Lower My Risk for Type 2 Diabetes: A Guide for American Indians
Who is at risk for I Can Lower My Risk for Type 2 Diabetes: A Guide for American Indians? ?,"- Reach and maintain a reasonable body weight. - Make wise food choices most of the time. - Be physically active every day. - Take your prescribed medicines.

Doing these things can reduce your risk of developing type 2 diabetes. Keeping your blood pressure and cholesterol on target also helps you stay healthy.

If you are pregnant, plan to breastfeed your baby. Ask your health care provider for the names of people to call for help learning to breastfeed. Besides being good for your baby, breastfeeding is good for you. Studies done with the help of Pima Indian volunteers have shown that breastfeeding may lower the baby's risk of becoming overweight and getting diabetes.

Getting Started.

Making changes in your life such as eating less can be hard. You can make the changes easier by taking these steps:

- Make a plan to change something that you do. - Decide exactly what you will do and when you will do it. - Plan what you need to get ready. - Think about what might prevent you from reaching your goal. - Find family and friends who will support and encourage you. - Decide how you will reward yourselfwith a nonfood itemor activitywhen you do what you have planned.

Your health care provider, a registered dietitian, or a counselor can help you make a plan.

Reach and Maintain a Reasonable Body Weight.

Your weight affects your health in many ways. Being overweight can keep your body from making and using insulin correctly. The extra weight may also cause high blood pressure. The DPP study showed that losing even a few pounds can help lower your risk of developing type 2 diabetes, because weight loss helps your body use insulin more effectively. Every pound you lose lowers your risk of getting diabetes. In the DPP, people who lost 5 to 7 percent of their body weight lowered their risk of developing type 2 diabetes. They had less than half the risk of developing diabetes as people who didn't make lifestyle changes. A 5- to 7-percent weight loss for a 150-pound person, for example, would be about 7 to 10 pounds. If you're overweight, choose sensible ways to lose weight.

- Don't use crash diets. Instead, eat smaller servings of the foods you usually have, and limit the amount of fat you eat. - Increase your physical activity. Aim for at least 30 minutes of exercise most days of the week. Do something you enjoy, like biking or walking with a friend. - Set a reasonable weight-loss goal, such as losing about a pound a week. Aim for a long-term goal of losing the number of pounds that's right for you.

Choosing My Weight Loss Goal.

Losing 5 to 7 percent of your total weight can help lower your risk of getting type 2 diabetes. You are more likely to lose weight if:

- you're physically active - you cut down on fat and calories - Use these steps to choose a goal. Talk with your health care provider and your dietitian about your goal and how to reach it.

To find your weight loss goal for losing about 5 to 7 percent of your weight, find the weight closest to yours on the chart below. Follow the row across to see how many pounds you need to lose.

Your weight in pounds 5 percent loss in pounds* 7 percent loss in pounds** 150 8 11 175 9 12 200 10 14 225 11 16 250 13 18 275 14 19 300 15 21 325 16 23 350 18 25

*To find your exact weight loss goal in pounds for a 5 percent loss, multiply your weight by .05.

**To find your exact weight loss goal in pounds for a 7 percent loss, multiply your weight by .07.

Write your weight loss goal here:

To lower my risk of getting type 2 diabetes, my goal is to lose about ___________ pounds.

Write down what you will do to lose weight. I will:





















































Choose a date to start your plan for losing weight and write it here:

Start date: ___________________

Look ahead to when you think you can meet your goal. Allow about a week for each pound or half-pound you'd like to lose. Write the date for meeting your goal here:

End date: ___________________

Make Wise Food Choices Most of The Time

What you eat has a big impact on your health. By making wise food choices, you can help control your body weight, blood glucose, blood pressure, and cholesterol.

- Keep track of what you eat and drink. People who keep track are more successful in losing weight. You can use the Daily Food and Drink Tracker to write down what you eat and drink. - Take a look at the serving sizes of the foods you eat. Reduce serving sizes of main courses, meat, desserts, and other foods high in fat. Increase the amount of fruits and vegetables at every meal. Below is a chart for choosing sensible serving sizes using your hand as a measuring guide. Because your hand is proportioned to the rest of your body, it can be used to measure a healthy serving size for your body. Remember, the chart is only a guide. Choose your serving sizes and foods wisely. - Limit your fat intake to about 25 percent of your total calories. Your health care provider or dietitian can help you figure out how many grams of fat to have every day. You can check food labels for fat content. For example, if your food choices add up to about 2,000 calories a day, try to eat no more than 56 grams of fat. See Ways to Lower The Amount of Fat in Your Meals and Snacks. - Cut down on calories by eating smaller servings and by cutting back on fat. People in the DPP lifestyle change group lowered their daily calorie total by an average of about 450 calories. Your health care provider or dietitian can work with you to develop a meal plan that helps you lose weight. - Choose healthy commodity foods (items provided by the government to help people consume a nutritious diet), including those lower in fat. - When you meet your goal, reward yourself with something special, like a new outfit or a movie.

Choose Sensible Serving Sizes

Amount of food Types of food Size of one serving (the same size as:) 3 ounces meat, chicken, turkey, or fish the palm of a hand or a deck of cards 1 cup cooked vegetables salads casseroles or stews, such as chili with beans milk an average-sized fist 1/2 cup fruit or fruit juice starchy vegetables, such as potatoes or corn pinto beans and other dried beans rice or noodles cereal half of an average-sized fist 1 ounce snack food one handful 1 Tablespoon salad dressing the tip of a thumb 1 teaspoon margarine a fingertip



Ways to Lower The Amount of Fat in Your Meals and Snacks

- Choose lower-fat foods. Example: Instead of sunflower seeds (20 grams of fat), choose pretzels (1 gram). Savings: 19 grams. - Use low-fat versions of foods. Example: Instead of regular margarine (5 grams of fat), use low-fat margarine (2 grams). Savings: 3 grams. - Use low-fat seasonings. Example: Instead of putting butter and sour cream on your baked potato (20 grams of fat), have salsa (0 grams). Savings: 20 grams. - Cook with less fat. Example: Instead of making fried chicken (31 grams of fat), roast or grill the chicken (9 grams). Savings: 22 grams.

Remember that low-fat or fat-free products still contain calories. Be careful about how much you eat. In fact, some low-fat or fat-free products are high in calories. Check the food label

Be Physically Active Every Day

- Keep track of what you do for exercise and how long you do it. Use the Daily Physical Activity Tracker to keep track of your physical activity. - Aim for at least 30 minutes of physical activity a day most days of the week. - Incorporate physical activity into plans with family and friends. Set a good example for your children. Play softball on weekends. Go on a family hike. - Be active every day. For example, walk to the store, clean the house, or work in the garden, rather than watch TV.

Getting Started on a Walking Routine

Walking is a great way to be physically active. Before you get started, talk with your health care provider about whether it's OK for you to walk for exercise. Then get comfortable shoes that provide good support. You can use the Daily Physical Activity Tracker to start your routine gradually. Try to walk at least 5 times a week. Build up little by little to 30 minutes a day of brisk walking.

My Walking Program

Week number Warm-up time (minutes) Walk slowl",I Can Lower My Risk for Type 2 Diabetes: A Guide for American Indians
What is (are) Causes of Diabetes ?,"Diabetes is a complex group of diseases with a variety of causes. People with diabetes have high blood glucose, also called high blood sugar or hyperglycemia.

Diabetes is a disorder of metabolismthe way the body uses digested food for energy. The digestive tract breaks down carbohydratessugars and starches found in many foodsinto glucose, a form of sugar that enters the bloodstream. With the help of the hormone insulin, cells throughout the body absorb glucose and use it for energy. Diabetes develops when the body doesnt make enough insulin or is not able to use insulin effectively, or both.

Insulin is made in the pancreas, an organ located behind the stomach. The pancreas contains clusters of cells called islets. Beta cells within the islets make insulin and release it into the blood.

If beta cells dont produce enough insulin, or the body doesnt respond to the insulin that is present, glucose builds up in the blood instead of being absorbed by cells in the body, leading to prediabetes or diabetes. Prediabetes is a condition in which blood glucose levels or A1C levelswhich reflect average blood glucose levelsare higher than normal but not high enough to be diagnosed as diabetes. In diabetes, the bodys cells are starved of energy despite high blood glucose levels.

Over time, high blood glucose damages nerves and blood vessels, leading to complications such as heart disease, stroke, kidney disease, blindness, dental disease, and amputations. Other complications of diabetes may include increased susceptibility to other diseases, loss of mobility with aging, depression, and pregnancy problems. No one is certain what starts the processes that cause diabetes, but scientists believe genes and environmental factors interact to cause diabetes in most cases.

The two main types of diabetes are type 1 diabetes and type 2 diabetes. A third type, gestational diabetes, develops only during pregnancy. Other types of diabetes are caused by defects in specific genes, diseases of the pancreas, certain drugs or chemicals, infections, and other conditions. Some people show signs of both type 1 and type 2 diabetes.",Causes of Diabetes
What causes Causes of Diabetes ?,"Type 1 diabetes is caused by a lack of insulin due to the destruction of insulin-producing beta cells in the pancreas. In type 1 diabetesan autoimmune diseasethe bodys immune system attacks and destroys the beta cells. Normally, the immune system protects the body from infection by identifying and destroying bacteria, viruses, and other potentially harmful foreign substances. But in autoimmune diseases, the immune system attacks the bodys own cells. In type 1 diabetes, beta cell destruction may take place over several years, but symptoms of the disease usually develop over a short period of time.

Type 1 diabetes typically occurs in children and young adults, though it can appear at any age. In the past, type 1 diabetes was called juvenile diabetes or insulin-dependent diabetes mellitus.

Latent autoimmune diabetes in adults (LADA) may be a slowly developing kind of type 1 diabetes. Diagnosis usually occurs after age 30. In LADA, as in type 1 diabetes, the bodys immune system destroys the beta cells. At the time of diagnosis, people with LADA may still produce their own insulin, but eventually most will need insulin shots or an insulin pump to control blood glucose levels.

Genetic Susceptibility

Heredity plays an important part in determining who is likely to develop type 1 diabetes. Genes are passed down from biological parent to child. Genes carry instructions for making proteins that are needed for the bodys cells to function. Many genes, as well as interactions among genes, are thought to influence susceptibility to and protection from type 1 diabetes. The key genes may vary in different population groups. Variations in genes that affect more than 1 percent of a population group are called gene variants.

Certain gene variants that carry instructions for making proteins called human leukocyte antigens (HLAs) on white blood cells are linked to the risk of developing type 1 diabetes. The proteins produced by HLA genes help determine whether the immune system recognizes a cell as part of the body or as foreign material. Some combinations of HLA gene variants predict that a person will be at higher risk for type 1 diabetes, while other combinations are protective or have no effect on risk.

While HLA genes are the major risk genes for type 1 diabetes, many additional risk genes or gene regions have been found. Not only can these genes help identify people at risk for type 1 diabetes, but they also provide important clues to help scientists better understand how the disease develops and identify potential targets for therapy and prevention.

Genetic testing can show what types of HLA genes a person carries and can reveal other genes linked to diabetes. However, most genetic testing is done in a research setting and is not yet available to individuals. Scientists are studying how the results of genetic testing can be used to improve type 1 diabetes prevention or treatment.

Autoimmune Destruction of Beta Cells

In type 1 diabetes, white blood cells called T cells attack and destroy beta cells. The process begins well before diabetes symptoms appear and continues after diagnosis. Often, type 1 diabetes is not diagnosed until most beta cells have already been destroyed. At this point, a person needs daily insulin treatment to survive. Finding ways to modify or stop this autoimmune process and preserve beta cell function is a major focus of current scientific research.

Recent research suggests insulin itself may be a key trigger of the immune attack on beta cells. The immune systems of people who are susceptible to developing type 1 diabetes respond to insulin as if it were a foreign substance, or antigen. To combat antigens, the body makes proteins called antibodies. Antibodies to insulin and other proteins produced by beta cells are found in people with type 1 diabetes. Researchers test for these antibodies to help identify people at increased risk of developing the disease. Testing the types and levels of antibodies in the blood can help determine whether a person has type 1 diabetes, LADA, or another type of diabetes.

Environmental Factors

Environmental factors, such as foods, viruses, and toxins, may play a role in the development of type 1 diabetes, but the exact nature of their role has not been determined. Some theories suggest that environmental factors trigger the autoimmune destruction of beta cells in people with a genetic susceptibility to diabetes. Other theories suggest that environmental factors play an ongoing role in diabetes, even after diagnosis.

Viruses and infections. A virus cannot cause diabetes on its own, but people are sometimes diagnosed with type 1 diabetes during or after a viral infection, suggesting a link between the two. Also, the onset of type 1 diabetes occurs more frequently during the winter when viral infections are more common. Viruses possibly associated with type 1 diabetes include coxsackievirus B, cytomegalovirus, adenovirus, rubella, and mumps. Scientists have described several ways these viruses may damage or destroy beta cells or possibly trigger an autoimmune response in susceptible people. For example, anti-islet antibodies have been found in patients with congenital rubella syndrome, and cytomegalovirus has been associated with significant beta cell damage and acute pancreatitisinflammation of the pancreas. Scientists are trying to identify a virus that can cause type 1 diabetes so that a vaccine might be developed to prevent the disease.

Infant feeding practices. Some studies have suggested that dietary factors may raise or lower the risk of developing type 1 diabetes. For example, breastfed infants and infants receiving vitamin D supplements may have a reduced risk of developing type 1 diabetes, while early exposure to cows milk and cereal proteins may increase risk. More research is needed to clarify how infant nutrition affects the risk for type 1 diabetes.

Read more in the Centers for Disease Control and Preventions (CDCs) publication National Diabetes Statistics Report, 2014 at www.cdc.gov for information about research studies related to type 1 diabetes.",Causes of Diabetes
What causes Causes of Diabetes ?,"Type 2 diabetesthe most common form of diabetesis caused by a combination of factors, including insulin resistance, a condition in which the bodys muscle, fat, and liver cells do not use insulin effectively. Type 2 diabetes develops when the body can no longer produce enough insulin to compensate for the impaired ability to use insulin. Symptoms of type 2 diabetes may develop gradually and can be subtle; some people with type 2 diabetes remain undiagnosed for years.

Type 2 diabetes develops most often in middle-aged and older people who are also overweight or obese. The disease, once rare in youth, is becoming more common in overweight and obese children and adolescents. Scientists think genetic susceptibility and environmental factors are the most likely triggers of type 2 diabetes.

Genetic Susceptibility

Genes play a significant part in susceptibility to type 2 diabetes. Having certain genes or combinations of genes may increase or decrease a persons risk for developing the disease. The role of genes is suggested by the high rate of type 2 diabetes in families and identical twins and wide variations in diabetes prevalence by ethnicity. Type 2 diabetes occurs more frequently in African Americans, Alaska Natives, American Indians, Hispanics/Latinos, and some Asian Americans, Native Hawaiians, and Pacific Islander Americans than it does in non-Hispanic whites.

Recent studies have combined genetic data from large numbers of people, accelerating the pace of gene discovery. Though scientists have now identified many gene variants that increase susceptibility to type 2 diabetes, the majority have yet to be discovered. The known genes appear to affect insulin production rather than insulin resistance. Researchers are working to identify additional gene variants and to learn how they interact with one another and with environmental factors to cause diabetes.

Studies have shown that variants of the TCF7L2 gene increase susceptibility to type 2 diabetes. For people who inherit two copies of the variants, the risk of developing type 2 diabetes is about 80 percent higher than for those who do not carry the gene variant.1 However, even in those with the variant, diet and physical activity leading to weight loss help delay diabetes, according to the Diabetes Prevention Program (DPP), a major clinical trial involving people at high risk.

Genes can also increase the risk of diabetes by increasing a persons tendency to become overweight or obese. One theory, known as the thrifty gene hypothesis, suggests certain genes increase the efficiency of metabolism to extract energy from food and store the energy for later use. This survival trait was advantageous for populations whose food supplies were scarce or unpredictable and could help keep people alive during famine. In modern times, however, when high-calorie foods are plentiful, such a trait can promote obesity and type 2 diabetes.

Obesity and Physical Inactivity

Physical inactivity and obesity are strongly associated with the development of type 2 diabetes. People who are genetically susceptible to type 2 diabetes are more vulnerable when these risk factors are present.

An imbalance between caloric intake and physical activity can lead to obesity, which causes insulin resistance and is common in people with type 2 diabetes. Central obesity, in which a person has excess abdominal fat, is a major risk factor not only for insulin resistance and type 2 diabetes but also for heart and blood vessel disease, also called cardiovascular disease (CVD). This excess belly fat produces hormones and other substances that can cause harmful, chronic effects in the body such as damage to blood vessels.

The DPP and other studies show that millions of people can lower their risk for type 2 diabetes by making lifestyle changes and losing weight. The DPP proved that people with prediabetesat high risk of developing type 2 diabetescould sharply lower their risk by losing weight through regular physical activity and a diet low in fat and calories. In 2009, a follow-up study of DPP participantsthe Diabetes Prevention Program Outcomes Study (DPPOS)showed that the benefits of weight loss lasted for at least 10 years after the original study began.2

Read more about the DPP, funded under National Institutes of Health (NIH) clinical trial number NCT00004992, and the DPPOS, funded under NIH clinical trial number NCT00038727 in Diabetes Prevention Program.

Insulin Resistance

Insulin resistance is a common condition in people who are overweight or obese, have excess abdominal fat, and are not physically active. Muscle, fat, and liver cells stop responding properly to insulin, forcing the pancreas to compensate by producing extra insulin. As long as beta cells are able to produce enough insulin, blood glucose levels stay in the normal range. But when insulin production falters because of beta cell dysfunction, glucose levels rise, leading to prediabetes or diabetes.

Abnormal Glucose Production by the Liver

In some people with diabetes, an abnormal increase in glucose production by the liver also contributes to high blood glucose levels. Normally, the pancreas releases the hormone glucagon when blood glucose and insulin levels are low. Glucagon stimulates the liver to produce glucose and release it into the bloodstream. But when blood glucose and insulin levels are high after a meal, glucagon levels drop, and the liver stores excess glucose for later, when it is needed. For reasons not completely understood, in many people with diabetes, glucagon levels stay higher than needed. High glucagon levels cause the liver to produce unneeded glucose, which contributes to high blood glucose levels. Metformin, the most commonly used drug to treat type 2 diabetes, reduces glucose production by the liver.

The Roles of Insulin and Glucagon in Normal Blood Glucose Regulation

A healthy persons body keeps blood glucose levels in a normal range through several complex mechanisms. Insulin and glucagon, two hormones made in the pancreas, help regulate blood glucose levels:

- Insulin, made by beta cells, lowers elevated blood glucose levels. - Glucagon, made by alpha cells, raises low blood glucose levels.

- Insulin helps muscle, fat, and liver cells absorb glucose from the bloodstream, lowering blood glucose levels. - Insulin stimulates the liver and muscle tissue to store excess glucose. The stored form of glucose is called glycogen. - Insulin also lowers blood glucose levels by reducing glucose production in the liver.

- Glucagon signals the liver and muscle tissue to break down glycogen into glucose, which enters the bloodstream and raises blood glucose levels. - If the body needs more glucose, glucagon stimulates the liver to make glucose from amino acids.

Metabolic Syndrome

Metabolic syndrome, also called insulin resistance syndrome, refers to a group of conditions common in people with insulin resistance, including

- higher than normal blood glucose levels - increased waist size due to excess abdominal fat - high blood pressure - abnormal levels of cholesterol and triglycerides in the blood

Cell Signaling and Regulation

Cells communicate through a complex network of molecular signaling pathways. For example, on cell surfaces, insulin receptor molecules capture, or bind, insulin molecules circulating in the bloodstream. This interaction between insulin and its receptor prompts the biochemical signals that enable the cells to absorb glucose from the blood and use it for energy.

Problems in cell signaling systems can set off a chain reaction that leads to diabetes or other diseases. Many studies have focused on how insulin signals cells to communicate and regulate action. Researchers have identified proteins and pathways that transmit the insulin signal and have mapped interactions between insulin and body tissues, including the way insulin helps the liver control blood glucose levels. Researchers have also found that key signals also come from fat cells, which produce substances that cause inflammation and insulin resistance.

This work holds the key to combating insulin resistance and diabetes. As scientists learn more about cell signaling systems involved in glucose regulation, they will have more opportunities to develop effective treatments.

Beta Cell Dysfunction

Scientists think beta cell dysfunction is a key contributor to type 2 diabetes. Beta cell impairment can cause inadequate or abnormal patterns of insulin release. Also, beta cells may be damaged by high blood glucose itself, a condition called glucose toxicity.

Scientists have not determined the causes of beta cell dysfunction in most cases. Single gene defects lead to specific forms of diabetes called maturity-onset diabetes of the young (MODY). The genes involved regulate insulin production in the beta cells. Although these forms of diabetes are rare, they provide clues as to how beta cell function may be affected by key regulatory factors. Other gene variants are involved in determining the number and function of beta cells. But these variants account for only a small percentage of type 2 diabetes cases. Malnutrition early in life is also being investigated as a cause of beta cell dysfunction. The metabolic environment of the developing fetus may also create a predisposition for diabetes later in life.

Risk Factors for Type 2 Diabetes

People who develop type 2 diabetes are more likely to have the following characteristics:

- age 45 or older - overweight or obese - physically inactive - parent or sibling with diabetes - family background that is African American, Alaska Native, American Indian, Asian American, Hispanic/Latino, or Pacific Islander American - history of giving birth to a baby weighing more than 9 pounds - history of gestational diabetes - high blood pressure140/90 or aboveor being treated for high blood pressure - high-density lipoprotein (HDL), or good, cholesterol below 35 milligrams per deciliter (mg/dL), or a triglyceride level above 250 mg/dL - polycystic ovary syndrome, also called PCOS - prediabetesan A1C level of 5.7 to 6.4 percent; a fasting plasma glucose test result of 100125 mg/dL, called impaired fasting glucose; or a 2-hour oral glucose tolerance test result of 140199, called impaired glucose tolerance - acanthosis nigricans, a condition associated with insulin resistance, characterized by a dark, velvety rash around the neck or armpits - history of CVD

The American Diabetes Association (ADA) recommends that testing to detect prediabetes and type 2 diabetes be considered in adults who are overweight or obese and have one or more additional risk factors for diabetes. In adults without these risk factors, testing should begin at age 45.",Causes of Diabetes
What causes Causes of Diabetes ?,"Insulin Resistance and Beta Cell Dysfunction

Hormones produced by the placenta and other pregnancy-related factors contribute to insulin resistance, which occurs in all women during late pregnancy. Insulin resistance increases the amount of insulin needed to control blood glucose levels. If the pancreas cant produce enough insulin due to beta cell dysfunction, gestational diabetes occurs.

As with type 2 diabetes, excess weight is linked to gestational diabetes. Overweight or obese women are at particularly high risk for gestational diabetes because they start pregnancy with a higher need for insulin due to insulin resistance. Excessive weight gain during pregnancy may also increase risk.

Family History

Having a family history of diabetes is also a risk factor for gestational diabetes, suggesting that genes play a role in its development. Genetics may also explain why the disorder occurs more frequently in African Americans, American Indians, and Hispanics/Latinos. Many gene variants or combinations of variants may increase a womans risk for developing gestational diabetes. Studies have found several gene variants associated with gestational diabetes, but these variants account for only a small fraction of women with gestational diabetes.

Future Risk of Type 2 Diabetes

Because a womans hormones usually return to normal levels soon after giving birth, gestational diabetes disappears in most women after delivery. However, women who have gestational diabetes are more likely to develop gestational diabetes with future pregnancies and develop type 2 diabetes.3 Women with gestational diabetes should be tested for persistent diabetes 6 to 12 weeks after delivery and at least every 3 years thereafter.

Also, exposure to high glucose levels during gestation increases a childs risk for becoming overweight or obese and for developing type 2 diabetes later on. The result may be a cycle of diabetes affecting multiple generations in a family. For both mother and child, maintaining a healthy body weight and being physically active may help prevent type 2 diabetes.",Causes of Diabetes
What causes Causes of Diabetes ?,"Other types of diabetes have a variety of possible causes.

Genetic Mutations Affecting Beta Cells, Insulin, and Insulin Action

Some relatively uncommon forms of diabetes known as monogenic diabetes are caused by mutations, or changes, in a single gene. These mutations are usually inherited, but sometimes the gene mutation occurs spontaneously. Most of these gene mutations cause diabetes by reducing beta cells ability to produce insulin.

The most common types of monogenic diabetes are neonatal diabetes mellitus (NDM) and MODY. NDM occurs in the first 6 months of life. MODY is usually found during adolescence or early adulthood but sometimes is not diagnosed until later in life. More information about NDM and MODY is provided in the NIDDK health topic, Monogenic Forms of Diabetes.

Other rare genetic mutations can cause diabetes by damaging the quality of insulin the body produces or by causing abnormalities in insulin receptors.

Other Genetic Diseases

Diabetes occurs in people with Down syndrome, Klinefelter syndrome, and Turner syndrome at higher rates than the general population. Scientists are investigating whether genes that may predispose people to genetic syndromes also predispose them to diabetes.

The genetic disorders cystic fibrosis and hemochromatosis are linked to diabetes. Cystic fibrosis produces abnormally thick mucus, which blocks the pancreas. The risk of diabetes increases with age in people with cystic fibrosis. Hemochromatosis causes the body to store too much iron. If the disorder is not treated, iron can build up in and damage the pancreas and other organs.

Damage to or Removal of the Pancreas

Pancreatitis, cancer, and trauma can all harm the pancreatic beta cells or impair insulin production, thus causing diabetes. If the damaged pancreas is removed, diabetes will occur due to the loss of the beta cells.

Endocrine Diseases

Endocrine diseases affect organs that produce hormones. Cushings syndrome and acromegaly are examples of hormonal disorders that can cause prediabetes and diabetes by inducing insulin resistance. Cushings syndrome is marked by excessive production of cortisolsometimes called the stress hormone. Acromegaly occurs when the body produces too much growth hormone. Glucagonoma, a rare tumor of the pancreas, can also cause diabetes. The tumor causes the body to produce too much glucagon. Hyperthyroidism, a disorder that occurs when the thyroid gland produces too much thyroid hormone, can also cause elevated blood glucose levels.

Autoimmune Disorders

Rare disorders characterized by antibodies that disrupt insulin action can lead to diabetes. This kind of diabetes is often associated with other autoimmune disorders such as lupus erythematosus. Another rare autoimmune disorder called stiff-man syndrome is associated with antibodies that attack the beta cells, similar to type 1 diabetes.

Medications and Chemical Toxins

Some medications, such as nicotinic acid and certain types of diuretics, anti-seizure drugs, psychiatric drugs, and drugs to treat human immunodeficiency virus (HIV), can impair beta cells or disrupt insulin action. Pentamidine, a drug prescribed to treat a type of pneumonia, can increase the risk of pancreatitis, beta cell damage, and diabetes. Also, glucocorticoidssteroid hormones that are chemically similar to naturally produced cortisolmay impair insulin action. Glucocorticoids are used to treat inflammatory illnesses such as rheumatoid arthritis, asthma, lupus, and ulcerative colitis.

Many chemical toxins can damage or destroy beta cells in animals, but only a few have been linked to diabetes in humans. For example, dioxina contaminant of the herbicide Agent Orange, used during the Vietnam Warmay be linked to the development of type 2 diabetes. In 2000, based on a report from the Institute of Medicine, the U.S. Department of Veterans Affairs (VA) added diabetes to the list of conditions for which Vietnam veterans are eligible for disability compensation. Also, a chemical in a rat poison no longer in use has been shown to cause diabetes if ingested. Some studies suggest a high intake of nitrogen-containing chemicals such as nitrates and nitrites might increase the risk of diabetes. Arsenic has also been studied for possible links to diabetes.

Lipodystrophy

Lipodystrophy is a condition in which fat tissue is lost or redistributed in the body. The condition is associated with insulin resistance and type 2 diabetes.",Causes of Diabetes
What causes Causes of Diabetes ?,"Other types of diabetes have a variety of possible causes.

Genetic Mutations Affecting Beta Cells, Insulin, and Insulin Action

Some relatively uncommon forms of diabetes known as monogenic diabetes are caused by mutations, or changes, in a single gene. These mutations are usually inherited, but sometimes the gene mutation occurs spontaneously. Most of these gene mutations cause diabetes by reducing beta cells ability to produce insulin.

The most common types of monogenic diabetes are neonatal diabetes mellitus (NDM) and MODY. NDM occurs in the first 6 months of life. MODY is usually found during adolescence or early adulthood but sometimes is not diagnosed until later in life. More information about NDM and MODY is provided in the NIDDK health topic, Monogenic Forms of Diabetes.

Other rare genetic mutations can cause diabetes by damaging the quality of insulin the body produces or by causing abnormalities in insulin receptors.

Other Genetic Diseases

Diabetes occurs in people with Down syndrome, Klinefelter syndrome, and Turner syndrome at higher rates than the general population. Scientists are investigating whether genes that may predispose people to genetic syndromes also predispose them to diabetes.

The genetic disorders cystic fibrosis and hemochromatosis are linked to diabetes. Cystic fibrosis produces abnormally thick mucus, which blocks the pancreas. The risk of diabetes increases with age in people with cystic fibrosis. Hemochromatosis causes the body to store too much iron. If the disorder is not treated, iron can build up in and damage the pancreas and other organs.

Damage to or Removal of the Pancreas

Pancreatitis, cancer, and trauma can all harm the pancreatic beta cells or impair insulin production, thus causing diabetes. If the damaged pancreas is removed, diabetes will occur due to the loss of the beta cells.

Endocrine Diseases

Endocrine diseases affect organs that produce hormones. Cushings syndrome and acromegaly are examples of hormonal disorders that can cause prediabetes and diabetes by inducing insulin resistance. Cushings syndrome is marked by excessive production of cortisolsometimes called the stress hormone. Acromegaly occurs when the body produces too much growth hormone. Glucagonoma, a rare tumor of the pancreas, can also cause diabetes. The tumor causes the body to produce too much glucagon. Hyperthyroidism, a disorder that occurs when the thyroid gland produces too much thyroid hormone, can also cause elevated blood glucose levels.

Autoimmune Disorders

Rare disorders characterized by antibodies that disrupt insulin action can lead to diabetes. This kind of diabetes is often associated with other autoimmune disorders such as lupus erythematosus. Another rare autoimmune disorder called stiff-man syndrome is associated with antibodies that attack the beta cells, similar to type 1 diabetes.

Medications and Chemical Toxins

Some medications, such as nicotinic acid and certain types of diuretics, anti-seizure drugs, psychiatric drugs, and drugs to treat human immunodeficiency virus (HIV), can impair beta cells or disrupt insulin action. Pentamidine, a drug prescribed to treat a type of pneumonia, can increase the risk of pancreatitis, beta cell damage, and diabetes. Also, glucocorticoidssteroid hormones that are chemically similar to naturally produced cortisolmay impair insulin action. Glucocorticoids are used to treat inflammatory illnesses such as rheumatoid arthritis, asthma, lupus, and ulcerative colitis.

Many chemical toxins can damage or destroy beta cells in animals, but only a few have been linked to diabetes in humans. For example, dioxina contaminant of the herbicide Agent Orange, used during the Vietnam Warmay be linked to the development of type 2 diabetes. In 2000, based on a report from the Institute of Medicine, the U.S. Department of Veterans Affairs (VA) added diabetes to the list of conditions for which Vietnam veterans are eligible for disability compensation. Also, a chemical in a rat poison no longer in use has been shown to cause diabetes if ingested. Some studies suggest a high intake of nitrogen-containing chemicals such as nitrates and nitrites might increase the risk of diabetes. Arsenic has also been studied for possible links to diabetes.

Lipodystrophy

Lipodystrophy is a condition in which fat tissue is lost or redistributed in the body. The condition is associated with insulin resistance and type 2 diabetes.",Causes of Diabetes
What to do for Causes of Diabetes ?,"- Diabetes is a complex group of diseases with a variety of causes. Scientists believe genes and environmental factors interact to cause diabetes in most cases. - People with diabetes have high blood glucose, also called high blood sugar or hyperglycemia. Diabetes develops when the body doesnt make enough insulin or is not able to use insulin effectively, or both. - Insulin is a hormone made by beta cells in the pancreas. Insulin helps cells throughout the body absorb and use glucose for energy. If the body does not produce enough insulin or cannot use insulin effectively, glucose builds up in the blood instead of being absorbed by cells in the body, and the body is starved of energy. - Prediabetes is a condition in which blood glucose levels or A1C levels are higher than normal but not high enough to be diagnosed as diabetes. People with prediabetes can substantially reduce their risk of developing diabetes by losing weight and increasing physical activity. - The two main types of diabetes are type 1 diabetes and type 2 diabetes. Gestational diabetes is a third form of diabetes that develops only during pregnancy. - Type 1 diabetes is caused by a lack of insulin due to the destruction of insulin-producing beta cells. In type 1 diabetesan autoimmune diseasethe bodys immune system attacks and destroys the beta cells. - Type 2 diabetesthe most common form of diabetesis caused by a combination of factors, including insulin resistance, a condition in which the bodys muscle, fat, and liver cells do not use insulin effectively. Type 2 diabetes develops when the body can no longer produce enough insulin to compensate for the impaired ability to use insulin. - Scientists believe gestational diabetes is caused by the hormonal changes and metabolic demands of pregnancy together with genetic and environmental factors. Risk factors for gestational diabetes include being overweight and having a family history of diabetes. - Monogenic forms of diabetes are relatively uncommon and are caused by mutations in single genes that limit insulin production, quality, or action in the body. - Other types of diabetes are caused by diseases and injuries that damage the pancreas; certain chemical toxins and medications; infections; and other conditions.",Causes of Diabetes
What is (are) Prevent diabetes problems: Keep your mouth healthy ?,"The following chart shows the most common mouth problems from diabetes.



Problem What It Is Symptoms Treatment gingivitis - unhealthy or inflamed gums - red, swollen, and bleeding gums - daily brushing and flossing - regular cleanings at the dentist periodontitis - gum disease, which can change from mild to severe - red, swollen, and bleeding gums - gums that have pulled away from the teeth - long-lasting infection between the teeth and gums - bad breath that wont go away - permanent teeth that are loose or moving away from one another - changes in the way your teeth fit together when you bite - sometimes pus between the teeth and gums - changes in the fit of dentures, which are teeth you can remove - deep cleaning at your dentist - medicine that your dentist prescribes - gum surgery in severe cases thrush, called candidiasis - the growth of a naturally occurring fungus that the body is unable to control - sore, whiteor sometimes redpatches on your gums, tongue, cheeks, or the roof of your mouth - patches that have turned into open sores - medicine that your doctor or dentist prescribes to kill the fungus - cleaning dentures - removing dentures for part of the day or night, and soaking them in medicine that your doctor or dentist prescribes dry mouth, called xerostomia - a lack of saliva in your mouth, which raises your risk for tooth decay and gum disease - dry feeling in your mouth, often or all of the time - dry, rough tongue - pain in the mouth - cracked lips - mouth sores or infection - problems chewing, eating, swallowing, or talking - taking medicine to keep your mouth wet that your doctor or dentist prescribes - rinsing with afluoride mouth rinse to prevent cavities - using sugarless gum or mints to increase saliva flow - taking frequent sips of water - avoiding tobacco, caffeine, and alcoholic beverages - using ahumidifier,a device that raises the level of moisture in your home, at night - avoiding spicy or salty foods that may cause pain in a dry mouth oral burning - a burning sensation inside the mouth caused by uncontrolled blood glucose levels - burning feeling in the mouth - dry mouth - bitter taste - symptoms may worsen throughout the day - seeing your doctor, who may change your diabetes medicine - once your blood glucose is under control, the oral burning will go away





More symptoms of a problem in your mouth are - a sore, or an ulcer, that does not heal - dark spots or holes in your teeth - pain in your mouth, face, or jaw that doesnt go away - loose teeth - pain when chewing - a changed sense of taste or a bad taste in your mouth - bad breath that doesnt go away when you brush your teeth",Prevent diabetes problems: Keep your mouth healthy
What is (are) Diagnosis of Diabetes and Prediabetes ?,"Diabetes is a complex group of diseases with a variety of causes. People with diabetes have high blood glucose, also called high blood sugar or hyperglycemia.

Diabetes is a disorder of metabolismthe way the body uses digested food for energy. The digestive tract breaks down carbohydratessugars and starches found in many foodsinto glucose, a form of sugar that enters the bloodstream. With the help of the hormone insulin, cells throughout the body absorb glucose and use it for energy. Insulin is made in the pancreas, an organ located behind the stomach. As the blood glucose level rises after a meal, the pancreas is triggered to release insulin. Within the pancreas, clusters of cells called islets contain beta cells, which make the insulin and release it into the blood.

Diabetes develops when the body doesnt make enough insulin or is not able to use insulin effectively, or both. As a result, glucose builds up in the blood instead of being absorbed by cells in the body. The bodys cells are then starved of energy despite high blood glucose levels.

Over time, high blood glucose damages nerves and blood vessels, leading to complications such as heart disease, stroke, kidney disease, blindness, dental disease, and amputations. Other complications of diabetes may include increased susceptibility to other diseases, loss of mobility with aging, depression, and pregnancy problems.

Main Types of Diabetes

The three main types of diabetes are type 1, type 2, and gestational diabetes:

- Type 1 diabetes, formerly called juvenile diabetes, is usually first diagnosed in children, teenagers, and young adults. In this type of diabetes, the beta cells of the pancreas no longer make insulin because the bodys immune system has attacked and destroyed them. - Type 2 diabetes, formerly called adult-onset diabetes, is the most common type of diabetes. About 90 to 95 percent of people with diabetes have type 2.1 People can develop type 2 diabetes at any age, even during childhood, but this type of diabetes is most often associated with older age. Type 2 diabetes is also associated with excess weight, physical inactivity, family history of diabetes, previous history of gestational diabetes, and certain ethnicities. Type 2 diabetes usually begins with insulin resistance, a condition linked to excess weight in which muscle, liver, and fat cells do not use insulin properly. As a result, the body needs more insulin to help glucose enter cells to be used for energy. At first, the pancreas keeps up with the added demand by producing more insulin. But in time, the pancreas loses its ability to produce enough insulin in response to meals, and blood glucose levels rise. - Gestational diabetes is a type of diabetes that develops only during pregnancy. The hormones produced during pregnancy increase the amount of insulin needed to control blood glucose levels. If the body cant meet this increased need for insulin, women can develop gestational diabetes during the late stages of pregnancy. Gestational diabetes usually goes away after the baby is born. Shortly after pregnancy, 5 to 10 percent of women with gestational diabetes continue to have high blood glucose levels and are diagnosed as having diabetes, usually type 2.1 Research has shown that lifestyle changes and the diabetes medication, metformin, can reduce or delay the risk of type 2 diabetes in these women. Babies born to mothers who had gestational diabetes are also more likely to develop obesity and type 2 diabetes as they grow up. More information about gestational diabetes is provided in the NIDDK health topic, What I need to know about Gestational Diabetes,or by calling 18008608747.

Other Types of Diabetes

Many other types of diabetes exist, and a person can exhibit characteristics of more than one type. For example, in latent autoimmune diabetes in adults, people show signs of both type 1 and type 2 diabetes. Other types of diabetes include those caused by genetic defects, diseases of the pancreas, excess amounts of certain hormones resulting from some medical conditions, medications that reduce insulin action, chemicals that destroy beta cells, infections, rare autoimmune disorders, and genetic syndromes associated with diabetes.

More information about other types of diabetes is provided in the NIDDK health topic, Causes of Diabetes, or by calling 18008608747.",Diagnosis of Diabetes and Prediabetes
What is (are) Diagnosis of Diabetes and Prediabetes ?,"Prediabetes is when blood glucose levels are higher than normal but not high enough for a diagnosis of diabetes. Prediabetes means a person is at increased risk for developing type 2 diabetes, as well as for heart disease and stroke. Many people with prediabetes develop type 2 diabetes within 10 years.

However, modest weight loss and moderate physical activity can help people with prediabetes delay or prevent type 2 diabetes.",Diagnosis of Diabetes and Prediabetes
How to diagnose Diagnosis of Diabetes and Prediabetes ?,"Blood tests are used to diagnosis diabetes and prediabetes because early in the disease type 2 diabetes may have no symptoms. All diabetes blood tests involve drawing blood at a health care providers office or commercial facility and sending the sample to a lab for analysis. Lab analysis of blood is needed to ensure test results are accurate. Glucose measuring devices used in a health care providers office, such as finger-stick devices, are not accurate enough for diagnosis but may be used as a quick indicator of high blood glucose.

Testing enables health care providers to find and treat diabetes before complications occur and to find and treat prediabetes, which can delay or prevent type 2 diabetes from developing.

Any one of the following tests can be used for diagnosis:*

- an A1C test, also called the hemoglobin A1c, HbA1c, or glycohemoglobin test - a fasting plasma glucose (FPG) test - an oral glucose tolerance test (OGTT)

*Not all tests are recommended for diagnosing all types of diabetes. See the individual test descriptions for details.

Another blood test, the random plasma glucose (RPG) test, is sometimes used to diagnose diabetes during a regular health checkup. If the RPG measures 200 milligrams per deciliter or above, and the individual also shows symptoms of diabetes, then a health care provider may diagnose diabetes.

Symptoms of diabetes include

- increased urination - increased thirst - unexplained weight loss

Other symptoms can include fatigue, blurred vision, increased hunger, and sores that do not heal.

Any test used to diagnose diabetes requires confirmation with a second measurement unless clear symptoms of diabetes exist.

The following table provides the blood test levels for diagnosis of diabetes for nonpregnant adults and diagnosis of prediabetes.

A1C Test

The A1C test is used to detect type 2 diabetes and prediabetes but is not recommended for diagnosis of type 1 diabetes or gestational diabetes. The A1C test is a blood test that reflects the average of a persons blood glucose levels over the past 3 months and does not show daily fluctuations. The A1C test is more convenient for patients than the traditional glucose tests because it does not require fasting and can be performed at any time of the day.

The A1C test result is reported as a percentage. The higher the percentage, the higher a persons blood glucose levels have been. A normal A1C level is below 5.7 percent.

An A1C of 5.7 to 6.4 percent indicates prediabetes. People diagnosed with prediabetes may be retested in 1 year. People with an A1C below 5.7 percent maystill be at risk for diabetes, depending on the presence of other characteristics that put them at risk, also known as risk factors. People with an A1C above 6.0 percent should be considered at very high risk of developing diabetes. A level of 6.5 percent or above means a person has diabetes.

Laboratory analysis. When the A1C test is used for diagnosis, the blood sample must be sent to a laboratory using a method that is certified by the NGSP to ensure the results are standardized. Blood samples analyzed in a health care providers office, known as point-of-care tests, are not standardized for diagnosing diabetes.

Abnormal results. The A1C test can be unreliable for diagnosing or monitoring diabetes in people with certain conditions known to interfere with the results. Interference should be suspected when A1C results seem very different from the results of a blood glucose test. People of African, Mediterranean, or Southeast Asian descent or people with family members with sickle cell anemia or a thalassemia are particularly at risk of interference.

However, not all of the A1C tests are unreliable for people with these diseases. The NGSP provides information about which A1C tests are appropriate to use for specific types of interference and details on any problems with the A1C test at www.ngsp.org.

False A1C test results may also occur in people with other problems that affect their blood or hemoglobin such as chronic kidney disease, liver disease, or anemia.

More information about limitations of the A1C test and different forms of sickle cell anemia is provided in the NIDDK health topic, For People of African, Mediterranean, or Southeast Asian Heritage: Important Information about Diabetes Blood Tests, or by calling 18008608747.

Changes in Diagnostic Testing

In the past, the A1C test was used to monitor blood glucose levels but not for diagnosis. The A1C test has now been standardized, and in 2009, an international expert committee recommended it be used for diagnosis of type 2 diabetes and prediabetes.2

More information about the A1C test is provided in the NIDDK health topic, The A1C Test and Diabetes, or by calling 18008608747.

Fasting Plasma Glucose Test

The FPG test is used to detect diabetes and prediabetes. The FPG test has been the most common test used for diagnosing diabetes because it is more convenient than the OGTT and less expensive. The FPG test measures blood glucose in a person who has fasted for at least 8 hours and is most reliable when given in the morning.

People with a fasting glucose level of 100 to 125 mg/dL have impaired fasting glucose (IFG), or prediabetes. A level of 126 mg/dL or above, confirmed by repeating the test on another day, means a person has diabetes.

Oral Glucose Tolerance Test

The OGTT can be used to diagnose diabetes, prediabetes, and gestational diabetes. Research has shown that the OGTT is more sensitive than the FPG test, but it is less convenient to administer. When used to test for diabetes or prediabetes, the OGTT measures blood glucose after a person fasts for at least 8 hours and 2 hours after the person drinks a liquid containing 75 grams of glucose dissolved in water.

If the 2-hour blood glucose level is between 140 and 199 mg/dL, the person has a type of prediabetes called impaired glucose tolerance (IGT). If confirmed by a second test, a 2-hour glucose level of 200 mg/dL or above means a person has diabetes.",Diagnosis of Diabetes and Prediabetes
How to diagnose Diagnosis of Diabetes and Prediabetes ?,"Health care providers test for gestational diabetes using the OGTT. Women may be tested during their first visit to the health care provider after becoming pregnant or between 24 to 28 weeks of pregnancy depending on their risk factors and symptoms. Women found to have diabetes at the first visit to the health care provider after becoming pregnant may be diagnosed with type 2 diabetes.

Defining Safe Blood Glucose Levels for Pregnancy

Many studies have shown that gestational diabetes can cause complications for the mother and baby. An international, multicenter study, the Hyperglycemia and Adverse Pregnancy Outcome (HAPO) study, showed that the higher a pregnant womans blood glucose is, the higher her risk of pregnancy complications. The HAPO researchers found that pregnancy complications can occur at blood glucose levels that were once considered to be normal.

Based on the results of the HAPO study, new guidelines for diagnosis of gestational diabetes were recommended by the International Association of the Diabetes and Pregnancy Study Groups in 2011. So far, the new guidelines have been adopted by the American Diabetes Association (ADA)3 but not by the American College of Obstetricians and Gynecologists (ACOG)4 or other medical organizations. Researchers estimate these new guidelines, if widely adopted, will increase the proportion of pregnant women diagnosed with gestational diabetes to nearly 18 percent.5

Both ADA and ACOG guidelines for using the OGTT in diagnosing gestational diabetes are shown in the following tables.

Recommendations for Testing Pregnant Women for Diabetes

Time of testing ACOG ADA At first visit during pregnancy No recommendation Test women with risk factors for diabetes using standard testing for diagnosis of type 2 diabetes. Women found to have diabetes at this time should be diagnosed with type 2 diabetes, not gestational diabetes. At 24 to 28 weeks of pregnancy Test women for diabetes based on their history, risk factors, or a 50-gram, 1-hour, nonfasting, glucose challenge testa modified OGTT. If score is 130140 mg/dL, test again with fasting, 100-gram, 3-hour OGTT.* Test all women for diabetes who are not already diagnosed, using a fasting, 75-gram, 2-hour OGTT.*



OGTT Levels for Diagnosis of Gestational Diabetes

Time of Sample Collection ACOG Levels**,4 (mg/dL) ADA Levels3(mg/dL) 100-gram Glucose Drink 75-gram Glucose Drink Fasting, before drinking glucose 95 or above 92 or above 1 hour after drinking glucose 180 or above 180 or above 2 hours after drinking glucose 155 or above 153 or above 3 hours after drinking glucose 140 or above Not used Requirements for Diagnosis TWO or more of the above levels must be met ONE or more of the above levels must be met







More information about treating gestational diabetes is provided in the NIDDK health topic, What I need to know about Gestational Diabetes, or by calling 18008608747.",Diagnosis of Diabetes and Prediabetes
How to prevent Diagnosis of Diabetes and Prediabetes ?,"A major research study, the Diabetes Prevention Program (DPP), proved that people with prediabetes were able to sharply reduce their risk of developing diabetes during the study by losing 5 to 7 percent of their body weight through dietary changes and increased physical activity.

Study participants followed a low-fat, low-calorie diet and engaged in regular physical activity, such as walking briskly five times a week for 30 minutes. These strategies worked well for both men and women in all racial and ethnic groups, but were especially effective for participants age 60 and older. A follow-up study, the Diabetes Prevention Program Outcomes Study (DPPOS), showed losing weight and being physically active provide lasting results. Ten years after the DPP, modest weight loss delayed onset of type 2 diabetes by an average of 4 years.

The diabetes medication metformin also lowers the risk of type 2 diabetes in people with prediabetes, especially those who are younger and heavier and women who have had gestational diabetes. The DPPOS showed that metformin delayed type 2 diabetes by 2 years. People at high risk should ask their health care provider if they should take metformin to prevent type 2 diabetes. Metformin is a medication that makes insulin work better and can reduce the risk of type 2 diabetes.

More information about insulin resistance, the DPP, or how to lower risk for type 2 diabetes is provided in the NIDDK health topics:

- Am I at Risk for Type 2 Diabetes? - Diabetes Prevention Program (DPP) - Insulin Resistance and Prediabetes

Additional information about the DPP, funded under NIH clinical trial number NCT00004992, and the DPPOS, funded under NIH clinical trial number NCT00038727, can be found at www.bsc.gwu.edu/dpp.

As part of its Small Steps, Big Rewards campaign, the National Diabetes Education Program (NDEP) offers several booklets about preventing type 2 diabetes, including information about setting goals, tracking progress, implementing a walking program, and finding additional resources. These materials are available at www.ndep.nih.gov or by calling the NDEP at 1888693NDEP (18886936337).",Diagnosis of Diabetes and Prediabetes
What are the treatments for Diagnosis of Diabetes and Prediabetes ?,"People can manage their diabetes with meal planning, physical activity, and if needed, medications. More information about taking care of type 1 or type 2 diabetes is provided in the NIDDK health topics:

- What I need to know about Diabetes Medicines - What I need to know about Eating and Diabetes - Your Guide to Diabetes: Type 1 and Type 2

These NDIC publications are available at http://www.niddk.nih.gov/health-information/health-topics/Diabetes/Pages/default.aspx or by calling 18008608747.",Diagnosis of Diabetes and Prediabetes
What to do for Diagnosis of Diabetes and Prediabetes ?,"- Tests used for diagnosing diabetes and prediabetes include the A1C testfor type 2 diabetes and prediabetesthe fasting plasma glucose (FPG) test, and the oral glucose tolerance test (OGTT). Another blood test, the random plasma glucose (RPG) test, is sometimes used to diagnose diabetes when symptoms are present during a regular health checkup. - Anyone age 45 or older should consider getting tested for diabetes or prediabetes. People younger than 45 should consider testing if they are overweight or obese and have one or more additional risk factors for diabetes. - If results of testing are normal, testing should be repeated at least every 3 years. Health care providers may recommend more frequent testing depending on initial results and risk status. - People whose test results indicate they have prediabetes may be tested again in 1 year and should take steps to prevent or delay type 2 diabetes. - Many people with prediabetes develop type 2 diabetes within 10 years. - Modest weight loss and moderate physical activity can help people with prediabetes delay or prevent type 2 diabetes.",Diagnosis of Diabetes and Prediabetes
What is (are) Prevent diabetes problems: Keep your diabetes under control ?,"Diabetes problems are health problems that can happen when you have diabetes. If your diabetes is not under control, you will have too much glucose*, also called sugar, in your blood. Having too much glucose in your blood for a long time can affect many important parts of your body, such as your

- blood vessels and heart - nerves - kidneys - mouth - eyes - feet

You can do a lot to prevent or slow down these health problems if you keep your diabetes under control.

This chart shows the body parts that can be affected by diabetes and the resulting health problems you may have.

Affected Body Part Resulting Health Problems You May Have Blood vessels and heart - Heart disease - Heart attack - Stroke - High blood pressure - Poor blood circulation, or flow, throughout your body Nerves - Pain, tingling, weakness, or numbness in your hands, arms, feet, or legs - Problems with your bladder, digestion, having sex, and keeping your heartbeats and blood pressure steady Kidneys - Protein loss through your urine - Buildup of wastes and fluid in your blood Mouth - Gum disease and loss of teeth - Dry mouth - Thrush, or the growth of too much fungus in the mouth Eyes - Loss of vision and blindness Feet - Sores - Infections - Amputation

*See the Pronunciation Guide for tips on how to say the the words in bold type.",Prevent diabetes problems: Keep your diabetes under control
What is (are) Prevent diabetes problems: Keep your diabetes under control ?,"The A1C test, also called the hemoglobin A1C test, HbA1C, or glycohemoglobin test, is a blood test that reflects the average level of glucose in your blood during the past 3 months. Your A1C test result is given in percents. Your doctor might use the A1C test to help diagnose your diabetes. Your doctor will draw a sample of your blood in the office or send you to a lab to have a sample of your blood drawn for the test. After being diagnosed with diabetes, you should have the A1C test at least twice a year.

Your A1C result plus your record of blood glucose numbers show whether your blood glucose is under control.

- If your A1C result is too high, you may need to change your diabetes care plan. Your health care team can help you decide what part of your plan to change. For instance, you might need to change your meal plan, your diabetes medicines, or your physical activity plan. - If your A1C result is on target, then your diabetes treatment plan is working. The lower your A1C is, the lower your chance of having diabetes problems.

This chart shows the A1C goals for different types of people with diabetes.

Types of People A1C Goals Most people with diabetes below 7% Women with diabetes who want to get pregnant or who are pregnant below 6%

A1C goals can also depend on

- how long you have had diabetes - whether or not you have other health problems

Ask your doctor what goal is right for you.



This chart shows how your A1C result may match up to your average blood glucose number.

What Your A1C Result Means My A1C Result My Average Blood Glucose Number 6% 135 7% 170 8% 205 9% 240 10% 275 11% 310 12% 345",Prevent diabetes problems: Keep your diabetes under control
What to do for Prevent diabetes problems: Keep your diabetes under control ?,"Following a healthy eating plan is a key step in living with diabetes and preventing diabetes problems. Your health care team will help you make a healthy eating plan.

More information is provided in the NIDDK health topic, What I need to know about Eating and Diabetes or call 18008608747.",Prevent diabetes problems: Keep your diabetes under control
How to prevent Prevent diabetes problems: Keep your diabetes under control ?,"You can take steps each day to prevent diabetes problems.

Steps Healthy Eating - Follow the healthy eating plan that you and your doctor or dietitian have made. - Learn what to eat to keep your blood glucose levels under control. - Make wise food choices to help you feel good every day and to lose weight if needed. Blood Glucose - Check your blood glucose every day. - Each time you check your blood glucose, write the number in a record book to share with your health care team. - Treat low blood glucose quickly. Physical Activity - Even small amounts of physical activity help manage diabetes. Aim for 30 to 60 minutes of physical activity most days of the week. Children and adolescents with type 2 diabetes who are 10 to 17 years old should aim for 60 minutes of activity every day. - Not all physical activity has to take place at the same time. - Do aerobic activities, such as brisk walking, which use your large muscles to make your heart beat faster. The large muscles are those of the upper and lower arms and legs and those that control head, shoulder, and hip movements. - Do activities to strengthen muscles and bone, such as lifting weights or sit-ups. Aim for two times a week. - Stretch to increase your flexibility, lower stress, and help prevent muscle soreness after physical activity. - Increase daily activity by decreasing time spent watching TV or at the computer. Children and adolescents should limit screen time not related to school to less than 2 hours per day. Limiting screen time can help you meet your physical activity goal. - Always talk with your doctor before you start a new physical activity program. Medicines - Take your medicines as directed, including insulin if ordered by your doctor. Feet - Check your feet every day for cuts, blisters, sores, swelling, redness, or sore toenails. Mouth - Brush and floss your teeth every day. Blood Pressure - Control your blood pressure and cholesterol. Smoking - Dont smoke.",Prevent diabetes problems: Keep your diabetes under control
How to diagnose Prevent diabetes problems: Keep your diabetes under control ?,"This chart lists important tests, exams, and vaccines to get at least once or twice a year.

Tests, Exams, and Vaccines to Get at Least Once or Twice a Year Make Sure to A1C test - Have this blood test at least twice a year. Your result will tell you what your average blood glucose level was for the past 3 months. Cholesterol test - Get a blood test to check your - total cholesterol - LDL - HDL - triglycerides Kidney tests - Once a year, get a urine test to check for protein. - At least once a year, get a blood test to check for creatinine, a waste product healthy kidneys remove from the body. Eye exam - See an eye doctor once a year for a complete eye exam that includes using drops in your eyes to dilate your pupils. - If you are pregnant, have a complete eye exam in your first 3 months of pregnancy. Have another complete eye exam 1 year after your baby is born. Dental exam - See your dentist twice a year for a cleaning and checkup. Flu vaccine - Get a flu vaccine each year. Pneumonia vaccine - Get this vaccine if you are younger than 64. - If youre older than 64 and your vaccine was more than 5 years ago, get another one. Hepatitis B vaccine - Get this vaccine if youre younger than 60 and you have not already had the vaccine. - Prevent exposure to Hepatitis B by not sharing blood glucose monitors or other diabetes equipment.",Prevent diabetes problems: Keep your diabetes under control
What are the symptoms of Prevent diabetes problems: Keep your eyes healthy ?,"Often, no symptoms appear during the early stages of diabetes retina problems. As retina problems worsen, your symptoms might include

- blurry or double vision - rings, flashing lights, or blank spots in your vision - dark or floating spots in your vision - pain or pressure in one or both of your eyes - trouble seeing things out of the corners of your eyes",Prevent diabetes problems: Keep your eyes healthy
What are the treatments for Prevent diabetes problems: Keep your eyes healthy ?,"You can help your diabetes retina problems by controlling your

- blood glucose - blood pressure - cholesterol and triglycerides, or types of blood fat

If your retinopathy still does not improve, then you may need other treatments. You will need to see an ophthalmologist who can decide whether you need one of these treatments:

- Medicines. Your doctor treats macular edema with injections of medicines into the eye. These medicines block a protein in the body that causes abnormal blood vessel growth and fluid leakage. Reducing the fluid leakage often allows the retina to return to normal thickness. The ophthalmologist will numb your eye and then insert a tiny needle to deliver the medicine. - Laser treatment. Your doctor can also treat macular edema with focal laser treatment. In one visit, the ophthalmologist will numb your eye and place many small laser burns in the areas leaking fluid near the macula. These burns slow the leakage of fluid and reduce the amount of fluid in your retina. Sometimes your doctor also treats diabetic retinopathy with scatter laser treatment. In two or more visits, the ophthalmologist will numb your eye and place thousands of laser burns around the new, weak blood vessels away from the macula, causing them to shrink. Laser treatment can greatly reduce your chances of blindness from retina damage. However, laser treatment often cannot restore vision that has already been lost. Treatment with medicines or lasers can be performed in your ophthalmologists office. - Vitrectomy. If the bleeding in your eye is severe, you may need to go to the hospital for a surgery called a vitrectomy. Your ophthalmologist will numb your eye or give you general anesthesia to help you fall asleep. The ophthalmologist will make a tiny cut in your eye and remove the vitreous gel that is clouded with blood. The ophthalmologist replaces the vitreous gel with a salt solution.",Prevent diabetes problems: Keep your eyes healthy
What is (are) What I need to know about Gestational Diabetes ?,"Gestational* diabetes is a type of diabetes that develops only during pregnancy. Diabetes means your blood glucose, also called blood sugar, is too high. Your body uses glucose for energy. Too much glucose in your blood is not good for you or your baby.

Gestational diabetes is usually diagnosed during late pregnancy. If you are diagnosed with diabetes earlier in your pregnancy, you may have had diabetes before you became pregnant.

Treating gestational diabetes can help both you and your baby stay healthy. You can protect your baby and yourself by taking action right away to control your blood glucose levels.

If you have gestational diabetes, a health care team will likely be part of your care. In addition to your obstetrician-gynecologist, or OB/GYNthe doctor who will deliver your babyyour team might include a doctor who treats diabetes, a diabetes educator, and a dietitian to help you plan meals.

For Women with Type 1 or Type 2 Diabetes If you already have type 1 or type 2 diabetes and are thinking about having a baby, talk with your doctor before you get pregnant. Untreated or poorly controlled diabetes can cause serious problems for your baby. More information is provided in the NIDDK health topic, What I need to know about Preparing for Pregnancy if I Have Diabetes or call 18008608747 and request a copy.

*See the Pronunciation Guide for tips on how to say the words in bold type.",What I need to know about Gestational Diabetes
What causes What I need to know about Gestational Diabetes ?,"Gestational diabetes happens when your body can't make enough insulin during pregnancy. Insulin is a hormone made in your pancreas, an organ located behind your stomach. Insulin helps your body use glucose for energy and helps control your blood glucose levels.

During pregnancy, your body makes more hormones and goes through other changes, such as weight gain. These changes cause your body's cells to use insulin less effectively, a condition called insulin resistance. Insulin resistance increases your body's need for insulin. If your pancreas can't make enough insulin, you will have gestational diabetes.

All pregnant women have some insulin resistance during late pregnancy. However, some women have insulin resistance even before they get pregnant, usually because they are overweight. These women start pregnancy with an increased need for insulin and are more likely to have gestational diabetes.



What are my chances of getting gestational diabetes? Your chances of getting gestational diabetes are higher if you - are overweight - have had gestational diabetes before - have given birth to a baby weighing more than 9 pounds - have a parent, brother, or sister with type 2 diabetes - have prediabetes, meaning your blood glucose levels are higher than normal yet not high enough for a diagnosis of diabetes - are African American, American Indian, Asian American, Hispanic/Latina, or Pacific Islander American - have a hormonal disorder called polycystic ovary syndrome, also known as PCOS",What I need to know about Gestational Diabetes
What is (are) What I need to know about Gestational Diabetes ?,"Your chances of getting gestational diabetes are higher if you

- are overweight - have had gestational diabetes before - have given birth to a baby weighing more than 9 pounds - have a parent, brother, or sister with type 2 diabetes - have prediabetes, meaning your blood glucose levels are higher than normal yet not high enough for a diagnosis of diabetes - are African American, American Indian, Asian American, Hispanic/Latina, or Pacific Islander American - have a hormonal disorder called polycystic ovary syndrome, also known as PCOS",What I need to know about Gestational Diabetes
How to diagnose What I need to know about Gestational Diabetes ?,"Doctors use blood tests to diagnose gestational diabetes. All diabetes blood tests involve drawing blood at a doctor's office or a commercial facility. Blood samples are sent to a lab for analysis.



Screening Glucose Challenge Test

For this test, you will drink a sugary beverage and have your blood glucose level checked an hour later. This test can be done at any time of the day. If the results are above normal, you may need to have an oral glucose tolerance test.

Oral Glucose Tolerance Test

You will need to fast for at least 8 hours before the test. Fasting means having nothing to eat or drink except water. Your doctor will give you other instructions to follow before the test.

Your fasting blood glucose level will be checked before the test begins. Then you will drink a sugary beverage. Your blood glucose levels will be checked 1 hour, 2 hours, and possibly 3 hours later. Your doctor will use your test results to find out whether you have gestational diabetes.",What I need to know about Gestational Diabetes
How to diagnose What I need to know about Gestational Diabetes ?,"If you have gestational diabetes, your doctor may recommend that you have some extra tests to check your baby's health, such as

- ultrasound exams, which use sound waves to make images that show your baby's growth and whether your baby is larger than normal - a nonstress test, which uses a monitor placed on your abdomen to check whether your baby's heart rate increases as it should when your baby is active - kick counts to check the time between your baby's movements",What I need to know about Gestational Diabetes
What are the treatments for What I need to know about Gestational Diabetes ?,"Treating gestational diabetes means taking steps to keep your blood glucose levels in a target range. Targets are numbers you aim for. Your doctor will help you set your targets. You will learn how to control your blood glucose using

- healthy eating - physical activity - insulin shots, if needed",What I need to know about Gestational Diabetes
What to do for What I need to know about Gestational Diabetes ?,"Your health care team will help you make a healthy eating plan with food choices that are good for both you and your baby. These choices are good for you to follow throughout pregnancy and after, as you raise your family.

Using a healthy eating plan will help your blood glucose stay in your target range. The plan will help you know which foods to eat, how much to eat, and when to eat. Food choices, amounts, and timing are all important in keeping your blood glucose levels in your target range.

More information is provided in the NIDDK health topic, What I need to know about Eating and Diabetes.



Physical Activity

Physical activity can help you reach your blood glucose targets. Talk with your doctor about the type of activity that is best for you. If you are already active, tell your doctor what you do. Being physically active will also help lower your chances of having type 2 diabetesand its problemsin the future. Now is the time to develop good habits for you and your baby.

For more information about physical activity and pregnancy, visit www.womenshealth.gov/pregnancy.

Insulin Shots

If you have trouble meeting your blood glucose targets, you may need to take a medicine called insulin, along with following a healthy meal plan and being physically active. Your health care team will show you how to give yourself insulin shots. Insulin will not harm your baby.",What I need to know about Gestational Diabetes
How to diagnose What I need to know about Gestational Diabetes ?,"Your health care team may teach you how to test for chemicals called ketones in your morning urine or in your blood. High levels of ketones are a sign that your body is using your body fat for energy instead of the food you eat. Using fat for energy is not recommended during pregnancy. Ketones may be harmful for your baby.

If your ketone levels are high, your doctor may suggest that you change the type or amount of food you eat. Or you may need to change your meal or snack times.",What I need to know about Gestational Diabetes
How to prevent What I need to know about Gestational Diabetes ?,"You can do a lot to prevent or delay type 2 diabetes by making these lifestyle changes:

- Reach and stay at a healthy weight. Try to reach your prepregnancy weight 6 to 12 months after your baby is born. Then, if you still weigh too much, work to lose at least 5 to 7 percent of your body weight and keep it off. For example, if you weigh 200 pounds, losing 10 to 14 pounds can greatly reduce your chance of getting diabetes. - Be physically active for at least 30 minutes most days of the week. - Follow a healthy eating plan. Eat more grains, fruits, and vegetables. Cut down on fat and calories. Your health care team can help you design a meal plan. - Ask your doctor if you should take the diabetes medicine metformin. Metformin can lower your chances of having type 2 diabetes, especially if you are younger and heavier and have prediabetes or if you have had gestational diabetes.

These changes can help you enjoy a longer, healthier life. Your health care team can give you information and support to help you make these changes.

By delaying or preventing type 2 diabetes, you will also lower your chances of having heart and blood vessel disease and other problems as you get older.

Talk with your doctor if you are thinking about having another baby. For the safety of your baby, your blood glucose needs to be at healthy levels before you get pregnant again. Your doctor can help ensure you are ready for your next child.",What I need to know about Gestational Diabetes
What to do for What I need to know about Gestational Diabetes ?,"- Gestational diabetes is a type of diabetes that develops only during pregnancy. Diabetes means your blood glucose, also called blood sugar, is too high. - Gestational diabetes happens when your body can't make enough insulin during pregnancy. Insulin is a hormone made in your pancreas, an organ located behind your stomach. Insulin helps your body use glucose for energy and helps control your blood glucose levels. - You will probably be tested for gestational diabetes between weeks 24 and 28 of your pregnancy. If you have a higher chance of getting gestational diabetes, your doctor may test you for diabetes during your first visit after you become pregnant. - If you have high blood glucose levels because your gestational diabetes is not under control, your baby will also have high blood glucose. - Untreated or uncontrolled gestational diabetes can cause problems for your baby. - Treating gestational diabetes means taking steps to keep your blood glucose levels in a target range. - Even if your blood glucose levels return to normal after your pregnancy, your chances of getting diabetesusually type 2 diabeteslater in life are high. Therefore, you should be tested at least every 3 years for diabetes or prediabetes. - You can give your baby a healthy start by breastfeeding. - You can help your child be healthy by showing your child how to make healthy lifestyle choices, including being physically active, limiting screen time in front of the TV or video games, eating a healthy diet, and staying at a healthy weight.",What I need to know about Gestational Diabetes
What is (are) Causes of Diabetes ?,"Diabetes is a complex group of diseases with a variety of causes. People with diabetes have high blood glucose, also called high blood sugar or hyperglycemia.

Diabetes is a disorder of metabolismthe way the body uses digested food for energy. The digestive tract breaks down carbohydratessugars and starches found in many foodsinto glucose, a form of sugar that enters the bloodstream. With the help of the hormone insulin, cells throughout the body absorb glucose and use it for energy. Diabetes develops when the body doesnt make enough insulin or is not able to use insulin effectively, or both.

Insulin is made in the pancreas, an organ located behind the stomach. The pancreas contains clusters of cells called islets. Beta cells within the islets make insulin and release it into the blood.

If beta cells dont produce enough insulin, or the body doesnt respond to the insulin that is present, glucose builds up in the blood instead of being absorbed by cells in the body, leading to prediabetes or diabetes. Prediabetes is a condition in which blood glucose levels or A1C levelswhich reflect average blood glucose levelsare higher than normal but not high enough to be diagnosed as diabetes. In diabetes, the bodys cells are starved of energy despite high blood glucose levels.

Over time, high blood glucose damages nerves and blood vessels, leading to complications such as heart disease, stroke, kidney disease, blindness, dental disease, and amputations. Other complications of diabetes may include increased susceptibility to other diseases, loss of mobility with aging, depression, and pregnancy problems. No one is certain what starts the processes that cause diabetes, but scientists believe genes and environmental factors interact to cause diabetes in most cases.

The two main types of diabetes are type 1 diabetes and type 2 diabetes. A third type, gestational diabetes, develops only during pregnancy. Other types of diabetes are caused by defects in specific genes, diseases of the pancreas, certain drugs or chemicals, infections, and other conditions. Some people show signs of both type 1 and type 2 diabetes.",Causes of Diabetes
What causes Causes of Diabetes ?,"Type 1 diabetes is caused by a lack of insulin due to the destruction of insulin-producing beta cells in the pancreas. In type 1 diabetesan autoimmune diseasethe bodys immune system attacks and destroys the beta cells. Normally, the immune system protects the body from infection by identifying and destroying bacteria, viruses, and other potentially harmful foreign substances. But in autoimmune diseases, the immune system attacks the bodys own cells. In type 1 diabetes, beta cell destruction may take place over several years, but symptoms of the disease usually develop over a short period of time.

Type 1 diabetes typically occurs in children and young adults, though it can appear at any age. In the past, type 1 diabetes was called juvenile diabetes or insulin-dependent diabetes mellitus.

Latent autoimmune diabetes in adults (LADA) may be a slowly developing kind of type 1 diabetes. Diagnosis usually occurs after age 30. In LADA, as in type 1 diabetes, the bodys immune system destroys the beta cells. At the time of diagnosis, people with LADA may still produce their own insulin, but eventually most will need insulin shots or an insulin pump to control blood glucose levels.

Genetic Susceptibility

Heredity plays an important part in determining who is likely to develop type 1 diabetes. Genes are passed down from biological parent to child. Genes carry instructions for making proteins that are needed for the bodys cells to function. Many genes, as well as interactions among genes, are thought to influence susceptibility to and protection from type 1 diabetes. The key genes may vary in different population groups. Variations in genes that affect more than 1 percent of a population group are called gene variants.

Certain gene variants that carry instructions for making proteins called human leukocyte antigens (HLAs) on white blood cells are linked to the risk of developing type 1 diabetes. The proteins produced by HLA genes help determine whether the immune system recognizes a cell as part of the body or as foreign material. Some combinations of HLA gene variants predict that a person will be at higher risk for type 1 diabetes, while other combinations are protective or have no effect on risk.

While HLA genes are the major risk genes for type 1 diabetes, many additional risk genes or gene regions have been found. Not only can these genes help identify people at risk for type 1 diabetes, but they also provide important clues to help scientists better understand how the disease develops and identify potential targets for therapy and prevention.

Genetic testing can show what types of HLA genes a person carries and can reveal other genes linked to diabetes. However, most genetic testing is done in a research setting and is not yet available to individuals. Scientists are studying how the results of genetic testing can be used to improve type 1 diabetes prevention or treatment.

Autoimmune Destruction of Beta Cells

In type 1 diabetes, white blood cells called T cells attack and destroy beta cells. The process begins well before diabetes symptoms appear and continues after diagnosis. Often, type 1 diabetes is not diagnosed until most beta cells have already been destroyed. At this point, a person needs daily insulin treatment to survive. Finding ways to modify or stop this autoimmune process and preserve beta cell function is a major focus of current scientific research.

Recent research suggests insulin itself may be a key trigger of the immune attack on beta cells. The immune systems of people who are susceptible to developing type 1 diabetes respond to insulin as if it were a foreign substance, or antigen. To combat antigens, the body makes proteins called antibodies. Antibodies to insulin and other proteins produced by beta cells are found in people with type 1 diabetes. Researchers test for these antibodies to help identify people at increased risk of developing the disease. Testing the types and levels of antibodies in the blood can help determine whether a person has type 1 diabetes, LADA, or another type of diabetes.

Environmental Factors

Environmental factors, such as foods, viruses, and toxins, may play a role in the development of type 1 diabetes, but the exact nature of their role has not been determined. Some theories suggest that environmental factors trigger the autoimmune destruction of beta cells in people with a genetic susceptibility to diabetes. Other theories suggest that environmental factors play an ongoing role in diabetes, even after diagnosis.

Viruses and infections. A virus cannot cause diabetes on its own, but people are sometimes diagnosed with type 1 diabetes during or after a viral infection, suggesting a link between the two. Also, the onset of type 1 diabetes occurs more frequently during the winter when viral infections are more common. Viruses possibly associated with type 1 diabetes include coxsackievirus B, cytomegalovirus, adenovirus, rubella, and mumps. Scientists have described several ways these viruses may damage or destroy beta cells or possibly trigger an autoimmune response in susceptible people. For example, anti-islet antibodies have been found in patients with congenital rubella syndrome, and cytomegalovirus has been associated with significant beta cell damage and acute pancreatitisinflammation of the pancreas. Scientists are trying to identify a virus that can cause type 1 diabetes so that a vaccine might be developed to prevent the disease.

Infant feeding practices. Some studies have suggested that dietary factors may raise or lower the risk of developing type 1 diabetes. For example, breastfed infants and infants receiving vitamin D supplements may have a reduced risk of developing type 1 diabetes, while early exposure to cows milk and cereal proteins may increase risk. More research is needed to clarify how infant nutrition affects the risk for type 1 diabetes.

Read more in the Centers for Disease Control and Preventions (CDCs) publication National Diabetes Statistics Report, 2014 at www.cdc.gov for information about research studies related to type 1 diabetes.",Causes of Diabetes
What causes Causes of Diabetes ?,"Type 2 diabetesthe most common form of diabetesis caused by a combination of factors, including insulin resistance, a condition in which the bodys muscle, fat, and liver cells do not use insulin effectively. Type 2 diabetes develops when the body can no longer produce enough insulin to compensate for the impaired ability to use insulin. Symptoms of type 2 diabetes may develop gradually and can be subtle; some people with type 2 diabetes remain undiagnosed for years.

Type 2 diabetes develops most often in middle-aged and older people who are also overweight or obese. The disease, once rare in youth, is becoming more common in overweight and obese children and adolescents. Scientists think genetic susceptibility and environmental factors are the most likely triggers of type 2 diabetes.

Genetic Susceptibility

Genes play a significant part in susceptibility to type 2 diabetes. Having certain genes or combinations of genes may increase or decrease a persons risk for developing the disease. The role of genes is suggested by the high rate of type 2 diabetes in families and identical twins and wide variations in diabetes prevalence by ethnicity. Type 2 diabetes occurs more frequently in African Americans, Alaska Natives, American Indians, Hispanics/Latinos, and some Asian Americans, Native Hawaiians, and Pacific Islander Americans than it does in non-Hispanic whites.

Recent studies have combined genetic data from large numbers of people, accelerating the pace of gene discovery. Though scientists have now identified many gene variants that increase susceptibility to type 2 diabetes, the majority have yet to be discovered. The known genes appear to affect insulin production rather than insulin resistance. Researchers are working to identify additional gene variants and to learn how they interact with one another and with environmental factors to cause diabetes.

Studies have shown that variants of the TCF7L2 gene increase susceptibility to type 2 diabetes. For people who inherit two copies of the variants, the risk of developing type 2 diabetes is about 80 percent higher than for those who do not carry the gene variant.1 However, even in those with the variant, diet and physical activity leading to weight loss help delay diabetes, according to the Diabetes Prevention Program (DPP), a major clinical trial involving people at high risk.

Genes can also increase the risk of diabetes by increasing a persons tendency to become overweight or obese. One theory, known as the thrifty gene hypothesis, suggests certain genes increase the efficiency of metabolism to extract energy from food and store the energy for later use. This survival trait was advantageous for populations whose food supplies were scarce or unpredictable and could help keep people alive during famine. In modern times, however, when high-calorie foods are plentiful, such a trait can promote obesity and type 2 diabetes.

Obesity and Physical Inactivity

Physical inactivity and obesity are strongly associated with the development of type 2 diabetes. People who are genetically susceptible to type 2 diabetes are more vulnerable when these risk factors are present.

An imbalance between caloric intake and physical activity can lead to obesity, which causes insulin resistance and is common in people with type 2 diabetes. Central obesity, in which a person has excess abdominal fat, is a major risk factor not only for insulin resistance and type 2 diabetes but also for heart and blood vessel disease, also called cardiovascular disease (CVD). This excess belly fat produces hormones and other substances that can cause harmful, chronic effects in the body such as damage to blood vessels.

The DPP and other studies show that millions of people can lower their risk for type 2 diabetes by making lifestyle changes and losing weight. The DPP proved that people with prediabetesat high risk of developing type 2 diabetescould sharply lower their risk by losing weight through regular physical activity and a diet low in fat and calories. In 2009, a follow-up study of DPP participantsthe Diabetes Prevention Program Outcomes Study (DPPOS)showed that the benefits of weight loss lasted for at least 10 years after the original study began.2

Read more about the DPP, funded under National Institutes of Health (NIH) clinical trial number NCT00004992, and the DPPOS, funded under NIH clinical trial number NCT00038727 in Diabetes Prevention Program.

Insulin Resistance

Insulin resistance is a common condition in people who are overweight or obese, have excess abdominal fat, and are not physically active. Muscle, fat, and liver cells stop responding properly to insulin, forcing the pancreas to compensate by producing extra insulin. As long as beta cells are able to produce enough insulin, blood glucose levels stay in the normal range. But when insulin production falters because of beta cell dysfunction, glucose levels rise, leading to prediabetes or diabetes.

Abnormal Glucose Production by the Liver

In some people with diabetes, an abnormal increase in glucose production by the liver also contributes to high blood glucose levels. Normally, the pancreas releases the hormone glucagon when blood glucose and insulin levels are low. Glucagon stimulates the liver to produce glucose and release it into the bloodstream. But when blood glucose and insulin levels are high after a meal, glucagon levels drop, and the liver stores excess glucose for later, when it is needed. For reasons not completely understood, in many people with diabetes, glucagon levels stay higher than needed. High glucagon levels cause the liver to produce unneeded glucose, which contributes to high blood glucose levels. Metformin, the most commonly used drug to treat type 2 diabetes, reduces glucose production by the liver.

The Roles of Insulin and Glucagon in Normal Blood Glucose Regulation

A healthy persons body keeps blood glucose levels in a normal range through several complex mechanisms. Insulin and glucagon, two hormones made in the pancreas, help regulate blood glucose levels:

- Insulin, made by beta cells, lowers elevated blood glucose levels. - Glucagon, made by alpha cells, raises low blood glucose levels.

- Insulin helps muscle, fat, and liver cells absorb glucose from the bloodstream, lowering blood glucose levels. - Insulin stimulates the liver and muscle tissue to store excess glucose. The stored form of glucose is called glycogen. - Insulin also lowers blood glucose levels by reducing glucose production in the liver.

- Glucagon signals the liver and muscle tissue to break down glycogen into glucose, which enters the bloodstream and raises blood glucose levels. - If the body needs more glucose, glucagon stimulates the liver to make glucose from amino acids.

Metabolic Syndrome

Metabolic syndrome, also called insulin resistance syndrome, refers to a group of conditions common in people with insulin resistance, including

- higher than normal blood glucose levels - increased waist size due to excess abdominal fat - high blood pressure - abnormal levels of cholesterol and triglycerides in the blood

Cell Signaling and Regulation

Cells communicate through a complex network of molecular signaling pathways. For example, on cell surfaces, insulin receptor molecules capture, or bind, insulin molecules circulating in the bloodstream. This interaction between insulin and its receptor prompts the biochemical signals that enable the cells to absorb glucose from the blood and use it for energy.

Problems in cell signaling systems can set off a chain reaction that leads to diabetes or other diseases. Many studies have focused on how insulin signals cells to communicate and regulate action. Researchers have identified proteins and pathways that transmit the insulin signal and have mapped interactions between insulin and body tissues, including the way insulin helps the liver control blood glucose levels. Researchers have also found that key signals also come from fat cells, which produce substances that cause inflammation and insulin resistance.

This work holds the key to combating insulin resistance and diabetes. As scientists learn more about cell signaling systems involved in glucose regulation, they will have more opportunities to develop effective treatments.

Beta Cell Dysfunction

Scientists think beta cell dysfunction is a key contributor to type 2 diabetes. Beta cell impairment can cause inadequate or abnormal patterns of insulin release. Also, beta cells may be damaged by high blood glucose itself, a condition called glucose toxicity.

Scientists have not determined the causes of beta cell dysfunction in most cases. Single gene defects lead to specific forms of diabetes called maturity-onset diabetes of the young (MODY). The genes involved regulate insulin production in the beta cells. Although these forms of diabetes are rare, they provide clues as to how beta cell function may be affected by key regulatory factors. Other gene variants are involved in determining the number and function of beta cells. But these variants account for only a small percentage of type 2 diabetes cases. Malnutrition early in life is also being investigated as a cause of beta cell dysfunction. The metabolic environment of the developing fetus may also create a predisposition for diabetes later in life.

Risk Factors for Type 2 Diabetes

People who develop type 2 diabetes are more likely to have the following characteristics:

- age 45 or older - overweight or obese - physically inactive - parent or sibling with diabetes - family background that is African American, Alaska Native, American Indian, Asian American, Hispanic/Latino, or Pacific Islander American - history of giving birth to a baby weighing more than 9 pounds - history of gestational diabetes - high blood pressure140/90 or aboveor being treated for high blood pressure - high-density lipoprotein (HDL), or good, cholesterol below 35 milligrams per deciliter (mg/dL), or a triglyceride level above 250 mg/dL - polycystic ovary syndrome, also called PCOS - prediabetesan A1C level of 5.7 to 6.4 percent; a fasting plasma glucose test result of 100125 mg/dL, called impaired fasting glucose; or a 2-hour oral glucose tolerance test result of 140199, called impaired glucose tolerance - acanthosis nigricans, a condition associated with insulin resistance, characterized by a dark, velvety rash around the neck or armpits - history of CVD

The American Diabetes Association (ADA) recommends that testing to detect prediabetes and type 2 diabetes be considered in adults who are overweight or obese and have one or more additional risk factors for diabetes. In adults without these risk factors, testing should begin at age 45.",Causes of Diabetes
What causes Causes of Diabetes ?,"Insulin Resistance and Beta Cell Dysfunction

Hormones produced by the placenta and other pregnancy-related factors contribute to insulin resistance, which occurs in all women during late pregnancy. Insulin resistance increases the amount of insulin needed to control blood glucose levels. If the pancreas cant produce enough insulin due to beta cell dysfunction, gestational diabetes occurs.

As with type 2 diabetes, excess weight is linked to gestational diabetes. Overweight or obese women are at particularly high risk for gestational diabetes because they start pregnancy with a higher need for insulin due to insulin resistance. Excessive weight gain during pregnancy may also increase risk.

Family History

Having a family history of diabetes is also a risk factor for gestational diabetes, suggesting that genes play a role in its development. Genetics may also explain why the disorder occurs more frequently in African Americans, American Indians, and Hispanics/Latinos. Many gene variants or combinations of variants may increase a womans risk for developing gestational diabetes. Studies have found several gene variants associated with gestational diabetes, but these variants account for only a small fraction of women with gestational diabetes.

Future Risk of Type 2 Diabetes

Because a womans hormones usually return to normal levels soon after giving birth, gestational diabetes disappears in most women after delivery. However, women who have gestational diabetes are more likely to develop gestational diabetes with future pregnancies and develop type 2 diabetes.3 Women with gestational diabetes should be tested for persistent diabetes 6 to 12 weeks after delivery and at least every 3 years thereafter.

Also, exposure to high glucose levels during gestation increases a childs risk for becoming overweight or obese and for developing type 2 diabetes later on. The result may be a cycle of diabetes affecting multiple generations in a family. For both mother and child, maintaining a healthy body weight and being physically active may help prevent type 2 diabetes.",Causes of Diabetes
What causes Causes of Diabetes ?,"Other types of diabetes have a variety of possible causes.

Genetic Mutations Affecting Beta Cells, Insulin, and Insulin Action

Some relatively uncommon forms of diabetes known as monogenic diabetes are caused by mutations, or changes, in a single gene. These mutations are usually inherited, but sometimes the gene mutation occurs spontaneously. Most of these gene mutations cause diabetes by reducing beta cells ability to produce insulin.

The most common types of monogenic diabetes are neonatal diabetes mellitus (NDM) and MODY. NDM occurs in the first 6 months of life. MODY is usually found during adolescence or early adulthood but sometimes is not diagnosed until later in life. More information about NDM and MODY is provided in the NIDDK health topic, Monogenic Forms of Diabetes.

Other rare genetic mutations can cause diabetes by damaging the quality of insulin the body produces or by causing abnormalities in insulin receptors.

Other Genetic Diseases

Diabetes occurs in people with Down syndrome, Klinefelter syndrome, and Turner syndrome at higher rates than the general population. Scientists are investigating whether genes that may predispose people to genetic syndromes also predispose them to diabetes.

The genetic disorders cystic fibrosis and hemochromatosis are linked to diabetes. Cystic fibrosis produces abnormally thick mucus, which blocks the pancreas. The risk of diabetes increases with age in people with cystic fibrosis. Hemochromatosis causes the body to store too much iron. If the disorder is not treated, iron can build up in and damage the pancreas and other organs.

Damage to or Removal of the Pancreas

Pancreatitis, cancer, and trauma can all harm the pancreatic beta cells or impair insulin production, thus causing diabetes. If the damaged pancreas is removed, diabetes will occur due to the loss of the beta cells.

Endocrine Diseases

Endocrine diseases affect organs that produce hormones. Cushings syndrome and acromegaly are examples of hormonal disorders that can cause prediabetes and diabetes by inducing insulin resistance. Cushings syndrome is marked by excessive production of cortisolsometimes called the stress hormone. Acromegaly occurs when the body produces too much growth hormone. Glucagonoma, a rare tumor of the pancreas, can also cause diabetes. The tumor causes the body to produce too much glucagon. Hyperthyroidism, a disorder that occurs when the thyroid gland produces too much thyroid hormone, can also cause elevated blood glucose levels.

Autoimmune Disorders

Rare disorders characterized by antibodies that disrupt insulin action can lead to diabetes. This kind of diabetes is often associated with other autoimmune disorders such as lupus erythematosus. Another rare autoimmune disorder called stiff-man syndrome is associated with antibodies that attack the beta cells, similar to type 1 diabetes.

Medications and Chemical Toxins

Some medications, such as nicotinic acid and certain types of diuretics, anti-seizure drugs, psychiatric drugs, and drugs to treat human immunodeficiency virus (HIV), can impair beta cells or disrupt insulin action. Pentamidine, a drug prescribed to treat a type of pneumonia, can increase the risk of pancreatitis, beta cell damage, and diabetes. Also, glucocorticoidssteroid hormones that are chemically similar to naturally produced cortisolmay impair insulin action. Glucocorticoids are used to treat inflammatory illnesses such as rheumatoid arthritis, asthma, lupus, and ulcerative colitis.

Many chemical toxins can damage or destroy beta cells in animals, but only a few have been linked to diabetes in humans. For example, dioxina contaminant of the herbicide Agent Orange, used during the Vietnam Warmay be linked to the development of type 2 diabetes. In 2000, based on a report from the Institute of Medicine, the U.S. Department of Veterans Affairs (VA) added diabetes to the list of conditions for which Vietnam veterans are eligible for disability compensation. Also, a chemical in a rat poison no longer in use has been shown to cause diabetes if ingested. Some studies suggest a high intake of nitrogen-containing chemicals such as nitrates and nitrites might increase the risk of diabetes. Arsenic has also been studied for possible links to diabetes.

Lipodystrophy

Lipodystrophy is a condition in which fat tissue is lost or redistributed in the body. The condition is associated with insulin resistance and type 2 diabetes.",Causes of Diabetes
What causes Causes of Diabetes ?,"Other types of diabetes have a variety of possible causes.

Genetic Mutations Affecting Beta Cells, Insulin, and Insulin Action

Some relatively uncommon forms of diabetes known as monogenic diabetes are caused by mutations, or changes, in a single gene. These mutations are usually inherited, but sometimes the gene mutation occurs spontaneously. Most of these gene mutations cause diabetes by reducing beta cells ability to produce insulin.

The most common types of monogenic diabetes are neonatal diabetes mellitus (NDM) and MODY. NDM occurs in the first 6 months of life. MODY is usually found during adolescence or early adulthood but sometimes is not diagnosed until later in life. More information about NDM and MODY is provided in the NIDDK health topic, Monogenic Forms of Diabetes.

Other rare genetic mutations can cause diabetes by damaging the quality of insulin the body produces or by causing abnormalities in insulin receptors.

Other Genetic Diseases

Diabetes occurs in people with Down syndrome, Klinefelter syndrome, and Turner syndrome at higher rates than the general population. Scientists are investigating whether genes that may predispose people to genetic syndromes also predispose them to diabetes.

The genetic disorders cystic fibrosis and hemochromatosis are linked to diabetes. Cystic fibrosis produces abnormally thick mucus, which blocks the pancreas. The risk of diabetes increases with age in people with cystic fibrosis. Hemochromatosis causes the body to store too much iron. If the disorder is not treated, iron can build up in and damage the pancreas and other organs.

Damage to or Removal of the Pancreas

Pancreatitis, cancer, and trauma can all harm the pancreatic beta cells or impair insulin production, thus causing diabetes. If the damaged pancreas is removed, diabetes will occur due to the loss of the beta cells.

Endocrine Diseases

Endocrine diseases affect organs that produce hormones. Cushings syndrome and acromegaly are examples of hormonal disorders that can cause prediabetes and diabetes by inducing insulin resistance. Cushings syndrome is marked by excessive production of cortisolsometimes called the stress hormone. Acromegaly occurs when the body produces too much growth hormone. Glucagonoma, a rare tumor of the pancreas, can also cause diabetes. The tumor causes the body to produce too much glucagon. Hyperthyroidism, a disorder that occurs when the thyroid gland produces too much thyroid hormone, can also cause elevated blood glucose levels.

Autoimmune Disorders

Rare disorders characterized by antibodies that disrupt insulin action can lead to diabetes. This kind of diabetes is often associated with other autoimmune disorders such as lupus erythematosus. Another rare autoimmune disorder called stiff-man syndrome is associated with antibodies that attack the beta cells, similar to type 1 diabetes.

Medications and Chemical Toxins

Some medications, such as nicotinic acid and certain types of diuretics, anti-seizure drugs, psychiatric drugs, and drugs to treat human immunodeficiency virus (HIV), can impair beta cells or disrupt insulin action. Pentamidine, a drug prescribed to treat a type of pneumonia, can increase the risk of pancreatitis, beta cell damage, and diabetes. Also, glucocorticoidssteroid hormones that are chemically similar to naturally produced cortisolmay impair insulin action. Glucocorticoids are used to treat inflammatory illnesses such as rheumatoid arthritis, asthma, lupus, and ulcerative colitis.

Many chemical toxins can damage or destroy beta cells in animals, but only a few have been linked to diabetes in humans. For example, dioxina contaminant of the herbicide Agent Orange, used during the Vietnam Warmay be linked to the development of type 2 diabetes. In 2000, based on a report from the Institute of Medicine, the U.S. Department of Veterans Affairs (VA) added diabetes to the list of conditions for which Vietnam veterans are eligible for disability compensation. Also, a chemical in a rat poison no longer in use has been shown to cause diabetes if ingested. Some studies suggest a high intake of nitrogen-containing chemicals such as nitrates and nitrites might increase the risk of diabetes. Arsenic has also been studied for possible links to diabetes.

Lipodystrophy

Lipodystrophy is a condition in which fat tissue is lost or redistributed in the body. The condition is associated with insulin resistance and type 2 diabetes.",Causes of Diabetes
What to do for Causes of Diabetes ?,"- Diabetes is a complex group of diseases with a variety of causes. Scientists believe genes and environmental factors interact to cause diabetes in most cases. - People with diabetes have high blood glucose, also called high blood sugar or hyperglycemia. Diabetes develops when the body doesnt make enough insulin or is not able to use insulin effectively, or both. - Insulin is a hormone made by beta cells in the pancreas. Insulin helps cells throughout the body absorb and use glucose for energy. If the body does not produce enough insulin or cannot use insulin effectively, glucose builds up in the blood instead of being absorbed by cells in the body, and the body is starved of energy. - Prediabetes is a condition in which blood glucose levels or A1C levels are higher than normal but not high enough to be diagnosed as diabetes. People with prediabetes can substantially reduce their risk of developing diabetes by losing weight and increasing physical activity. - The two main types of diabetes are type 1 diabetes and type 2 diabetes. Gestational diabetes is a third form of diabetes that develops only during pregnancy. - Type 1 diabetes is caused by a lack of insulin due to the destruction of insulin-producing beta cells. In type 1 diabetesan autoimmune diseasethe bodys immune system attacks and destroys the beta cells. - Type 2 diabetesthe most common form of diabetesis caused by a combination of factors, including insulin resistance, a condition in which the bodys muscle, fat, and liver cells do not use insulin effectively. Type 2 diabetes develops when the body can no longer produce enough insulin to compensate for the impaired ability to use insulin. - Scientists believe gestational diabetes is caused by the hormonal changes and metabolic demands of pregnancy together with genetic and environmental factors. Risk factors for gestational diabetes include being overweight and having a family history of diabetes. - Monogenic forms of diabetes are relatively uncommon and are caused by mutations in single genes that limit insulin production, quality, or action in the body. - Other types of diabetes are caused by diseases and injuries that damage the pancreas; certain chemical toxins and medications; infections; and other conditions.",Causes of Diabetes
What is (are) Your Guide to Diabetes: Type 1 and Type 2 ?,"Diabetes is when your blood glucose, also called blood sugar, is too high. Blood glucose is the main type of sugar found in your blood and your main source of energy. Glucose comes from the food you eat and is also made in your liver and muscles. Your blood carries glucose to all of your bodys cells to use for energy.

Your pancreasan organ, located between your stomach and spine, that helps with digestionreleases a hormone it makes, called insulin, into your blood. Insulin helps your blood carry glucose to all your bodys cells. Sometimes your body doesnt make enough insulin or the insulin doesnt work the way it should. Glucose then stays in your blood and doesnt reach your cells. Your blood glucose levels get too high and can cause diabetes or prediabetes.

Over time, having too much glucose in your blood can cause health problems.

*See the Pronunciation Guide for tips on how to say the the words in bold type.",Your Guide to Diabetes: Type 1 and Type 2
What is (are) Your Guide to Diabetes: Type 1 and Type 2 ?,"Prediabetes is when the amount of glucose in your blood is above normal yet not high enough to be called diabetes. With prediabetes, your chances of getting type 2 diabetes, heart disease, and stroke are higher. With some weight loss and moderate physical activity, you can delay or prevent type 2 diabetes. You can even return to normal glucose levels, possibly without taking any medicines.",Your Guide to Diabetes: Type 1 and Type 2
What are the symptoms of Your Guide to Diabetes: Type 1 and Type 2 ?,"The signs and symptoms of diabetes are

- being very thirsty - urinating often - feeling very hungry - feeling very tired - losing weight without trying - sores that heal slowly - dry, itchy skin - feelings of pins and needles in your feet - losing feeling in your feet - blurry eyesight

Some people with diabetes dont have any of these signs or symptoms. The only way to know if you have diabetes is to have your doctor do a blood test.",Your Guide to Diabetes: Type 1 and Type 2
What is (are) Diabetic Kidney Disease ?,"Diabetic kidney disease, also called diabetic nephropathy, is kidney disease caused by diabetes. Even when well controlled, diabetes can lead to chronic kidney disease (CKD) and kidney failure, described as end-stage kidney disease or ESRD when treated with a kidney transplant or blood-filtering treatments called dialysis.

Diabetes affects 25.8 million people of all ages in the United States.1 As many as 40 percent of people who have diabetes are expected to develop CKD.2 Diabetes, the most common cause of kidney failure in the United States, accounts for nearly 44 percent of new cases of kidney failure, as illustrated in Figure 1.3",Diabetic Kidney Disease
What is (are) Diabetic Kidney Disease ?,"The kidneys are two bean-shaped organs, each about the size of a fist. They are located just below the rib cage, one on each side of the spine. Every day, the two kidneys filter about 120 to 150 quarts of blood to produce about 1 to 2 quarts of urine, composed of wastes and extra fluid. The urine flows from the kidneys to the bladder through tubes called ureters. The bladder stores urine.

When the bladder empties, urine flows out of the body through a tube called the urethra, located at the bottom of the bladder. In men the urethra is long, while in women it is short.

Kidneys work at the microscopic level. The kidney is not one large filter. Each kidney is made up of about a million filtering units called nephrons. Each nephron filters a small amount of blood. The nephron includes a filter, called the glomerulus, and a tubule. The nephrons work through a two-step process. The glomerulus lets fluid and waste products pass through it; however, it prevents blood cells and large molecules, mostly proteins, from passing. The filtered fluid then passes through the tubule, which sends needed minerals back to the bloodstream and removes wastes. The final product becomes urine.",Diabetic Kidney Disease
What is (are) Diabetic Kidney Disease ?,"Diabetes is a complex group of diseases with a variety of causes. People with diabetes have high blood glucose, also called high blood sugar or hyperglycemia.

Diabetes is a disorder of metabolism the way the body uses digested food for energy. The digestive tract breaks down carbohydratessugars and starches found in many foodsinto glucose, a form of sugar that enters the bloodstream. With the help of the hormone insulin, cells throughout the body absorb glucose and use it for energy.

Insulin is made in the pancreas, an organ located behind the stomach and below the liver. As blood glucose levels rise after a meal, the pancreas is triggered to release insulin. The pancreas contains clusters of cells called pancreatic islets. Beta cells within the pancreatic islets make insulin and release it into the blood.

Diabetes develops when the body doesnt make enough insulin, is not able to use insulin effectively, or both. As a result, glucose builds up in the blood instead of being absorbed by cells in the body. The bodys cells are then starved of energy despite high blood glucose levels.",Diabetic Kidney Disease
What are the symptoms of Diabetic Kidney Disease ?,"People with diabetic kidney disease do not have symptoms in the early stages. As kidney disease progresses, a person can develop edema, or swelling. Edema happens when the kidneys cannot get rid of the extra fluid and salt in the body. Edema can occur in the legs, feet, or ankles and less often in the hands or face. Once kidney function decreases further, symptoms may include

- appetite loss - nausea - vomiting - drowsiness, or feeling tired - trouble concentrating - sleep problems - increased or decreased urination - generalized itching or numbness - dry skin - headaches - weight loss - darkened skin - muscle cramps - shortness of breath - chest pain",Diabetic Kidney Disease
How to diagnose Diabetic Kidney Disease ?,"A health care provider diagnoses diabetic kidney disease based on

- a medical and family history - a physical exam - urine tests - a blood test

Medical and Family History

Taking a medical and family history is one of the first things a health care provider may do to help diagnose diabetic kidney disease. He or she will ask about the symptoms and the patients diabetes history.

Physical Exam

After taking a medical and family history, a health care provider will perform a physical exam. During a physical exam, a health care provider usually

- examines the patients body to check for changes in skin color - taps on specific areas of the patients body, checking for swelling of the feet, ankles, or lower legs

Urine Tests

Dipstick test for albumin. A dipstick test performed on a urine sample can detect the presence of albumin in the urine. A patient collects the urine sample in a special container in a health care providers office or a commercial facility. The office or facility tests the sample onsite or sends it to a lab for analysis. For the test, a nurse or technician places a strip of chemically treated paper, called a dipstick, into the urine. Patches on the dipstick change color when blood or protein is present in urine.

Urine albumin-to-creatinine ratio. A health care provider uses this measurement to estimate the amount of albumin passed into the urine over a 24-hour period. The patient collects a urine sample during an appointment with the health care provider. Creatinine is a waste product that is filtered in the kidneys and passed into the urine. A high urine albumin-to-creatinine ratio indicates that the kidneys are leaking large amounts of albumin into the urine. A urine albumin-to-creatinine ratio above 30 mg/g may be a sign of kidney disease.

Blood Test

A blood test involves having blood drawn at a health care providers office or a commercial facility and sending the sample to a lab for analysis. A health care provider may order a blood test to estimate how much blood the kidneys filter each minute, called the estimated glomerular filtration rate (eGFR). The results of the test indicate the following:

- eGFR of 60 or above is in the normal range - eGFR below 60 may indicate kidney damage - eGFR of 15 or below may indicate kidney failure",Diabetic Kidney Disease
How to diagnose Diabetic Kidney Disease ?,"People with diabetes should get regular screenings for kidney disease. The National Kidney Disease Education Program recommends the following:

- urine albumin-to-creatinine ratio measured at least once a year in all people with type 2 diabetes and people who have had type 1 diabetes for 5 years or more - eGFR calculated at least once a year in all people with type 1 or type 2 diabetes",Diabetic Kidney Disease
How to prevent Diabetic Kidney Disease ?,"People can prevent or slow the progression of diabetic kidney disease by

- taking medications to control high blood pressure - managing blood glucose levels - making changes in their eating, diet, and nutrition - losing weight if they are overweight or obese - getting regular physical activity

People with diabetes should see a health care provider who will help them learn to manage their diabetes and monitor their diabetes control. Most people with diabetes get care from primary care providers, including internists, family practice doctors, or pediatricians. However, having a team of health care providers can often improve diabetes care. In addition to a primary care provider, the team can include

- an endocrinologista doctor with special training in diabetes - a nephrologista doctor who specializes in treating people who have kidney problems or related conditions - diabetes educators such as a nurse or dietitian - a podiatrista doctor who specializes in foot care - an ophthalmologist or optometrist for eye care - a pharmacist - a dentist - a mental health counselor for emotional support and access to community resources

The team can also include other health care providers and specialists.

Blood Pressure Medications

Medications that lower blood pressure can also significantly slow the progression of kidney disease. Two types of blood pressure-lowering medications, angiotensinconverting enzyme (ACE) inhibitors and angiotensin receptor blockers (ARBs), have been shown to slow the progression of kidney disease. Many people require two or more medications to control their blood pressure. In addition to an ACE inhibitor or an ARB, a health care provider may prescribe a diuretica medication that helps the kidneys remove fluid from the blood. A person may also need beta-blockers, calcium channel blockers, and other blood pressure medications.

People should talk with their health care provider about their individual blood pressure goals and how often they should have their blood pressure checked.

Managing Blood Glucose Levels

People manage blood glucose levels by

- testing blood glucose throughout the day - following a diet and physical activity plan - taking insulin throughout the day based on food and liquid intake and physical activity

People with diabetes need to talk with their health care team regularly and follow their directions closely. The goal is to keep blood glucose levels within the normal range or within a range set by the persons health care team. More information about diabetes is provided in the NIDDK health topics:

- National Diabetes Statistics Report, 2014 - Diagnosis of Diabetes and Prediabetes

Eating, Diet, and Nutrition

Following a healthy eating plan can help lower blood pressure and control blood sugar. A health care provider may recommend the Dietary Approaches to Stop Hypertension (DASH) eating plan. DASH focuses on fruits, vegetables, whole grains, and other foods that are heart healthy and lower in sodium, which often comes from salt. The DASH eating plan

- is low in fat and cholesterol - features fat-free or low-fat milk and dairy products, fish, poultry, and nuts - suggests less red meat, and fewer sweets, added sugars, and sugarcontaining beverages - is rich in nutrients, protein, and fiber

Read more about DASH at www.nhlbi.nih.gov/health/health-topics/topics/dash.

People with diabetic kidney disease may need to limit sodium and salt intake to help reduce edema and lower blood pressure. A dietitian may also recommend a diet low in saturated fat and cholesterol to help control high levels of lipids, or fats, in the blood.

Health care providers may recommend that people with CKD eat moderate or reduced amounts of protein, though the benefits of reducing protein in a persons diet are still being researched. Proteins break down into waste products the kidneys must filter from the blood. Eating more protein than the body needs may burden the kidneys and cause kidney function to decline faster. However, protein intake that is too low may lead to malnutrition, a condition that occurs when the body does not get enough nutrients. More information about diabetes and diet is provided in the NIDDK health topics:

- What I need to know about Eating and Diabetes and What I need to know about Carbohydrate Counting and Diabetes - Make the Kidney Connection: Food Tips and Healthy Eating Ideas and Eating Right for Kidney Health: Tips for People with Chronic Kidney Disease.

Weight Loss and Physical Activity

Health care providers recommend that people who are overweight or obese lose weight to improve their bodies ability to use insulin properly and lower their risk for health problems related to high blood pressure. Overweight is defined as a body mass index (BMI)a measurement of weight in relation to heightof 25 to 29. A BMI of 30 or higher is considered obese. People should aim to keep their BMI lower than 25.4

Experts recommend physical activity as an important part of losing weight, keeping sensitivity to insulin, and treating high blood pressure. Most people should try to get at least 30 to 60 minutes of activity most or all days of the week. A person can do all physical activity at once or break up activities into shorter periods of at least 10 minutes each. Moderate activities include brisk walking, dancing, bowling, riding a bike, working in a garden, and cleaning the house. More information is provided in the NIDDK health topic, What I need to know about Physical Activity and Diabetes.",Diabetic Kidney Disease
What are the treatments for Diabetic Kidney Disease ?,"A health care provider may treat kidney failure due to diabetic kidney disease with dialysis or a kidney transplant. In some cases, people with diabetic kidney disease receive kidney and pancreas transplants.

In most cases, people with diabetic kidney disease start dialysis earlier than people with kidney failure who do not have diabetes. People with diabetic end-stage kidney disease who receive a kidney transplant have a much better survival rate than those people on dialysis, although survival rates for those on dialysis have increasingly improved over time. However, people who receive a kidney transplant and do not have diabetes have a higher survival rate than people with diabetic kidney disease who receive a transplant.5

More information about treatment options for kidney failure is provided in the NIDDK health topics:

- Treatment Methods for Kidney Failure: Hemodialysis - Treatment Methods for Kidney Failure: Peritoneal Dialysis - Treatment Methods for Kidney Failure: Transplantation",Diabetic Kidney Disease
What are the treatments for Diabetic Kidney Disease ?,"People with diabetes should work with their health care team to prevent or manage CKD through the following steps:

- measure A1C levelsa blood test that provides information about a persons average blood glucose levels for the previous 3 months at least twice a year and keep A1C levels below 7 percent - learn about insulin injections, diabetes medications, meal planning, physical activity, and blood glucose monitoring - find out whether protein, salt, or liquid should be limited in the diet - see a registered dietitian to help with meal planning - check blood pressure every visit with a health care provider or at least two to four times a year - learn about possible benefits from taking an ACE inhibitor or an ARB if a person has high blood pressure - measure eGFR at least once a year to check kidney function - get the amount of protein in the urine tested at least once a year to check for kidney damage",Diabetic Kidney Disease
What to do for Diabetic Kidney Disease ?,"- Diabetic kidney disease, also called diabetic nephropathy, is kidney disease caused by diabetes. - People with diabetes have high blood glucose, also called high blood sugar or hyperglycemia. - At the onset of diabetes, blood flow into the kidneys increases, which may strain the glomeruli and lessen their ability to filter blood. - Higher levels of blood glucose lead to the buildup of extra material in the glomeruli, which increases the force of the blood moving through the kidneys and creates stress in the glomeruli. - Many people with diabetes can develop high blood pressure, another factor in the development of kidney disease. High blood pressure, also called hypertension, is an increase in the amount of force that blood places on blood vessels as it moves through the entire body. - Diabetic kidney disease takes many years to develop. - People with diabetic kidney disease do not have any symptoms in the early stages. As kidney disease progresses, a person can develop edema, or swelling. Edema happens when the kidneys cannot get rid of the extra fluid and salt in the body. Edema can occur in the legs, feet, or ankles and less often in the hands or face. - Once kidney function decreases further, symptoms may include - appetite loss - nausea - vomiting - drowsiness, or feeling tired - trouble concentrating - sleep problems - increased or decreased urination - generalized itching or numbness - dry skin - headaches - weight loss - darkened skin - muscle cramps - shortness of breath - chest pain - People can prevent or slow the progression of diabetic kidney disease by - taking medication to control high blood pressure - managing blood glucose levels - making changes in their eating, diet, and nutrition - losing weight if they are overweight or obese - getting regular physical activity",Diabetic Kidney Disease
How to diagnose Your Diabetes Care Records ?,"Test Instructions Results or Dates A1C test - Have this blood test at least twice a year. Your result will tell you what your average blood glucose level was for the past 2 to 3 months. Date: __________ A1C: __________ Next test: __________ Blood lipid (fats) lab tests - Get a blood test to check your - total cholesterolaim for below 200 - LDL, or bad, cholesterolaim for below 100 - HDL, or good, cholesterolmen: aim for above 40; women: aim for above 50 - triglyceridesaim for below 150 Date: __________ Total cholesterol: __________ LDL: __________ HDL: __________ Triglycerides: __________ Next test: __________ Kidney function tests - Once a year, get a urine test to check for protein. - At least once a year, get a blood test to check for creatinine. Date: __________ Urine protein: __________ Creatinine: __________ Next test: __________ Dilated eye exam - See an eye doctor once a year for a complete eye exam that includes using drops in your eyes to dilate your pupils. - If you are pregnant, have a complete eye exam in your first 3 months of pregnancy. Have another complete eye exam 1 year after your baby is born. Date: __________ Result: __________ Next test: __________ Dental exam - See your dentist twice a year for a cleaning and checkup. Date: __________ Result: __________ Next test: __________ Pneumonia vaccine (recommended by the Centers for Disease Control and Prevention [CDC]) - Get the vaccine if you are younger than 64. - If youre older than 64 and your shot was more than 5 years ago, get another vaccine. Date received: __________ Flu vaccine (recommended by the CDC) - Get a flu shot each year. Date received: __________ Hepatitis B vaccine (recommended by the CDC) - Get this vaccine if you are age 19 to 59 and have not had this vaccine. - Consider getting this vaccine if you are 60 or older and have not had this vaccine. Date of 1st dose: __________ Date of 2nd dose: __________ Date of 3rd dose: __________

PDF Version (PDF, 40 KB)",Your Diabetes Care Records
What is (are) Diabetic Neuropathies: The Nerve Damage of Diabetes ?,"Diabetic neuropathies are a family of nerve disorders caused by diabetes. People with diabetes can, over time, develop nerve damage throughout the body. Some people with nerve damage have no symptoms. Others may have symptoms such as pain, tingling, or numbnessloss of feelingin the hands, arms, feet, and legs. Nerve problems can occur in every organ system, including the digestive tract, heart, and sex organs.

About 60 to 70 percent of people with diabetes have some form of neuropathy. People with diabetes can develop nerve problems at any time, but risk rises with age and longer duration of diabetes. The highest rates of neuropathy are among people who have had diabetes for at least 25 years. Diabetic neuropathies also appear to be more common in people who have problems controlling their blood glucose, also called blood sugar, as well as those with high levels of blood fat and blood pressure and those who are overweight.",Diabetic Neuropathies: The Nerve Damage of Diabetes
What causes Diabetic Neuropathies: The Nerve Damage of Diabetes ?,"The causes are probably different for different types of diabetic neuropathy. Researchers are studying how prolonged exposure to high blood glucose causes nerve damage. Nerve damage is likely due to a combination of factors:

- metabolic factors, such as high blood glucose, long duration of diabetes, abnormal blood fat levels, and possibly low levels of insulin - neurovascular factors, leading to damage to the blood vessels that carry oxygen and nutrients to nerves - autoimmune factors that cause inflammation in nerves - mechanical injury to nerves, such as carpal tunnel syndrome - inherited traits that increase susceptibility to nerve disease - lifestyle factors, such as smoking or alcohol use",Diabetic Neuropathies: The Nerve Damage of Diabetes
What are the symptoms of Diabetic Neuropathies: The Nerve Damage of Diabetes ?,"Symptoms depend on the type of neuropathy and which nerves are affected. Some people with nerve damage have no symptoms at all. For others, the first symptom is often numbness, tingling, or pain in the feet. Symptoms are often minor at first, and because most nerve damage occurs over several years, mild cases may go unnoticed for a long time. Symptoms can involve the sensory, motor, and autonomicor involuntarynervous systems. In some people, mainly those with focal neuropathy, the onset of pain may be sudden and severe.

Symptoms of nerve damage may include

- numbness, tingling, or pain in the toes, feet, legs, hands, arms, and fingers - wasting of the muscles of the feet or hands - indigestion, nausea, or vomiting - diarrhea or constipation - dizziness or faintness due to a drop in blood pressure after standing or sitting up - problems with urination - erectile dysfunction in men or vaginal dryness in women - weakness

Symptoms that are not due to neuropathy, but often accompany it, include weight loss and depression.",Diabetic Neuropathies: The Nerve Damage of Diabetes
What is (are) Diabetic Neuropathies: The Nerve Damage of Diabetes ?,"Diabetic neuropathy can be classified as peripheral, autonomic, proximal, or focal. Each affects different parts of the body in various ways.

- Peripheral neuropathy, the most common type of diabetic neuropathy, causes pain or loss of feeling in the toes, feet, legs, hands, and arms. - Autonomic neuropathy causes changes in digestion, bowel and bladder function, sexual response, and perspiration. It can also affect the nerves that serve the heart and control blood pressure, as well as nerves in the lungs and eyes. Autonomic neuropathy can also cause hypoglycemia unawareness, a condition in which people no longer experience the warning symptoms of low blood glucose levels. - Proximal neuropathy causes pain in the thighs, hips, or buttocks and leads to weakness in the legs. - Focal neuropathy results in the sudden weakness of one nerve or a group of nerves, causing muscle weakness or pain. Any nerve in the body can be affected.



Neuropathy Affects Nerves Throughout the Body Peripheral neuropathy affects - toes - feet - legs - hands - arms Autonomic neuropathy affects - heart and blood vessels - digestive system - urinary tract - sex organs - sweat glands - eyes - lungs Proximal neuropathy affects - thighs - hips - buttocks - legs Focal neuropathy affects - eyes - facial muscles - ears - pelvis and lower back - chest - abdomen - thighs - legs - feet",Diabetic Neuropathies: The Nerve Damage of Diabetes
What is (are) Diabetic Neuropathies: The Nerve Damage of Diabetes ?,"Peripheral neuropathy, also called distal symmetric neuropathy or sensorimotor neuropathy, is nerve damage in the arms and legs. Feet and legs are likely to be affected before hands and arms. Many people with diabetes have signs of neuropathy that a doctor could note but feel no symptoms themselves. Symptoms of peripheral neuropathy may include

- numbness or insensitivity to pain or temperature - a tingling, burning, or prickling sensation - sharp pains or cramps - extreme sensitivity to touch, even light touch - loss of balance and coordination

These symptoms are often worse at night.

Peripheral neuropathy may also cause muscle weakness and loss of reflexes, especially at the ankle, leading to changes in the way a person walks. Foot deformities, such as hammertoes and the collapse of the midfoot, may occur. Blisters and sores may appear on numb areas of the foot because pressure or injury goes unnoticed. If an infection occurs and is not treated promptly, the infection may spread to the bone, and the foot may then have to be amputated. Many amputations are preventable if minor problems are caught and treated in time.",Diabetic Neuropathies: The Nerve Damage of Diabetes
What is (are) Diabetic Neuropathies: The Nerve Damage of Diabetes ?,"Autonomic neuropathy affects the nerves that control the heart, regulate blood pressure, and control blood glucose levels. Autonomic neuropathy also affects other internal organs, causing problems with digestion, respiratory function, urination, sexual response, and vision. In addition, the system that restores blood glucose levels to normal after a hypoglycemic episode may be affected, resulting in loss of the warning symptoms of hypoglycemia.

Hypoglycemia Unawareness

Normally, symptoms such as shakiness, sweating, and palpitations occur when blood glucose levels drop below 70 mg/dL. In people with autonomic neuropathy, symptoms may not occur, making hypoglycemia difficult to recognize. Problems other than neuropathy can also cause hypoglycemia unawareness.

Heart and Blood Vessels

The heart and blood vessels are part of the cardiovascular system, which controls blood circulation. Damage to nerves in the cardiovascular system interferes with the body's ability to adjust blood pressure and heart rate. As a result, blood pressure may drop sharply after sitting or standing, causing a person to feel light-headed or even to faint. Damage to the nerves that control heart rate can mean that the heart rate stays high, instead of rising and falling in response to normal body functions and physical activity.

Digestive System

Nerve damage to the digestive system most commonly causes constipation. Damage can also cause the stomach to empty too slowly, a condition called gastroparesis. Severe gastroparesis can lead to persistent nausea and vomiting, bloating, and loss of appetite. Gastroparesis can also make blood glucose levels fluctuate widely, due to abnormal food digestion.

Nerve damage to the esophagus may make swallowing difficult, while nerve damage to the bowels can cause constipation alternating with frequent, uncontrolled diarrhea, especially at night. Problems with the digestive system can lead to weight loss.

Urinary Tract and Sex Organs

Autonomic neuropathy often affects the organs that control urination and sexual function. Nerve damage can prevent the bladder from emptying completely, allowing bacteria to grow in the bladder and kidneys and causing urinary tract infections. When the nerves of the bladder are damaged, urinary incontinence may result because a person may not be able to sense when the bladder is full or control the muscles that release urine.

Autonomic neuropathy can also gradually decrease sexual response in men and women, although the sex drive may be unchanged. A man may be unable to have erections or may reach sexual climax without ejaculating normally. A woman may have difficulty with arousal, lubrication, or orgasm.

Sweat Glands

Autonomic neuropathy can affect the nerves that control sweating. When nerve damage prevents the sweat glands from working properly, the body cannot regulate its temperature as it should. Nerve damage can also cause profuse sweating at night or while eating.

Eyes

Finally, autonomic neuropathy can affect the pupils of the eyes, making them less responsive to changes in light. As a result, a person may not be able to see well when a light is turned on in a dark room or may have trouble driving at night.",Diabetic Neuropathies: The Nerve Damage of Diabetes
What is (are) Diabetic Neuropathies: The Nerve Damage of Diabetes ?,"Proximal neuropathy, sometimes called lumbosacral plexus neuropathy, femoral neuropathy, or diabetic amyotrophy, starts with pain in the thighs, hips, buttocks, or legs, usually on one side of the body. This type of neuropathy is more common in those with type 2 diabetes and in older adults with diabetes. Proximal neuropathy causes weakness in the legs and the inability to go from a sitting to a standing position without help. Treatment for weakness or pain is usually needed. The length of the recovery period varies, depending on the type of nerve damage.",Diabetic Neuropathies: The Nerve Damage of Diabetes
What is (are) Diabetic Neuropathies: The Nerve Damage of Diabetes ?,"Focal neuropathy appears suddenly and affects specific nerves, most often in the head, torso, or leg. Focal neuropathy may cause

- inability to focus the eye - double vision - aching behind one eye - paralysis on one side of the face, called Bell's palsy - severe pain in the lower back or pelvis - pain in the front of a thigh - pain in the chest, stomach, or side - pain on the outside of the shin or inside of the foot - chest or abdominal pain that is sometimes mistaken for heart disease, a heart attack, or appendicitis

Focal neuropathy is painful and unpredictable and occurs most often in older adults with diabetes. However, it tends to improve by itself over weeks or months and does not cause long-term damage.

People with diabetes also tend to develop nerve compressions, also called entrapment syndromes. One of the most common is carpal tunnel syndrome, which causes numbness and tingling of the hand and sometimes muscle weakness or pain. Other nerves susceptible to entrapment may cause pain on the outside of the shin or the inside of the foot.",Diabetic Neuropathies: The Nerve Damage of Diabetes
How to prevent Diabetic Neuropathies: The Nerve Damage of Diabetes ?,The best way to prevent neuropathy is to keep blood glucose levels as close to the normal range as possible. Maintaining safe blood glucose levels protects nerves throughout the body.,Diabetic Neuropathies: The Nerve Damage of Diabetes
How to diagnose Diabetic Neuropathies: The Nerve Damage of Diabetes ?,"Doctors diagnose neuropathy on the basis of symptoms and a physical exam. During the exam, the doctor may check blood pressure, heart rate, muscle strength, reflexes, and sensitivity to position changes, vibration, temperature, or light touch.

Foot Exams

Experts recommend that people with diabetes have a comprehensive foot exam each year to check for peripheral neuropathy. People diagnosed with peripheral neuropathy need more frequent foot exams. A comprehensive foot exam assesses the skin, muscles, bones, circulation, and sensation of the feet. The doctor may assess protective sensation or feeling in the feet by touching them with a nylon monofilamentsimilar to a bristle on a hairbrushattached to a wand or by pricking them with a pin. People who cannot sense pressure from a pinprick or monofilament have lost protective sensation and are at risk for developing foot sores that may not heal properly. The doctor may also check temperature perception or use a tuning fork, which is more sensitive than touch pressure, to assess vibration perception.

Other Tests

The doctor may perform other tests as part of the diagnosis.

- Nerve conduction studies or electromyography are sometimes used to help determine the type and extent of nerve damage. Nerve conduction studies check the transmission of electrical current through a nerve. Electromyography shows how well muscles respond to electrical signals transmitted by nearby nerves. These tests are rarely needed to diagnose neuropathy. - A check of heart rate variability shows how the heart responds to deep breathing and to changes in blood pressure and posture. - Ultrasound uses sound waves to produce an image of internal organs. An ultrasound of the bladder and other parts of the urinary tract, for example, can be used to assess the structure of these organs and show whether the bladder empties completely after urination.",Diabetic Neuropathies: The Nerve Damage of Diabetes
What are the treatments for Diabetic Neuropathies: The Nerve Damage of Diabetes ?,"The first treatment step is to bring blood glucose levels within the normal range to help prevent further nerve damage. Blood glucose monitoring, meal planning, physical activity, and diabetes medicines or insulin will help control blood glucose levels. Symptoms may get worse when blood glucose is first brought under control, but over time, maintaining lower blood glucose levels helps lessen symptoms. Good blood glucose control may also help prevent or delay the onset of further problems. As scientists learn more about the underlying causes of neuropathy, new treatments may become available to help slow, prevent, or even reverse nerve damage.

As described in the following sections, additional treatment depends on the type of nerve problem and symptom.

Pain Relief

Doctors usually treat painful diabetic neuropathy with oral medications, although other types of treatments may help some people. People with severe nerve pain may benefit from a combination of medications or treatments and should consider talking with a health care provider about treatment options.

Medications used to help relieve diabetic nerve pain include

- tricyclic antidepressants, such as amitriptyline, imipramine, and desipramine (Norpramin, Pertofrane) - other types of antidepressants, such as duloxetine (Cymbalta), venlafaxine, bupropion (Wellbutrin), paroxetine (Paxil), and citalopram (Celexa) - anticonvulsants, such as pregabalin (Lyrica), gabapentin (Gabarone, Neurontin), carbamazepine, and lamotrigine (Lamictal) - opioids and opioidlike drugs, such as controlled-release oxycodone, an opioid; and tramadol (Ultram), an opioid that also acts as an antidepressant

Duloxetine and pregabalin are approved by the U.S. Food and Drug Administration specifically for treating painful diabetic peripheral neuropathy.

People do not have to be depressed for an antidepressant to help relieve their nerve pain. All medications have side effects, and some are not recommended for use in older adults or those with heart disease. Because over-the-counter pain medicines such as acetaminophen and ibuprofen may not work well for treating most nerve pain and can have serious side effects, some experts recommend avoiding these medications.

Treatments that are applied to the skintypically to the feetinclude capsaicin cream and lidocaine patches (Lidoderm, Lidopain). Studies suggest that nitrate sprays or patches for the feet may relieve pain. Studies of alpha-lipoic acid, an antioxidant, and evening primrose oil suggest they may help relieve symptoms and improve nerve function in some patients.

A device called a bed cradle can keep sheets and blankets from touching sensitive feet and legs. Acupuncture, biofeedback, or physical therapy may help relieve pain in some people. Treatments that involve electrical nerve stimulation, magnetic therapy, and laser or light therapy may be helpful but need further study. Researchers are also studying several new therapies in clinical trials.

Gastrointestinal Problems

To relieve mild symptoms of gastroparesisindigestion, belching, nausea, or vomitingdoctors suggest eating small, frequent meals; avoiding fats; and eating less fiber. When symptoms are severe, doctors may prescribe erythromycin to speed digestion, metoclopramide to speed digestion and help relieve nausea, or other medications to help regulate digestion or reduce stomach acid secretion.

To relieve diarrhea or other bowel problems, doctors may prescribe an antibiotic such as tetracycline, or other medications as appropriate.

Dizziness and Weakness

Sitting or standing slowly may help prevent the light-headedness, dizziness, or fainting associated with blood pressure and circulation problems. Raising the head of the bed or wearing elastic stockings may also help. Some people benefit from increased salt in the diet and treatment with salt-retaining hormones. Others benefit from high blood pressure medications. Physical therapy can help when muscle weakness or loss of coordination is a problem.

Urinary and Sexual Problems

To clear up a urinary tract infection, the doctor will probably prescribe an antibiotic. Drinking plenty of fluids will help prevent another infection. People who have incontinence should try to urinate at regular intervalsevery 3 hours, for examplebecause they may not be able to tell when the bladder is full.

To treat erectile dysfunction in men, the doctor will first do tests to rule out a hormonal cause. Several methods are available to treat erectile dysfunction caused by neuropathy. Medicines are available to help men have and maintain erections by increasing blood flow to the penis. Some are oral medications and others are injected into the penis or inserted into the urethra at the tip of the penis. Mechanical vacuum devices can also increase blood flow to the penis. Another option is to surgically implant an inflatable or semirigid device in the penis.

Vaginal lubricants may be useful for women when neuropathy causes vaginal dryness. To treat problems with arousal and orgasm, the doctor may refer women to a gynecologist.

Foot Care

People with neuropathy need to take special care of their feet. The nerves to the feet are the longest in the body and are the ones most often affected by neuropathy. Loss of sensation in the feet means that sores or injuries may not be noticed and may become ulcerated or infected. Circulation problems also increase the risk of foot ulcers. Smoking increases the risk of foot problems and amputation. A health care provider may be able to provide help with quitting smoking.

More than 60 percent of all nontraumatic lower-limb amputations in the United States occur in people with diabetes. Nontraumatic amputations are those not caused by trauma such as severe injuries from an accident. In 2004, about 71,000 nontraumatic amputations were performed in people with diabetes. Comprehensive foot care programs can reduce amputation rates by 45 to 85 percent.

Careful foot care involves

- cleaning the feet daily using warmnot hotwater and a mild soap. Soaking the feet should be avoided. A soft towel can be used to dry the feet and between the toes. - inspecting the feet and toes every day for cuts, blisters, redness, swelling, calluses, or other problems. Using a mirrorhandheld or placed on the floormay be helpful in checking the bottoms of the feet, or another person can help check the feet. A health care provider should be notified of any problems. - using lotion to moisturize the feet. Getting lotion between the toes should be avoided. - filing corns and calluses gently with a pumice stone after a bath or shower. - cutting toenails to the shape of the toes and filing the edges with an emery board each week or when needed. - always wearing shoes or slippers to protect feet from injuries. Wearing thick, soft, seamless socks can prevent skin irritation. - wearing shoes that fit well and allow the toes to move. New shoes can be broken in gradually by first wearing them for only an hour at a time. - looking shoes over carefully before putting them on and feeling the insides to make sure the shoes are free of tears, sharp edges, or objects that might injure the feet.

People who need help taking care of their feet should consider making an appointment to see a foot doctor, also called a podiatrist.",Diabetic Neuropathies: The Nerve Damage of Diabetes
What to do for Diabetic Neuropathies: The Nerve Damage of Diabetes ?,"- Diabetic neuropathies are nerve disorders caused by many of the abnormalities common to diabetes, such as high blood glucose. - Neuropathy can affect nerves throughout the body, causing numbness and sometimes pain in the hands, arms, feet, or legs, and problems with the digestive tract, heart, sex organs, and other body systems. - Treatment first involves bringing blood glucose levels within the normal range. Good blood glucose control may help prevent or delay the onset of further problems. - Foot care is an important part of treatment. People with neuropathy need to inspect their feet daily for any injuries. Untreated injuries increase the risk of infected foot sores and amputation. - Treatment also includes pain relief and other medications as needed, depending on the type of nerve damage. - Smoking increases the risk of foot problems and amputation. A health care provider may be able to provide help with quitting.",Diabetic Neuropathies: The Nerve Damage of Diabetes
